2025-11-28 11:34:55,967 - __main__ - INFO - ================================================================================
2025-11-28 11:34:55,967 - __main__ - INFO - Solar Prediction Scheduler Started
2025-11-28 11:34:55,968 - __main__ - INFO - Execution Time: 2025-11-28 11:34:55
2025-11-28 11:34:55,968 - __main__ - INFO - ================================================================================
2025-11-28 11:34:55,976 - __main__ - INFO - 📅 입력 날짜: 2025-11-10
2025-11-28 11:34:55,977 - __main__ - INFO - ================================================================================
2025-11-28 11:34:55,977 - __main__ - INFO - 🌞 태양광 예측 자동 실행 시작 (동기식)
2025-11-28 11:34:55,977 - __main__ - INFO - 📅 실행 시간: 2025-11-28 11:34:55
2025-11-28 11:34:55,977 - __main__ - INFO - 📅 날짜 소스: 입력된 날짜
2025-11-28 11:34:55,978 - __main__ - INFO - 📅 지정 날짜: 2025-11-10
2025-11-28 11:34:55,978 - __main__ - INFO - ================================================================================
2025-11-28 11:34:56,347 - __main__ - INFO - 🔮 예측 로직 실행 중...
2025-11-28 11:34:56,371 - app.core.prediction_pipeline - INFO - 📅 입력 날짜 사용: 2025-11-10
2025-11-28 11:34:56,371 - app.core.prediction_pipeline - INFO - 🌞 앙상블 태양광 발전량 예측 시작: 2025-11-10
2025-11-28 11:34:56,529 - app.core.config - WARNING - config7.json not found at F:\2.프로젝트\[BMT] 수요 맞춤형AI\project\solar_api\app\core\weights\config7.json. Using default values.
2025-11-28 11:34:56,531 - app.core.config - WARNING - config7.json not found at F:\2.프로젝트\[BMT] 수요 맞춤형AI\project\solar_api\app\core\weights\config7.json. Using default values.
2025-11-28 11:34:59,728 - app.core.prediction_pipeline - INFO - 📅 날짜 객체 생성 완료: 2025-11-10 00:00:00
2025-11-28 11:34:59,729 - app.core.prediction_pipeline - INFO - 🎯 목표 시간대(미래 24h): 2025-11-10 23:00:00 ~ 2025-11-11 22:00:00
2025-11-28 11:34:59,729 - app.core.prediction_pipeline - INFO - 🔎 조회 범위 계산 | Solar: 2025-11-03 00:00:00 ~ 2025-11-10 22:00:00 , Weather: 2025-11-10 00:00:00 ~ 2025-11-11 22:00:00
2025-11-28 11:34:59,729 - app.core.database - INFO - 🔍 Solar SQL 조회 범위: 2025-11-03 00:00:00 ~ 2025-11-10 22:00:00
2025-11-28 11:34:59,729 - app.core.database - INFO - 🔍 Weather SQL 조회 범위: 2025-11-10 00:00:00 ~ 2025-11-11 22:00:00
2025-11-28 11:35:00,296 - app.core.database - INFO - 📊 앙상블용 태양광 데이터 조회: 3438건
2025-11-28 11:35:00,297 - app.core.database - INFO -    시간 범위: 2025-11-03 00:00:00 ~ 2025-11-10 22:00:00
2025-11-28 11:35:00,297 - app.core.database - INFO -    🔍 Solar 데이터 NaN 체크: 0개
2025-11-28 11:35:00,300 - app.core.database - INFO -    ✅ Solar 시간 연속성 OK: 191시간 연속
2025-11-28 11:35:00,303 - app.core.database - INFO - 🔍 예상 Weather 조회 범위: 2025-11-10 00:00:00 ~ 2025-11-11 22:00:00 (총 47개 시간대)
2025-11-28 11:35:00,555 - app.core.database - INFO - 📊 앙상블용 기상 데이터 조회: 47건
2025-11-28 11:35:00,555 - app.core.database - INFO -    🔍 Weather 데이터 NaN 체크: 134개
2025-11-28 11:35:00,555 - app.core.database - INFO -    시간 범위: 2025-11-10 00:00:00 ~ 2025-11-11 22:00:00
2025-11-28 11:35:00,556 - app.core.database - INFO -    📊 조회된 데이터 개수: 47개 (기대: 47개)
2025-11-28 11:35:00,556 - app.core.database - INFO -    📊 조회된 시간대 샘플 (처음 3개):
2025-11-28 11:35:00,556 - app.core.database - INFO -       [0] 2025-11-10 00:00:00
2025-11-28 11:35:00,556 - app.core.database - INFO -       [1] 2025-11-10 01:00:00
2025-11-28 11:35:00,556 - app.core.database - INFO -       [2] 2025-11-10 02:00:00
2025-11-28 11:35:00,557 - app.core.database - INFO -    ✅ Weather 시간 연속성 OK: 47시간 (기대: 47시간)
2025-11-28 11:35:00,557 - app.core.prediction_pipeline - INFO - ✅ 데이터 조회 완료 - 태양광: 3438건, 기상: 47건
2025-11-28 11:35:00,557 - app.core.preprocess - INFO - 🔍 공장 A 스케일러 경로: F:\2.프로젝트\[BMT] 수요 맞춤형AI\project\solar_api\app\weights\model9\A_solar_scaler_e500_b8_p100.pkl
2025-11-28 11:35:00,569 - app.core.preprocess - INFO - ✅ 공장 A 태양광 스케일러 로드 완료
2025-11-28 11:35:00,569 - app.core.preprocess - INFO - 🔍 공장 B 스케일러 경로: F:\2.프로젝트\[BMT] 수요 맞춤형AI\project\solar_api\app\weights\model9\B_solar_scaler_e500_b8_p100.pkl
2025-11-28 11:35:00,570 - app.core.preprocess - INFO - ✅ 공장 B 태양광 스케일러 로드 완료
2025-11-28 11:35:00,570 - app.core.preprocess - INFO - 🔍 공장 C 스케일러 경로: F:\2.프로젝트\[BMT] 수요 맞춤형AI\project\solar_api\app\weights\model9\C_solar_scaler_e500_b8_p100.pkl
2025-11-28 11:35:00,570 - app.core.preprocess - INFO - ✅ 공장 C 태양광 스케일러 로드 완료
2025-11-28 11:35:00,571 - app.core.preprocess - INFO - 🔍 공장 Total 스케일러 경로: F:\2.프로젝트\[BMT] 수요 맞춤형AI\project\solar_api\app\weights\model9\T_solar_scaler_e500_b8_p100.pkl
2025-11-28 11:35:00,571 - app.core.preprocess - INFO - ✅ 공장 Total 태양광 스케일러 로드 완료
2025-11-28 11:35:00,571 - app.core.preprocess - INFO - 🔍 기상 스케일러 경로: F:\2.프로젝트\[BMT] 수요 맞춤형AI\project\solar_api\app\weights\model9\T_weather_scaler_e500_b8_p100.pkl
2025-11-28 11:35:00,572 - app.core.preprocess - INFO - ✅ 기상 스케일러 로드 완료
2025-11-28 11:35:00,572 - app.core.preprocess - INFO - 📊 Scaler에서 추출한 Solar features: ['generate_gap', 'PV_Amp']
2025-11-28 11:35:00,572 - app.core.preprocess - INFO - 📊 Scaler에서 추출한 Weather features: ['summer_peak', 'hour_cos', 'peak_hours', '1시간기온', '강수확률', '습도', '풍속', '하늘상태', 'apparent_elevation', 'is_daylight', 'morning_hours', 'evening_hours']
2025-11-28 11:35:00,579 - app.core.preprocess - INFO - 숫자형 컬럼 데이터 타입 변환 완료: ['generate_gap', 'PV_Amp']
2025-11-28 11:35:00,586 - app.core.preprocess - INFO - 🏭 ID별 공장 분류 결과:
2025-11-28 11:35:00,586 - app.core.preprocess - INFO -   A공장 (ID 1-12): 2292건, 고유 ID: [np.int64(1), np.int64(2), np.int64(3), np.int64(4), np.int64(5), np.int64(6), np.int64(7), np.int64(8), np.int64(9), np.int64(10), np.int64(11), np.int64(12)]
2025-11-28 11:35:00,586 - app.core.preprocess - INFO -   B공장 (ID 13-15): 573건, 고유 ID: [np.int64(13), np.int64(14), np.int64(15)]
2025-11-28 11:35:00,586 - app.core.preprocess - INFO -   C공장 (ID 16-18): 573건, 고유 ID: [np.int64(16), np.int64(17), np.int64(18)]
2025-11-28 11:35:00,586 - app.core.preprocess - INFO -   공장 전체 : 3438건, 고유 ID: [np.int64(1), np.int64(2), np.int64(3), np.int64(4), np.int64(5), np.int64(6), np.int64(7), np.int64(8), np.int64(9), np.int64(10), np.int64(11), np.int64(12), np.int64(13), np.int64(14), np.int64(15), np.int64(16), np.int64(17), np.int64(18)]
2025-11-28 11:35:00,588 - app.core.preprocess - INFO - 📊 집계 전 데이터: 2292건, 시간 범위: 2025-11-03 00:00:00 ~ 2025-11-10 22:00:00
2025-11-28 11:35:00,588 - app.core.preprocess - INFO - 📊 실제 집계할 컬럼: ['PV_Volt', 'PV_Amp', 'Volt_R', 'Volt_S', 'Volt_T', 'Ampe_R', 'Ampe_S', 'Ampe_T', 'Frequency', 'Today_Generation', 'generate_gap', 'Accum_Generation']
2025-11-28 11:35:00,592 - app.core.preprocess - INFO - 📊 집계 후 데이터: 191건
2025-11-28 11:35:00,593 - app.core.preprocess - INFO - 📊 집계 전 데이터: 573건, 시간 범위: 2025-11-03 00:00:00 ~ 2025-11-10 22:00:00
2025-11-28 11:35:00,594 - app.core.preprocess - INFO - 📊 실제 집계할 컬럼: ['PV_Volt', 'PV_Amp', 'Volt_R', 'Volt_S', 'Volt_T', 'Ampe_R', 'Ampe_S', 'Ampe_T', 'Frequency', 'Today_Generation', 'generate_gap', 'Accum_Generation']
2025-11-28 11:35:00,596 - app.core.preprocess - INFO - 📊 집계 후 데이터: 191건
2025-11-28 11:35:00,597 - app.core.preprocess - INFO - 📊 집계 전 데이터: 573건, 시간 범위: 2025-11-03 00:00:00 ~ 2025-11-10 22:00:00
2025-11-28 11:35:00,597 - app.core.preprocess - INFO - 📊 실제 집계할 컬럼: ['PV_Volt', 'PV_Amp', 'Volt_R', 'Volt_S', 'Volt_T', 'Ampe_R', 'Ampe_S', 'Ampe_T', 'Frequency', 'Today_Generation', 'generate_gap', 'Accum_Generation']
2025-11-28 11:35:00,599 - app.core.preprocess - INFO - 📊 집계 후 데이터: 191건
2025-11-28 11:35:00,599 - app.core.preprocess - INFO - 🏭 Factory_Total 데이터 처리 시작...
2025-11-28 11:35:00,599 - app.core.preprocess - INFO -    📊 Factory_Total 원본 데이터: 3438건
2025-11-28 11:35:00,599 - app.core.preprocess - INFO -    📈 Factory_Total ID 범위: 1 ~ 18
2025-11-28 11:35:00,599 - app.core.preprocess - INFO -    ⏰ Factory_Total 시간 범위: 2025-11-03 00:00:00 ~ 2025-11-10 22:00:00
2025-11-28 11:35:00,600 - app.core.preprocess - INFO -    ✅ generate_gap: min=0.0000, max=55.0000, mean=8.7891, count=3438
2025-11-28 11:35:00,600 - app.core.preprocess - INFO -    ✅ PV_Amp: min=0.0000, max=97.3330, mean=16.1932, count=3438
2025-11-28 11:35:00,603 - app.core.preprocess - INFO - 📊 집계 전 데이터: 3438건, 시간 범위: 2025-11-03 00:00:00 ~ 2025-11-10 22:00:00
2025-11-28 11:35:00,603 - app.core.preprocess - INFO - 📊 실제 집계할 컬럼: ['PV_Volt', 'PV_Amp', 'Volt_R', 'Volt_S', 'Volt_T', 'Ampe_R', 'Ampe_S', 'Ampe_T', 'Frequency', 'Today_Generation', 'generate_gap', 'Accum_Generation']
2025-11-28 11:35:00,605 - app.core.preprocess - INFO - 📊 집계 후 데이터: 191건
2025-11-28 11:35:00,606 - app.core.preprocess - INFO - 공장별 집계 완료
2025-11-28 11:35:00,608 - app.core.preprocess - INFO - 태양광 데이터 품질 체크 완료 - 총 3438건, 결측치 비율: 0.00%
2025-11-28 11:35:00,608 - app.core.preprocess - INFO - A 공장 전처리 완료: 191건
2025-11-28 11:35:00,608 - app.core.preprocess - INFO - B 공장 전처리 완료: 191건
2025-11-28 11:35:00,608 - app.core.preprocess - INFO - C 공장 전처리 완료: 191건
2025-11-28 11:35:00,608 - app.core.preprocess - INFO - 전체체 공장 전처리 완료: 191건
2025-11-28 11:35:00,612 - app.core.preprocess - INFO - 기상 데이터 숫자형 컬럼 타입 변환 완료: ['wsd', 'sky', 'apparent_elevation', 'tmp', 'pop', 'reh']
2025-11-28 11:35:00,615 - app.core.preprocess - INFO - 컬럼명 매핑 완료: ['tmp', 'pop', 'reh', 'wsd', 'sky', 'pty', 'pcp', 'sno', 'tmn', 'tmx', 'uuu', 'vvv', 'wav', 'vec'] → ['1시간기온', '강수확률', '습도', '풍속', '하늘상태', '강수형태', '1시간강수량', '1시간신적설', '일최저기온', '일최고기온', '동서바람성분', '남북바람성분', '파고', '풍향']
2025-11-28 11:35:00,619 - app.core.preprocess - INFO - 📊 전처리된 기상 데이터 샘플 (처음 5개):
2025-11-28 11:35:00,619 - app.core.preprocess - INFO - 기상 데이터 전처리 완료: 47건
2025-11-28 11:35:00,619 - app.core.preprocess - INFO - 기상 데이터 전처리 완료: (47, 49)
2025-11-28 11:35:00,620 - app.core.preprocess - INFO - 전처리 후 컬럼: ['tm', 'pop', 'pty', 'pcp', 'reh', 'sno', 'sky', 'tmp', 'tmn', 'tmx', 'uuu', 'vvv', 'wav', 'vec', 'wsd', 'ics', 'apparent_zenith', 'apparent_elevation', 'azimuth', 'reg_dt', '1시간기온', '강수확률', '습도', '풍속', '하늘상태', '강수형태', '1시간강수량', '1시간신적설', '일최저기온', '일최고기온', '동서바람성분', '남북바람성분', '파고', '풍향', 'hour', 'day_of_week', 'month', 'is_weekend', 'hour_sin', 'hour_cos', 'day_sin', 'day_cos', 'month_sin', 'month_cos', 'is_daylight', 'peak_hours', 'morning_hours', 'evening_hours', 'summer_peak']
2025-11-28 11:35:00,620 - app.core.prediction_pipeline - INFO - 🏭 FactoryA 시퀀스 생성 중...
2025-11-28 11:35:00,621 - app.core.preprocess - INFO - 🔍 개별 시퀀스 생성 시작
2025-11-28 11:35:00,622 - app.core.preprocess - INFO -    Solar 데이터: 191건, features: ['generate_gap', 'PV_Amp']
2025-11-28 11:35:00,622 - app.core.preprocess - INFO -    Solar 범위: 2025-11-03 00:00:00 ~ 2025-11-10 22:00:00
2025-11-28 11:35:00,622 - app.core.preprocess - INFO -    📊 generate_gap: min=0.0000, max=546.0000, mean=104.1309
2025-11-28 11:35:00,623 - app.core.preprocess - INFO -    📊 PV_Amp: min=0.0000, max=88.7709, mean=16.3610
2025-11-28 11:35:00,623 - app.core.preprocess - INFO -    Scaler에서 추출한 Weather features 사용: ['summer_peak', 'hour_cos', 'peak_hours', '1시간기온', '강수확률', '습도', '풍속', '하늘상태', 'apparent_elevation', 'is_daylight', 'morning_hours', 'evening_hours']
2025-11-28 11:35:00,623 - app.core.preprocess - INFO -    Weather DataFrame columns: ['summer_peak', 'hour_cos', 'peak_hours', '1시간기온', '강수확률', '습도', '풍속', '하늘상태', 'apparent_elevation', 'is_daylight', 'morning_hours', 'evening_hours']
2025-11-28 11:35:00,623 - app.core.preprocess - INFO -    Scaler feature names: ['summer_peak', 'hour_cos', 'peak_hours', '1시간기온', '강수확률', '습도', '풍속', '하늘상태', 'apparent_elevation', 'is_daylight', 'morning_hours', 'evening_hours']
2025-11-28 11:35:00,624 - app.core.preprocess - INFO -    Scaler 순서에 맞춰 정렬된 X_weather columns: ['summer_peak', 'hour_cos', 'peak_hours', '1시간기온', '강수확률', '습도', '풍속', '하늘상태', 'apparent_elevation', 'is_daylight', 'morning_hours', 'evening_hours']
2025-11-28 11:35:00,624 - app.core.preprocess - INFO -    Weather 데이터: 47건, features: ['summer_peak', 'hour_cos', 'peak_hours', '1시간기온', '강수확률', '습도', '풍속', '하늘상태', 'apparent_elevation', 'is_daylight', 'morning_hours', 'evening_hours']
2025-11-28 11:35:00,625 - app.core.preprocess - INFO -    Weather 범위: 2025-11-10 00:00:00 ~ 2025-11-11 22:00:00
2025-11-28 11:35:00,625 - app.core.preprocess - INFO -    Solar 최대 시퀀스: 24개
2025-11-28 11:35:00,625 - app.core.preprocess - INFO -    Weather 최대 시퀀스: 24개
2025-11-28 11:35:00,625 - app.core.preprocess - INFO -    생성 가능 시퀀스: 24개
2025-11-28 11:35:00,625 - app.core.preprocess - INFO -    ✅ 시퀀스 생성 완료: 24개
2025-11-28 11:35:00,625 - app.core.preprocess - INFO -    X_solar shape: (24, 168, 2)
2025-11-28 11:35:00,625 - app.core.preprocess - INFO -    X_weather shape: (24, 24, 12)
2025-11-28 11:35:00,625 - app.core.prediction_pipeline - INFO -    ✅ 24개 시퀀스 생성
2025-11-28 11:35:00,627 - app.core.prediction_pipeline - INFO - 🏭 FactoryB 시퀀스 생성 중...
2025-11-28 11:35:00,627 - app.core.preprocess - INFO - 🔍 개별 시퀀스 생성 시작
2025-11-28 11:35:00,628 - app.core.preprocess - INFO -    Solar 데이터: 191건, features: ['generate_gap', 'PV_Amp']
2025-11-28 11:35:00,628 - app.core.preprocess - INFO -    Solar 범위: 2025-11-03 00:00:00 ~ 2025-11-10 22:00:00
2025-11-28 11:35:00,628 - app.core.preprocess - INFO -    📊 generate_gap: min=0.0000, max=143.0000, mean=27.5654
2025-11-28 11:35:00,629 - app.core.preprocess - INFO -    📊 PV_Amp: min=0.0000, max=84.4447, mean=15.8611
2025-11-28 11:35:00,629 - app.core.preprocess - INFO -    Scaler에서 추출한 Weather features 사용: ['summer_peak', 'hour_cos', 'peak_hours', '1시간기온', '강수확률', '습도', '풍속', '하늘상태', 'apparent_elevation', 'is_daylight', 'morning_hours', 'evening_hours']
2025-11-28 11:35:00,629 - app.core.preprocess - INFO -    Weather DataFrame columns: ['summer_peak', 'hour_cos', 'peak_hours', '1시간기온', '강수확률', '습도', '풍속', '하늘상태', 'apparent_elevation', 'is_daylight', 'morning_hours', 'evening_hours']
2025-11-28 11:35:00,629 - app.core.preprocess - INFO -    Scaler feature names: ['summer_peak', 'hour_cos', 'peak_hours', '1시간기온', '강수확률', '습도', '풍속', '하늘상태', 'apparent_elevation', 'is_daylight', 'morning_hours', 'evening_hours']
2025-11-28 11:35:00,630 - app.core.preprocess - INFO -    Scaler 순서에 맞춰 정렬된 X_weather columns: ['summer_peak', 'hour_cos', 'peak_hours', '1시간기온', '강수확률', '습도', '풍속', '하늘상태', 'apparent_elevation', 'is_daylight', 'morning_hours', 'evening_hours']
2025-11-28 11:35:00,638 - app.core.preprocess - INFO -    Weather 데이터: 47건, features: ['summer_peak', 'hour_cos', 'peak_hours', '1시간기온', '강수확률', '습도', '풍속', '하늘상태', 'apparent_elevation', 'is_daylight', 'morning_hours', 'evening_hours']
2025-11-28 11:35:00,640 - app.core.preprocess - INFO -    Weather 범위: 2025-11-10 00:00:00 ~ 2025-11-11 22:00:00
2025-11-28 11:35:00,640 - app.core.preprocess - INFO -    Solar 최대 시퀀스: 24개
2025-11-28 11:35:00,640 - app.core.preprocess - INFO -    Weather 최대 시퀀스: 24개
2025-11-28 11:35:00,640 - app.core.preprocess - INFO -    생성 가능 시퀀스: 24개
2025-11-28 11:35:00,640 - app.core.preprocess - INFO -    ✅ 시퀀스 생성 완료: 24개
2025-11-28 11:35:00,640 - app.core.preprocess - INFO -    X_solar shape: (24, 168, 2)
2025-11-28 11:35:00,640 - app.core.preprocess - INFO -    X_weather shape: (24, 24, 12)
2025-11-28 11:35:00,640 - app.core.prediction_pipeline - INFO -    ✅ 24개 시퀀스 생성
2025-11-28 11:35:00,641 - app.core.prediction_pipeline - INFO - 🏭 FactoryC 시퀀스 생성 중...
2025-11-28 11:35:00,641 - app.core.preprocess - INFO - 🔍 개별 시퀀스 생성 시작
2025-11-28 11:35:00,642 - app.core.preprocess - INFO -    Solar 데이터: 191건, features: ['generate_gap', 'PV_Amp']
2025-11-28 11:35:00,642 - app.core.preprocess - INFO -    Solar 범위: 2025-11-03 00:00:00 ~ 2025-11-10 22:00:00
2025-11-28 11:35:00,643 - app.core.preprocess - INFO -    📊 generate_gap: min=0.0000, max=138.0000, mean=26.5079
2025-11-28 11:35:00,643 - app.core.preprocess - INFO -    📊 PV_Amp: min=0.0000, max=81.8333, mean=15.8541
2025-11-28 11:35:00,643 - app.core.preprocess - INFO -    Scaler에서 추출한 Weather features 사용: ['summer_peak', 'hour_cos', 'peak_hours', '1시간기온', '강수확률', '습도', '풍속', '하늘상태', 'apparent_elevation', 'is_daylight', 'morning_hours', 'evening_hours']
2025-11-28 11:35:00,643 - app.core.preprocess - INFO -    Weather DataFrame columns: ['summer_peak', 'hour_cos', 'peak_hours', '1시간기온', '강수확률', '습도', '풍속', '하늘상태', 'apparent_elevation', 'is_daylight', 'morning_hours', 'evening_hours']
2025-11-28 11:35:00,643 - app.core.preprocess - INFO -    Scaler feature names: ['summer_peak', 'hour_cos', 'peak_hours', '1시간기온', '강수확률', '습도', '풍속', '하늘상태', 'apparent_elevation', 'is_daylight', 'morning_hours', 'evening_hours']
2025-11-28 11:35:00,644 - app.core.preprocess - INFO -    Scaler 순서에 맞춰 정렬된 X_weather columns: ['summer_peak', 'hour_cos', 'peak_hours', '1시간기온', '강수확률', '습도', '풍속', '하늘상태', 'apparent_elevation', 'is_daylight', 'morning_hours', 'evening_hours']
2025-11-28 11:35:00,644 - app.core.preprocess - INFO -    Weather 데이터: 47건, features: ['summer_peak', 'hour_cos', 'peak_hours', '1시간기온', '강수확률', '습도', '풍속', '하늘상태', 'apparent_elevation', 'is_daylight', 'morning_hours', 'evening_hours']
2025-11-28 11:35:00,645 - app.core.preprocess - INFO -    Weather 범위: 2025-11-10 00:00:00 ~ 2025-11-11 22:00:00
2025-11-28 11:35:00,645 - app.core.preprocess - INFO -    Solar 최대 시퀀스: 24개
2025-11-28 11:35:00,645 - app.core.preprocess - INFO -    Weather 최대 시퀀스: 24개
2025-11-28 11:35:00,645 - app.core.preprocess - INFO -    생성 가능 시퀀스: 24개
2025-11-28 11:35:00,645 - app.core.preprocess - INFO -    ✅ 시퀀스 생성 완료: 24개
2025-11-28 11:35:00,645 - app.core.preprocess - INFO -    X_solar shape: (24, 168, 2)
2025-11-28 11:35:00,645 - app.core.preprocess - INFO -    X_weather shape: (24, 24, 12)
2025-11-28 11:35:00,645 - app.core.prediction_pipeline - INFO -    ✅ 24개 시퀀스 생성
2025-11-28 11:35:00,645 - app.core.prediction_pipeline - INFO - 🏭 Factory_Total 시퀀스 생성 중...
2025-11-28 11:35:00,646 - app.core.preprocess - INFO - 🔍 개별 시퀀스 생성 시작
2025-11-28 11:35:00,647 - app.core.preprocess - INFO -    Solar 데이터: 191건, features: ['generate_gap', 'PV_Amp']
2025-11-28 11:35:00,647 - app.core.preprocess - INFO -    Solar 범위: 2025-11-03 00:00:00 ~ 2025-11-10 22:00:00
2025-11-28 11:35:00,647 - app.core.preprocess - INFO -    📊 generate_gap: min=0.0000, max=825.0000, mean=158.2042
2025-11-28 11:35:00,648 - app.core.preprocess - INFO -    📊 PV_Amp: min=0.0000, max=86.7038, mean=16.1932
2025-11-28 11:35:00,648 - app.core.preprocess - INFO -    Scaler에서 추출한 Weather features 사용: ['summer_peak', 'hour_cos', 'peak_hours', '1시간기온', '강수확률', '습도', '풍속', '하늘상태', 'apparent_elevation', 'is_daylight', 'morning_hours', 'evening_hours']
2025-11-28 11:35:00,648 - app.core.preprocess - INFO -    Weather DataFrame columns: ['summer_peak', 'hour_cos', 'peak_hours', '1시간기온', '강수확률', '습도', '풍속', '하늘상태', 'apparent_elevation', 'is_daylight', 'morning_hours', 'evening_hours']
2025-11-28 11:35:00,648 - app.core.preprocess - INFO -    Scaler feature names: ['summer_peak', 'hour_cos', 'peak_hours', '1시간기온', '강수확률', '습도', '풍속', '하늘상태', 'apparent_elevation', 'is_daylight', 'morning_hours', 'evening_hours']
2025-11-28 11:35:00,648 - app.core.preprocess - INFO -    Scaler 순서에 맞춰 정렬된 X_weather columns: ['summer_peak', 'hour_cos', 'peak_hours', '1시간기온', '강수확률', '습도', '풍속', '하늘상태', 'apparent_elevation', 'is_daylight', 'morning_hours', 'evening_hours']
2025-11-28 11:35:00,649 - app.core.preprocess - INFO -    Weather 데이터: 47건, features: ['summer_peak', 'hour_cos', 'peak_hours', '1시간기온', '강수확률', '습도', '풍속', '하늘상태', 'apparent_elevation', 'is_daylight', 'morning_hours', 'evening_hours']
2025-11-28 11:35:00,649 - app.core.preprocess - INFO -    Weather 범위: 2025-11-10 00:00:00 ~ 2025-11-11 22:00:00
2025-11-28 11:35:00,649 - app.core.preprocess - INFO -    Solar 최대 시퀀스: 24개
2025-11-28 11:35:00,649 - app.core.preprocess - INFO -    Weather 최대 시퀀스: 24개
2025-11-28 11:35:00,649 - app.core.preprocess - INFO -    생성 가능 시퀀스: 24개
2025-11-28 11:35:00,649 - app.core.preprocess - INFO -    ✅ 시퀀스 생성 완료: 24개
2025-11-28 11:35:00,650 - app.core.preprocess - INFO -    X_solar shape: (24, 168, 2)
2025-11-28 11:35:00,650 - app.core.preprocess - INFO -    X_weather shape: (24, 24, 12)
2025-11-28 11:35:00,650 - app.core.prediction_pipeline - INFO -    ✅ 24개 시퀀스 생성
2025-11-28 11:35:00,650 - app.models.predictor - INFO - 예측 서비스 초기화 시작...
2025-11-28 11:35:01,288 - app.models.predictor - INFO - 공장 전체 모델 로드 완료: F:\2.프로젝트\[BMT] 수요 맞춤형AI\project\solar_api\app\weights\model9\T_multimodal_solar_model_e500_b8_p100.keras
2025-11-28 11:35:01,292 - app.models.predictor - INFO - C공장 모델 로드 완료: F:\2.프로젝트\[BMT] 수요 맞춤형AI\project\solar_api\app\weights\model9\C_multimodal_solar_model_e500_b8_p100.keras
2025-11-28 11:35:01,295 - app.models.predictor - INFO - B공장 모델 로드 완료: F:\2.프로젝트\[BMT] 수요 맞춤형AI\project\solar_api\app\weights\model9\B_multimodal_solar_model_e500_b8_p100.keras
2025-11-28 11:35:01,298 - app.models.predictor - INFO - A공장 모델 로드 완료: F:\2.프로젝트\[BMT] 수요 맞춤형AI\project\solar_api\app\weights\model9\A_multimodal_solar_model_e500_b8_p100.keras
2025-11-28 11:35:01,298 - app.models.predictor - INFO - ✅ 모든 공장 모델 로드 완료 (A, B, C, Total)
2025-11-28 11:35:01,299 - app.models.predictor - WARNING - 메타데이터 파일이 없어 기본값으로 설정했습니다. (찾는 경로: F:\2.프로젝트\[BMT] 수요 맞춤형AI\project\solar_api\app\weights\model9\T_multimodal_solar_model_e500_b8_p100_v6_metadata.json)
2025-11-28 11:35:01,299 - app.models.predictor - INFO - ✅ 예측 서비스 초기화 완료
2025-11-28 11:35:01,299 - app.core.postprocess - INFO - 후처리기 초기화 시작...
2025-11-28 11:35:01,300 - app.core.postprocess - INFO - A동 출력 스케일러 로드 완료: F:\2.프로젝트\[BMT] 수요 맞춤형AI\project\solar_api\app\weights\model9\A_target_scaler_e500_b8_p100.pkl
2025-11-28 11:35:01,300 - app.core.postprocess - INFO - B동 출력 스케일러 로드 완료: F:\2.프로젝트\[BMT] 수요 맞춤형AI\project\solar_api\app\weights\model9\B_target_scaler_e500_b8_p100.pkl
2025-11-28 11:35:01,301 - app.core.postprocess - INFO - C동 출력 스케일러 로드 완료: F:\2.프로젝트\[BMT] 수요 맞춤형AI\project\solar_api\app\weights\model9\C_target_scaler_e500_b8_p100.pkl
2025-11-28 11:35:01,301 - app.core.postprocess - INFO - 공장 전체 출력 스케일러 로드 완료: F:\2.프로젝트\[BMT] 수요 맞춤형AI\project\solar_api\app\weights\model9\T_target_scaler_e500_b8_p100.pkl
2025-11-28 11:35:01,301 - app.core.postprocess - INFO - ✅ 후처리기 초기화 완료
2025-11-28 11:35:01,301 - app.core.prediction_pipeline - INFO - 🔮 A동: 24개 시퀀스 배치 예측 중...
2025-11-28 11:35:01,301 - app.models.predictor - INFO - 🔮 AI 모델 예측 시작 (FactoryA)...
2025-11-28 11:35:02,028 - app.models.predictor - INFO - ✅ 예측 완료: (24, 24, 1), 처리시간: 0.73초
2025-11-28 11:35:02,028 - app.core.prediction_pipeline - INFO -    예측 완료: (24, 24, 1)
2025-11-28 11:35:02,029 - app.core.prediction_pipeline - INFO -    ✅ A동 예측 데이터 준비 완료: 24개 시퀀스
2025-11-28 11:35:02,029 - app.core.prediction_pipeline - INFO - 🔮 B동: 24개 시퀀스 배치 예측 중...
2025-11-28 11:35:02,029 - app.models.predictor - INFO - 🔮 AI 모델 예측 시작 (FactoryB)...
2025-11-28 11:35:02,836 - app.models.predictor - INFO - ✅ 예측 완료: (24, 24, 1), 처리시간: 0.81초
2025-11-28 11:35:02,836 - app.core.prediction_pipeline - INFO -    예측 완료: (24, 24, 1)
2025-11-28 11:35:02,836 - app.core.prediction_pipeline - INFO -    ✅ B동 예측 데이터 준비 완료: 24개 시퀀스
2025-11-28 11:35:02,836 - app.core.prediction_pipeline - INFO - 🔮 C동: 24개 시퀀스 배치 예측 중...
2025-11-28 11:35:02,837 - app.models.predictor - INFO - 🔮 AI 모델 예측 시작 (FactoryC)...
2025-11-28 11:35:03,519 - app.models.predictor - INFO - ✅ 예측 완료: (24, 24, 1), 처리시간: 0.68초
2025-11-28 11:35:03,519 - app.core.prediction_pipeline - INFO -    예측 완료: (24, 24, 1)
2025-11-28 11:35:03,521 - app.core.prediction_pipeline - INFO -    ✅ C동 예측 데이터 준비 완료: 24개 시퀀스
2025-11-28 11:35:03,521 - app.core.prediction_pipeline - INFO - 🔮 _Total동: 24개 시퀀스 배치 예측 중...
2025-11-28 11:35:03,521 - app.models.predictor - INFO - 🔮 AI 모델 예측 시작 (Factory_Total)...
2025-11-28 11:35:04,216 - app.models.predictor - INFO - ✅ 예측 완료: (24, 24, 1), 처리시간: 0.69초
2025-11-28 11:35:04,217 - app.core.prediction_pipeline - INFO -    예측 완료: (24, 24, 1)
2025-11-28 11:35:04,217 - app.core.prediction_pipeline - INFO -    ✅ _Total동 예측 데이터 준비 완료: 24개 시퀀스
2025-11-28 11:35:04,217 - app.core.prediction_pipeline - INFO - 🔄 앙상블 평균 시작...
2025-11-28 11:35:04,218 - app.core.postprocess - INFO - 🔄 앙상블 평균 시작: 2025-11-10 23:00:00 ~ 2025-11-11 22:00:00
2025-11-28 11:35:04,218 - app.core.postprocess - INFO -    A동: 24개 시퀀스, shape=(24, 24)
2025-11-28 11:35:04,218 - app.core.postprocess - INFO -    역정규화 완료: (24, 24)
2025-11-28 11:35:04,242 - app.core.postprocess - INFO - ✅ A동 앙상블 완료: 24개 시간대, 평균 78.83
2025-11-28 11:35:04,242 - app.core.postprocess - INFO -    B동: 24개 시퀀스, shape=(24, 24)
2025-11-28 11:35:04,243 - app.core.postprocess - INFO -    역정규화 완료: (24, 24)
2025-11-28 11:35:04,265 - app.core.postprocess - INFO - ✅ B동 앙상블 완료: 24개 시간대, 평균 28.46
2025-11-28 11:35:04,265 - app.core.postprocess - INFO -    C동: 24개 시퀀스, shape=(24, 24)
2025-11-28 11:35:04,266 - app.core.postprocess - INFO -    역정규화 완료: (24, 24)
2025-11-28 11:35:04,288 - app.core.postprocess - INFO - ✅ C동 앙상블 완료: 24개 시간대, 평균 20.43
2025-11-28 11:35:04,288 - app.core.postprocess - INFO -    Total동: 24개 시퀀스, shape=(24, 24)
2025-11-28 11:35:04,289 - app.core.postprocess - INFO -    역정규화 완료: (24, 24)
2025-11-28 11:35:04,313 - app.core.postprocess - INFO - ✅ Total동 앙상블 완료: 24개 시간대, 평균 108.94
2025-11-28 11:35:04,313 - app.core.postprocess - INFO - ✅ 앙상블 평균 완료
2025-11-28 11:35:04,313 - app.core.prediction_pipeline - INFO - ✅ 4개 공장, 앙상블 예측 완료
2025-11-28 11:35:04,313 - app.core.prediction_pipeline - INFO - 💾 예측 결과 데이터베이스 저장 시작...
2025-11-28 11:35:04,314 - app.core.db_saver - INFO - 💾 시간별 예측 결과 저장 시작...
2025-11-28 11:35:04,314 - app.core.db_saver - INFO - 📊 저장 테이블: tb_solar_hour
2025-11-28 11:35:04,314 - app.core.db_saver - INFO - 📊 ID 매핑: {'FactoryA': 1, 'A': 1, 'FactoryB': 13, 'B': 13, 'FactoryC': 16, 'C': 16, 'Factory_Total': 1, '_Total': 1}
2025-11-28 11:35:04,314 - app.core.db_saver - INFO - 📊 등록 시간 (reg_dt): 2025-11-28 11:35:04.314257
2025-11-28 11:35:04,314 - app.core.db_saver - INFO - 📊 A 데이터: 시간 24개, 예측값 24개
2025-11-28 11:35:04,322 - app.core.db_saver - INFO - 📊 레코드 생성 완료: 24건 (ID=1)
2025-11-28 11:35:04,438 - app.core.db_saver - INFO - ✅ A: 24건 UPSERT 완료 (ID=1)
2025-11-28 11:35:04,438 - app.core.db_saver - INFO - 📊 B 데이터: 시간 24개, 예측값 24개
2025-11-28 11:35:04,446 - app.core.db_saver - INFO - 📊 레코드 생성 완료: 24건 (ID=13)
2025-11-28 11:35:04,563 - app.core.db_saver - INFO - ✅ B: 24건 UPSERT 완료 (ID=13)
2025-11-28 11:35:04,563 - app.core.db_saver - INFO - 📊 C 데이터: 시간 24개, 예측값 24개
2025-11-28 11:35:04,572 - app.core.db_saver - INFO - 📊 레코드 생성 완료: 24건 (ID=16)
2025-11-28 11:35:04,687 - app.core.db_saver - INFO - ✅ C: 24건 UPSERT 완료 (ID=16)
2025-11-28 11:35:04,687 - app.core.db_saver - WARNING - ⚠️ Total은 ID 매핑에 없습니다. 건너뜁니다.
2025-11-28 11:35:04,687 - app.core.db_saver - INFO - 📊 시간별 전체 저장 완료: 72건 (공장별: {'A': 24, 'B': 24, 'C': 24})
2025-11-28 11:35:04,687 - app.core.prediction_pipeline - INFO - ✅ 시간별 데이터 저장 완료: {'A': 24, 'B': 24, 'C': 24}
2025-11-28 11:35:04,687 - app.core.prediction_pipeline - INFO - 💾 일간 합계 tb_solar_day 저장 시작...
2025-11-28 11:35:04,688 - app.core.db_saver - INFO - 📊 일간 합계 저장 시작 (Factory_Total만 저장)...
2025-11-28 11:35:04,688 - app.core.db_saver - INFO - 📊 저장 테이블: tb_solar_day
2025-11-28 11:35:04,688 - app.core.db_saver - INFO - 📊 기준 날짜: 2025-11-11 00:00:00
2025-11-28 11:35:04,688 - app.core.db_saver - INFO - 📊 등록 시간 (reg_dt): 2025-11-28 11:35:04.688814
2025-11-28 11:35:04,689 - app.core.db_saver - INFO - 📊 Factory_Total 합계: 2614.49904
2025-11-28 11:35:04,689 - app.core.db_saver - INFO - 📊 레코드 생성: ID=1, ymdhms=2025-11-11 00:00:00, YEAR=2025, forecast_quantity=2614.49904, reg_dt=2025-11-28 11:35:04.688814
2025-11-28 11:35:04,804 - app.core.db_saver - INFO - ✅ Factory_Total 일간 합계 저장 완료: 1건 @ 2025-11-11 00:00:00 | reg_dt: 2025-11-28 11:35:04.688814
2025-11-28 11:35:04,804 - app.core.prediction_pipeline - INFO - ✅ 일간 합계 저장 완료: {'Factory_Total': 2614.49904}
2025-11-28 11:35:04,806 - app.core.prediction_pipeline - INFO - ✅ 앙상블 태양광 발전량 예측 완료
2025-11-28 11:35:04,806 - __main__ - INFO - ✅ 예측 실행 성공!
2025-11-28 11:35:04,806 - __main__ - INFO - 📊 예측 날짜: 2025-11-10 00:00:00
2025-11-28 11:35:04,806 - __main__ - INFO - 📊 예측 범위: 2025-11-10 23:00:00 ~ 2025-11-11 22:00:00
2025-11-28 11:35:04,806 - __main__ - INFO - 💾 시간별 데이터 저장: 72건
2025-11-28 11:35:04,806 - __main__ - INFO -    - A: 24건
2025-11-28 11:35:04,806 - __main__ - INFO -    - B: 24건
2025-11-28 11:35:04,807 - __main__ - INFO -    - C: 24건
2025-11-28 11:35:04,807 - __main__ - INFO - 💾 일간 합계 저장:
2025-11-28 11:35:04,807 - __main__ - INFO -    - Factory_Total: 2614.50
2025-11-28 11:35:04,807 - __main__ - INFO - ================================================================================
2025-11-28 11:35:04,807 - __main__ - INFO - 🎉 예측 완료 및 데이터베이스 저장 성공!
2025-11-28 11:35:04,807 - __main__ - INFO - ================================================================================
2025-11-28 11:35:04,807 - __main__ - INFO - ================================================================================
2025-11-28 11:35:04,807 - __main__ - INFO - Solar Prediction Scheduler Completed Successfully
2025-11-28 11:35:04,807 - __main__ - INFO - ================================================================================
2025-11-28 11:36:29,804 - __main__ - INFO - ================================================================================
2025-11-28 11:36:29,804 - __main__ - INFO - Solar Prediction Scheduler Started
2025-11-28 11:36:29,804 - __main__ - INFO - Execution Time: 2025-11-28 11:36:29
2025-11-28 11:36:29,804 - __main__ - INFO - ================================================================================
2025-11-28 11:36:29,813 - __main__ - INFO - 📅 입력 날짜: 2025-11-05
2025-11-28 11:36:29,813 - __main__ - INFO - ================================================================================
2025-11-28 11:36:29,813 - __main__ - INFO - 🌞 태양광 예측 자동 실행 시작 (동기식)
2025-11-28 11:36:29,813 - __main__ - INFO - 📅 실행 시간: 2025-11-28 11:36:29
2025-11-28 11:36:29,813 - __main__ - INFO - 📅 날짜 소스: 입력된 날짜
2025-11-28 11:36:29,814 - __main__ - INFO - 📅 지정 날짜: 2025-11-05
2025-11-28 11:36:29,814 - __main__ - INFO - ================================================================================
2025-11-28 11:36:30,174 - __main__ - INFO - 🔮 예측 로직 실행 중...
2025-11-28 11:36:30,200 - app.core.prediction_pipeline - INFO - 📅 입력 날짜 사용: 2025-11-05
2025-11-28 11:36:30,200 - app.core.prediction_pipeline - INFO - 🌞 앙상블 태양광 발전량 예측 시작: 2025-11-05
2025-11-28 11:36:30,358 - app.core.config - WARNING - config7.json not found at F:\2.프로젝트\[BMT] 수요 맞춤형AI\project\solar_api\app\core\weights\config7.json. Using default values.
2025-11-28 11:36:30,360 - app.core.config - WARNING - config7.json not found at F:\2.프로젝트\[BMT] 수요 맞춤형AI\project\solar_api\app\core\weights\config7.json. Using default values.
2025-11-28 11:36:33,562 - app.core.prediction_pipeline - INFO - 📅 날짜 객체 생성 완료: 2025-11-05 00:00:00
2025-11-28 11:36:33,562 - app.core.prediction_pipeline - INFO - 🎯 목표 시간대(미래 24h): 2025-11-05 23:00:00 ~ 2025-11-06 22:00:00
2025-11-28 11:36:33,562 - app.core.prediction_pipeline - INFO - 🔎 조회 범위 계산 | Solar: 2025-10-29 00:00:00 ~ 2025-11-05 22:00:00 , Weather: 2025-11-05 00:00:00 ~ 2025-11-06 22:00:00
2025-11-28 11:36:33,562 - app.core.database - INFO - 🔍 Solar SQL 조회 범위: 2025-10-29 00:00:00 ~ 2025-11-05 22:00:00
2025-11-28 11:36:33,562 - app.core.database - INFO - 🔍 Weather SQL 조회 범위: 2025-11-05 00:00:00 ~ 2025-11-06 22:00:00
2025-11-28 11:36:34,218 - app.core.database - INFO - 📊 앙상블용 태양광 데이터 조회: 3438건
2025-11-28 11:36:34,219 - app.core.database - INFO -    시간 범위: 2025-10-29 00:00:00 ~ 2025-11-05 22:00:00
2025-11-28 11:36:34,219 - app.core.database - INFO -    🔍 Solar 데이터 NaN 체크: 0개
2025-11-28 11:36:34,223 - app.core.database - INFO -    ✅ Solar 시간 연속성 OK: 191시간 연속
2025-11-28 11:36:34,226 - app.core.database - INFO - 🔍 예상 Weather 조회 범위: 2025-11-05 00:00:00 ~ 2025-11-06 22:00:00 (총 47개 시간대)
2025-11-28 11:36:34,538 - app.core.database - INFO - 📊 앙상블용 기상 데이터 조회: 47건
2025-11-28 11:36:34,538 - app.core.database - INFO -    🔍 Weather 데이터 NaN 체크: 86개
2025-11-28 11:36:34,539 - app.core.database - INFO -    시간 범위: 2025-11-05 00:00:00 ~ 2025-11-06 22:00:00
2025-11-28 11:36:34,539 - app.core.database - INFO -    📊 조회된 데이터 개수: 47개 (기대: 47개)
2025-11-28 11:36:34,539 - app.core.database - INFO -    📊 조회된 시간대 샘플 (처음 3개):
2025-11-28 11:36:34,540 - app.core.database - INFO -       [0] 2025-11-05 00:00:00
2025-11-28 11:36:34,540 - app.core.database - INFO -       [1] 2025-11-05 01:00:00
2025-11-28 11:36:34,540 - app.core.database - INFO -       [2] 2025-11-05 02:00:00
2025-11-28 11:36:34,541 - app.core.database - INFO -    ✅ Weather 시간 연속성 OK: 47시간 (기대: 47시간)
2025-11-28 11:36:34,541 - app.core.prediction_pipeline - INFO - ✅ 데이터 조회 완료 - 태양광: 3438건, 기상: 47건
2025-11-28 11:36:34,541 - app.core.preprocess - INFO - 🔍 공장 A 스케일러 경로: F:\2.프로젝트\[BMT] 수요 맞춤형AI\project\solar_api\app\weights\model9\A_solar_scaler_e500_b8_p100.pkl
2025-11-28 11:36:34,552 - app.core.preprocess - INFO - ✅ 공장 A 태양광 스케일러 로드 완료
2025-11-28 11:36:34,552 - app.core.preprocess - INFO - 🔍 공장 B 스케일러 경로: F:\2.프로젝트\[BMT] 수요 맞춤형AI\project\solar_api\app\weights\model9\B_solar_scaler_e500_b8_p100.pkl
2025-11-28 11:36:34,553 - app.core.preprocess - INFO - ✅ 공장 B 태양광 스케일러 로드 완료
2025-11-28 11:36:34,553 - app.core.preprocess - INFO - 🔍 공장 C 스케일러 경로: F:\2.프로젝트\[BMT] 수요 맞춤형AI\project\solar_api\app\weights\model9\C_solar_scaler_e500_b8_p100.pkl
2025-11-28 11:36:34,554 - app.core.preprocess - INFO - ✅ 공장 C 태양광 스케일러 로드 완료
2025-11-28 11:36:34,554 - app.core.preprocess - INFO - 🔍 공장 Total 스케일러 경로: F:\2.프로젝트\[BMT] 수요 맞춤형AI\project\solar_api\app\weights\model9\T_solar_scaler_e500_b8_p100.pkl
2025-11-28 11:36:34,555 - app.core.preprocess - INFO - ✅ 공장 Total 태양광 스케일러 로드 완료
2025-11-28 11:36:34,555 - app.core.preprocess - INFO - 🔍 기상 스케일러 경로: F:\2.프로젝트\[BMT] 수요 맞춤형AI\project\solar_api\app\weights\model9\T_weather_scaler_e500_b8_p100.pkl
2025-11-28 11:36:34,555 - app.core.preprocess - INFO - ✅ 기상 스케일러 로드 완료
2025-11-28 11:36:34,555 - app.core.preprocess - INFO - 📊 Scaler에서 추출한 Solar features: ['generate_gap', 'PV_Amp']
2025-11-28 11:36:34,555 - app.core.preprocess - INFO - 📊 Scaler에서 추출한 Weather features: ['summer_peak', 'hour_cos', 'peak_hours', '1시간기온', '강수확률', '습도', '풍속', '하늘상태', 'apparent_elevation', 'is_daylight', 'morning_hours', 'evening_hours']
2025-11-28 11:36:34,563 - app.core.preprocess - INFO - 숫자형 컬럼 데이터 타입 변환 완료: ['generate_gap', 'PV_Amp']
2025-11-28 11:36:34,570 - app.core.preprocess - INFO - 🏭 ID별 공장 분류 결과:
2025-11-28 11:36:34,570 - app.core.preprocess - INFO -   A공장 (ID 1-12): 2292건, 고유 ID: [np.int64(1), np.int64(2), np.int64(3), np.int64(4), np.int64(5), np.int64(6), np.int64(7), np.int64(8), np.int64(9), np.int64(10), np.int64(11), np.int64(12)]
2025-11-28 11:36:34,571 - app.core.preprocess - INFO -   B공장 (ID 13-15): 573건, 고유 ID: [np.int64(13), np.int64(14), np.int64(15)]
2025-11-28 11:36:34,571 - app.core.preprocess - INFO -   C공장 (ID 16-18): 573건, 고유 ID: [np.int64(16), np.int64(17), np.int64(18)]
2025-11-28 11:36:34,571 - app.core.preprocess - INFO -   공장 전체 : 3438건, 고유 ID: [np.int64(1), np.int64(2), np.int64(3), np.int64(4), np.int64(5), np.int64(6), np.int64(7), np.int64(8), np.int64(9), np.int64(10), np.int64(11), np.int64(12), np.int64(13), np.int64(14), np.int64(15), np.int64(16), np.int64(17), np.int64(18)]
2025-11-28 11:36:34,573 - app.core.preprocess - INFO - 📊 집계 전 데이터: 2292건, 시간 범위: 2025-10-29 00:00:00 ~ 2025-11-05 22:00:00
2025-11-28 11:36:34,574 - app.core.preprocess - INFO - 📊 실제 집계할 컬럼: ['PV_Volt', 'PV_Amp', 'Volt_R', 'Volt_S', 'Volt_T', 'Ampe_R', 'Ampe_S', 'Ampe_T', 'Frequency', 'Today_Generation', 'generate_gap', 'Accum_Generation']
2025-11-28 11:36:34,576 - app.core.preprocess - INFO - 📊 집계 후 데이터: 191건
2025-11-28 11:36:34,578 - app.core.preprocess - INFO - 📊 집계 전 데이터: 573건, 시간 범위: 2025-10-29 00:00:00 ~ 2025-11-05 22:00:00
2025-11-28 11:36:34,578 - app.core.preprocess - INFO - 📊 실제 집계할 컬럼: ['PV_Volt', 'PV_Amp', 'Volt_R', 'Volt_S', 'Volt_T', 'Ampe_R', 'Ampe_S', 'Ampe_T', 'Frequency', 'Today_Generation', 'generate_gap', 'Accum_Generation']
2025-11-28 11:36:34,580 - app.core.preprocess - INFO - 📊 집계 후 데이터: 191건
2025-11-28 11:36:34,581 - app.core.preprocess - INFO - 📊 집계 전 데이터: 573건, 시간 범위: 2025-10-29 00:00:00 ~ 2025-11-05 22:00:00
2025-11-28 11:36:34,581 - app.core.preprocess - INFO - 📊 실제 집계할 컬럼: ['PV_Volt', 'PV_Amp', 'Volt_R', 'Volt_S', 'Volt_T', 'Ampe_R', 'Ampe_S', 'Ampe_T', 'Frequency', 'Today_Generation', 'generate_gap', 'Accum_Generation']
2025-11-28 11:36:34,583 - app.core.preprocess - INFO - 📊 집계 후 데이터: 191건
2025-11-28 11:36:34,584 - app.core.preprocess - INFO - 🏭 Factory_Total 데이터 처리 시작...
2025-11-28 11:36:34,584 - app.core.preprocess - INFO -    📊 Factory_Total 원본 데이터: 3438건
2025-11-28 11:36:34,584 - app.core.preprocess - INFO -    📈 Factory_Total ID 범위: 1 ~ 18
2025-11-28 11:36:34,584 - app.core.preprocess - INFO -    ⏰ Factory_Total 시간 범위: 2025-10-29 00:00:00 ~ 2025-11-05 22:00:00
2025-11-28 11:36:34,585 - app.core.preprocess - INFO -    ✅ generate_gap: min=0.0000, max=60.0000, mean=10.5221, count=3438
2025-11-28 11:36:34,585 - app.core.preprocess - INFO -    ✅ PV_Amp: min=0.0000, max=106.1670, mean=19.3644, count=3438
2025-11-28 11:36:34,587 - app.core.preprocess - INFO - 📊 집계 전 데이터: 3438건, 시간 범위: 2025-10-29 00:00:00 ~ 2025-11-05 22:00:00
2025-11-28 11:36:34,587 - app.core.preprocess - INFO - 📊 실제 집계할 컬럼: ['PV_Volt', 'PV_Amp', 'Volt_R', 'Volt_S', 'Volt_T', 'Ampe_R', 'Ampe_S', 'Ampe_T', 'Frequency', 'Today_Generation', 'generate_gap', 'Accum_Generation']
2025-11-28 11:36:34,591 - app.core.preprocess - INFO - 📊 집계 후 데이터: 191건
2025-11-28 11:36:34,591 - app.core.preprocess - INFO - 공장별 집계 완료
2025-11-28 11:36:34,593 - app.core.preprocess - INFO - 태양광 데이터 품질 체크 완료 - 총 3438건, 결측치 비율: 0.00%
2025-11-28 11:36:34,593 - app.core.preprocess - INFO - A 공장 전처리 완료: 191건
2025-11-28 11:36:34,594 - app.core.preprocess - INFO - B 공장 전처리 완료: 191건
2025-11-28 11:36:34,594 - app.core.preprocess - INFO - C 공장 전처리 완료: 191건
2025-11-28 11:36:34,594 - app.core.preprocess - INFO - 전체체 공장 전처리 완료: 191건
2025-11-28 11:36:34,598 - app.core.preprocess - INFO - 기상 데이터 숫자형 컬럼 타입 변환 완료: ['tmp', 'sky', 'reh', 'wsd', 'apparent_elevation', 'pop']
2025-11-28 11:36:34,600 - app.core.preprocess - INFO - 컬럼명 매핑 완료: ['tmp', 'pop', 'reh', 'wsd', 'sky', 'pty', 'pcp', 'sno', 'tmn', 'tmx', 'uuu', 'vvv', 'wav', 'vec'] → ['1시간기온', '강수확률', '습도', '풍속', '하늘상태', '강수형태', '1시간강수량', '1시간신적설', '일최저기온', '일최고기온', '동서바람성분', '남북바람성분', '파고', '풍향']
2025-11-28 11:36:34,605 - app.core.preprocess - INFO - 📊 전처리된 기상 데이터 샘플 (처음 5개):
2025-11-28 11:36:34,605 - app.core.preprocess - INFO - 기상 데이터 전처리 완료: 47건
2025-11-28 11:36:34,605 - app.core.preprocess - INFO - 기상 데이터 전처리 완료: (47, 49)
2025-11-28 11:36:34,606 - app.core.preprocess - INFO - 전처리 후 컬럼: ['tm', 'pop', 'pty', 'pcp', 'reh', 'sno', 'sky', 'tmp', 'tmn', 'tmx', 'uuu', 'vvv', 'wav', 'vec', 'wsd', 'ics', 'apparent_zenith', 'apparent_elevation', 'azimuth', 'reg_dt', '1시간기온', '강수확률', '습도', '풍속', '하늘상태', '강수형태', '1시간강수량', '1시간신적설', '일최저기온', '일최고기온', '동서바람성분', '남북바람성분', '파고', '풍향', 'hour', 'day_of_week', 'month', 'is_weekend', 'hour_sin', 'hour_cos', 'day_sin', 'day_cos', 'month_sin', 'month_cos', 'is_daylight', 'peak_hours', 'morning_hours', 'evening_hours', 'summer_peak']
2025-11-28 11:36:34,606 - app.core.prediction_pipeline - INFO - 🏭 FactoryA 시퀀스 생성 중...
2025-11-28 11:36:34,606 - app.core.preprocess - INFO - 🔍 개별 시퀀스 생성 시작
2025-11-28 11:36:34,608 - app.core.preprocess - INFO -    Solar 데이터: 191건, features: ['generate_gap', 'PV_Amp']
2025-11-28 11:36:34,608 - app.core.preprocess - INFO -    Solar 범위: 2025-10-29 00:00:00 ~ 2025-11-05 22:00:00
2025-11-28 11:36:34,608 - app.core.preprocess - INFO -    📊 generate_gap: min=0.0000, max=609.0000, mean=124.8901
2025-11-28 11:36:34,608 - app.core.preprocess - INFO -    📊 PV_Amp: min=0.0000, max=98.6042, mean=19.6115
2025-11-28 11:36:34,608 - app.core.preprocess - INFO -    Scaler에서 추출한 Weather features 사용: ['summer_peak', 'hour_cos', 'peak_hours', '1시간기온', '강수확률', '습도', '풍속', '하늘상태', 'apparent_elevation', 'is_daylight', 'morning_hours', 'evening_hours']
2025-11-28 11:36:34,609 - app.core.preprocess - INFO -    Weather DataFrame columns: ['summer_peak', 'hour_cos', 'peak_hours', '1시간기온', '강수확률', '습도', '풍속', '하늘상태', 'apparent_elevation', 'is_daylight', 'morning_hours', 'evening_hours']
2025-11-28 11:36:34,609 - app.core.preprocess - INFO -    Scaler feature names: ['summer_peak', 'hour_cos', 'peak_hours', '1시간기온', '강수확률', '습도', '풍속', '하늘상태', 'apparent_elevation', 'is_daylight', 'morning_hours', 'evening_hours']
2025-11-28 11:36:34,609 - app.core.preprocess - INFO -    Scaler 순서에 맞춰 정렬된 X_weather columns: ['summer_peak', 'hour_cos', 'peak_hours', '1시간기온', '강수확률', '습도', '풍속', '하늘상태', 'apparent_elevation', 'is_daylight', 'morning_hours', 'evening_hours']
2025-11-28 11:36:34,611 - app.core.preprocess - INFO -    Weather 데이터: 47건, features: ['summer_peak', 'hour_cos', 'peak_hours', '1시간기온', '강수확률', '습도', '풍속', '하늘상태', 'apparent_elevation', 'is_daylight', 'morning_hours', 'evening_hours']
2025-11-28 11:36:34,611 - app.core.preprocess - INFO -    Weather 범위: 2025-11-05 00:00:00 ~ 2025-11-06 22:00:00
2025-11-28 11:36:34,611 - app.core.preprocess - INFO -    Solar 최대 시퀀스: 24개
2025-11-28 11:36:34,611 - app.core.preprocess - INFO -    Weather 최대 시퀀스: 24개
2025-11-28 11:36:34,612 - app.core.preprocess - INFO -    생성 가능 시퀀스: 24개
2025-11-28 11:36:34,612 - app.core.preprocess - INFO -    ✅ 시퀀스 생성 완료: 24개
2025-11-28 11:36:34,612 - app.core.preprocess - INFO -    X_solar shape: (24, 168, 2)
2025-11-28 11:36:34,612 - app.core.preprocess - INFO -    X_weather shape: (24, 24, 12)
2025-11-28 11:36:34,612 - app.core.prediction_pipeline - INFO -    ✅ 24개 시퀀스 생성
2025-11-28 11:36:34,612 - app.core.prediction_pipeline - INFO - 🏭 FactoryB 시퀀스 생성 중...
2025-11-28 11:36:34,613 - app.core.preprocess - INFO - 🔍 개별 시퀀스 생성 시작
2025-11-28 11:36:34,614 - app.core.preprocess - INFO -    Solar 데이터: 191건, features: ['generate_gap', 'PV_Amp']
2025-11-28 11:36:34,614 - app.core.preprocess - INFO -    Solar 범위: 2025-10-29 00:00:00 ~ 2025-11-05 22:00:00
2025-11-28 11:36:34,615 - app.core.preprocess - INFO -    📊 generate_gap: min=0.0000, max=160.0000, mean=33.0419
2025-11-28 11:36:34,615 - app.core.preprocess - INFO -    📊 PV_Amp: min=0.0000, max=96.2223, mean=19.0250
2025-11-28 11:36:34,615 - app.core.preprocess - INFO -    Scaler에서 추출한 Weather features 사용: ['summer_peak', 'hour_cos', 'peak_hours', '1시간기온', '강수확률', '습도', '풍속', '하늘상태', 'apparent_elevation', 'is_daylight', 'morning_hours', 'evening_hours']
2025-11-28 11:36:34,615 - app.core.preprocess - INFO -    Weather DataFrame columns: ['summer_peak', 'hour_cos', 'peak_hours', '1시간기온', '강수확률', '습도', '풍속', '하늘상태', 'apparent_elevation', 'is_daylight', 'morning_hours', 'evening_hours']
2025-11-28 11:36:34,616 - app.core.preprocess - INFO -    Scaler feature names: ['summer_peak', 'hour_cos', 'peak_hours', '1시간기온', '강수확률', '습도', '풍속', '하늘상태', 'apparent_elevation', 'is_daylight', 'morning_hours', 'evening_hours']
2025-11-28 11:36:34,616 - app.core.preprocess - INFO -    Scaler 순서에 맞춰 정렬된 X_weather columns: ['summer_peak', 'hour_cos', 'peak_hours', '1시간기온', '강수확률', '습도', '풍속', '하늘상태', 'apparent_elevation', 'is_daylight', 'morning_hours', 'evening_hours']
2025-11-28 11:36:34,617 - app.core.preprocess - INFO -    Weather 데이터: 47건, features: ['summer_peak', 'hour_cos', 'peak_hours', '1시간기온', '강수확률', '습도', '풍속', '하늘상태', 'apparent_elevation', 'is_daylight', 'morning_hours', 'evening_hours']
2025-11-28 11:36:34,617 - app.core.preprocess - INFO -    Weather 범위: 2025-11-05 00:00:00 ~ 2025-11-06 22:00:00
2025-11-28 11:36:34,617 - app.core.preprocess - INFO -    Solar 최대 시퀀스: 24개
2025-11-28 11:36:34,618 - app.core.preprocess - INFO -    Weather 최대 시퀀스: 24개
2025-11-28 11:36:34,618 - app.core.preprocess - INFO -    생성 가능 시퀀스: 24개
2025-11-28 11:36:34,618 - app.core.preprocess - INFO -    ✅ 시퀀스 생성 완료: 24개
2025-11-28 11:36:34,619 - app.core.preprocess - INFO -    X_solar shape: (24, 168, 2)
2025-11-28 11:36:34,619 - app.core.preprocess - INFO -    X_weather shape: (24, 24, 12)
2025-11-28 11:36:34,619 - app.core.prediction_pipeline - INFO -    ✅ 24개 시퀀스 생성
2025-11-28 11:36:34,619 - app.core.prediction_pipeline - INFO - 🏭 FactoryC 시퀀스 생성 중...
2025-11-28 11:36:34,620 - app.core.preprocess - INFO - 🔍 개별 시퀀스 생성 시작
2025-11-28 11:36:34,621 - app.core.preprocess - INFO -    Solar 데이터: 191건, features: ['generate_gap', 'PV_Amp']
2025-11-28 11:36:34,621 - app.core.preprocess - INFO -    Solar 범위: 2025-10-29 00:00:00 ~ 2025-11-05 22:00:00
2025-11-28 11:36:34,621 - app.core.preprocess - INFO -    📊 generate_gap: min=0.0000, max=152.0000, mean=31.4660
2025-11-28 11:36:34,621 - app.core.preprocess - INFO -    📊 PV_Amp: min=0.0000, max=90.7780, mean=18.7152
2025-11-28 11:36:34,621 - app.core.preprocess - INFO -    Scaler에서 추출한 Weather features 사용: ['summer_peak', 'hour_cos', 'peak_hours', '1시간기온', '강수확률', '습도', '풍속', '하늘상태', 'apparent_elevation', 'is_daylight', 'morning_hours', 'evening_hours']
2025-11-28 11:36:34,622 - app.core.preprocess - INFO -    Weather DataFrame columns: ['summer_peak', 'hour_cos', 'peak_hours', '1시간기온', '강수확률', '습도', '풍속', '하늘상태', 'apparent_elevation', 'is_daylight', 'morning_hours', 'evening_hours']
2025-11-28 11:36:34,622 - app.core.preprocess - INFO -    Scaler feature names: ['summer_peak', 'hour_cos', 'peak_hours', '1시간기온', '강수확률', '습도', '풍속', '하늘상태', 'apparent_elevation', 'is_daylight', 'morning_hours', 'evening_hours']
2025-11-28 11:36:34,623 - app.core.preprocess - INFO -    Scaler 순서에 맞춰 정렬된 X_weather columns: ['summer_peak', 'hour_cos', 'peak_hours', '1시간기온', '강수확률', '습도', '풍속', '하늘상태', 'apparent_elevation', 'is_daylight', 'morning_hours', 'evening_hours']
2025-11-28 11:36:34,623 - app.core.preprocess - INFO -    Weather 데이터: 47건, features: ['summer_peak', 'hour_cos', 'peak_hours', '1시간기온', '강수확률', '습도', '풍속', '하늘상태', 'apparent_elevation', 'is_daylight', 'morning_hours', 'evening_hours']
2025-11-28 11:36:34,624 - app.core.preprocess - INFO -    Weather 범위: 2025-11-05 00:00:00 ~ 2025-11-06 22:00:00
2025-11-28 11:36:34,624 - app.core.preprocess - INFO -    Solar 최대 시퀀스: 24개
2025-11-28 11:36:34,624 - app.core.preprocess - INFO -    Weather 최대 시퀀스: 24개
2025-11-28 11:36:34,624 - app.core.preprocess - INFO -    생성 가능 시퀀스: 24개
2025-11-28 11:36:34,624 - app.core.preprocess - INFO -    ✅ 시퀀스 생성 완료: 24개
2025-11-28 11:36:34,624 - app.core.preprocess - INFO -    X_solar shape: (24, 168, 2)
2025-11-28 11:36:34,624 - app.core.preprocess - INFO -    X_weather shape: (24, 24, 12)
2025-11-28 11:36:34,624 - app.core.prediction_pipeline - INFO -    ✅ 24개 시퀀스 생성
2025-11-28 11:36:34,625 - app.core.prediction_pipeline - INFO - 🏭 Factory_Total 시퀀스 생성 중...
2025-11-28 11:36:34,625 - app.core.preprocess - INFO - 🔍 개별 시퀀스 생성 시작
2025-11-28 11:36:34,626 - app.core.preprocess - INFO -    Solar 데이터: 191건, features: ['generate_gap', 'PV_Amp']
2025-11-28 11:36:34,627 - app.core.preprocess - INFO -    Solar 범위: 2025-10-29 00:00:00 ~ 2025-11-05 22:00:00
2025-11-28 11:36:34,627 - app.core.preprocess - INFO -    📊 generate_gap: min=0.0000, max=921.0000, mean=189.3979
2025-11-28 11:36:34,627 - app.core.preprocess - INFO -    📊 PV_Amp: min=0.0000, max=96.9028, mean=19.3644
2025-11-28 11:36:34,627 - app.core.preprocess - INFO -    Scaler에서 추출한 Weather features 사용: ['summer_peak', 'hour_cos', 'peak_hours', '1시간기온', '강수확률', '습도', '풍속', '하늘상태', 'apparent_elevation', 'is_daylight', 'morning_hours', 'evening_hours']
2025-11-28 11:36:34,628 - app.core.preprocess - INFO -    Weather DataFrame columns: ['summer_peak', 'hour_cos', 'peak_hours', '1시간기온', '강수확률', '습도', '풍속', '하늘상태', 'apparent_elevation', 'is_daylight', 'morning_hours', 'evening_hours']
2025-11-28 11:36:34,628 - app.core.preprocess - INFO -    Scaler feature names: ['summer_peak', 'hour_cos', 'peak_hours', '1시간기온', '강수확률', '습도', '풍속', '하늘상태', 'apparent_elevation', 'is_daylight', 'morning_hours', 'evening_hours']
2025-11-28 11:36:34,628 - app.core.preprocess - INFO -    Scaler 순서에 맞춰 정렬된 X_weather columns: ['summer_peak', 'hour_cos', 'peak_hours', '1시간기온', '강수확률', '습도', '풍속', '하늘상태', 'apparent_elevation', 'is_daylight', 'morning_hours', 'evening_hours']
2025-11-28 11:36:34,629 - app.core.preprocess - INFO -    Weather 데이터: 47건, features: ['summer_peak', 'hour_cos', 'peak_hours', '1시간기온', '강수확률', '습도', '풍속', '하늘상태', 'apparent_elevation', 'is_daylight', 'morning_hours', 'evening_hours']
2025-11-28 11:36:34,629 - app.core.preprocess - INFO -    Weather 범위: 2025-11-05 00:00:00 ~ 2025-11-06 22:00:00
2025-11-28 11:36:34,629 - app.core.preprocess - INFO -    Solar 최대 시퀀스: 24개
2025-11-28 11:36:34,630 - app.core.preprocess - INFO -    Weather 최대 시퀀스: 24개
2025-11-28 11:36:34,630 - app.core.preprocess - INFO -    생성 가능 시퀀스: 24개
2025-11-28 11:36:34,630 - app.core.preprocess - INFO -    ✅ 시퀀스 생성 완료: 24개
2025-11-28 11:36:34,630 - app.core.preprocess - INFO -    X_solar shape: (24, 168, 2)
2025-11-28 11:36:34,630 - app.core.preprocess - INFO -    X_weather shape: (24, 24, 12)
2025-11-28 11:36:34,630 - app.core.prediction_pipeline - INFO -    ✅ 24개 시퀀스 생성
2025-11-28 11:36:34,630 - app.models.predictor - INFO - 예측 서비스 초기화 시작...
2025-11-28 11:36:35,359 - app.models.predictor - INFO - 공장 전체 모델 로드 완료: F:\2.프로젝트\[BMT] 수요 맞춤형AI\project\solar_api\app\weights\model9\T_multimodal_solar_model_e500_b8_p100.keras
2025-11-28 11:36:35,360 - app.models.predictor - INFO - A공장 모델 로드 완료: F:\2.프로젝트\[BMT] 수요 맞춤형AI\project\solar_api\app\weights\model9\A_multimodal_solar_model_e500_b8_p100.keras
2025-11-28 11:36:35,363 - app.models.predictor - INFO - B공장 모델 로드 완료: F:\2.프로젝트\[BMT] 수요 맞춤형AI\project\solar_api\app\weights\model9\B_multimodal_solar_model_e500_b8_p100.keras
2025-11-28 11:36:35,365 - app.models.predictor - INFO - C공장 모델 로드 완료: F:\2.프로젝트\[BMT] 수요 맞춤형AI\project\solar_api\app\weights\model9\C_multimodal_solar_model_e500_b8_p100.keras
2025-11-28 11:36:35,366 - app.models.predictor - INFO - ✅ 모든 공장 모델 로드 완료 (A, B, C, Total)
2025-11-28 11:36:35,366 - app.models.predictor - WARNING - 메타데이터 파일이 없어 기본값으로 설정했습니다. (찾는 경로: F:\2.프로젝트\[BMT] 수요 맞춤형AI\project\solar_api\app\weights\model9\T_multimodal_solar_model_e500_b8_p100_v6_metadata.json)
2025-11-28 11:36:35,366 - app.models.predictor - INFO - ✅ 예측 서비스 초기화 완료
2025-11-28 11:36:35,366 - app.core.postprocess - INFO - 후처리기 초기화 시작...
2025-11-28 11:36:35,367 - app.core.postprocess - INFO - A동 출력 스케일러 로드 완료: F:\2.프로젝트\[BMT] 수요 맞춤형AI\project\solar_api\app\weights\model9\A_target_scaler_e500_b8_p100.pkl
2025-11-28 11:36:35,368 - app.core.postprocess - INFO - B동 출력 스케일러 로드 완료: F:\2.프로젝트\[BMT] 수요 맞춤형AI\project\solar_api\app\weights\model9\B_target_scaler_e500_b8_p100.pkl
2025-11-28 11:36:35,368 - app.core.postprocess - INFO - C동 출력 스케일러 로드 완료: F:\2.프로젝트\[BMT] 수요 맞춤형AI\project\solar_api\app\weights\model9\C_target_scaler_e500_b8_p100.pkl
2025-11-28 11:36:35,368 - app.core.postprocess - INFO - 공장 전체 출력 스케일러 로드 완료: F:\2.프로젝트\[BMT] 수요 맞춤형AI\project\solar_api\app\weights\model9\T_target_scaler_e500_b8_p100.pkl
2025-11-28 11:36:35,368 - app.core.postprocess - INFO - ✅ 후처리기 초기화 완료
2025-11-28 11:36:35,369 - app.core.prediction_pipeline - INFO - 🔮 A동: 24개 시퀀스 배치 예측 중...
2025-11-28 11:36:35,369 - app.models.predictor - INFO - 🔮 AI 모델 예측 시작 (FactoryA)...
2025-11-28 11:36:36,114 - app.models.predictor - INFO - ✅ 예측 완료: (24, 24, 1), 처리시간: 0.74초
2025-11-28 11:36:36,253 - app.core.prediction_pipeline - INFO -    예측 완료: (24, 24, 1)
2025-11-28 11:36:36,253 - app.core.prediction_pipeline - INFO -    ✅ A동 예측 데이터 준비 완료: 24개 시퀀스
2025-11-28 11:36:36,253 - app.core.prediction_pipeline - INFO - 🔮 B동: 24개 시퀀스 배치 예측 중...
2025-11-28 11:36:36,253 - app.models.predictor - INFO - 🔮 AI 모델 예측 시작 (FactoryB)...
2025-11-28 11:36:36,966 - app.models.predictor - INFO - ✅ 예측 완료: (24, 24, 1), 처리시간: 0.71초
2025-11-28 11:36:36,967 - app.core.prediction_pipeline - INFO -    예측 완료: (24, 24, 1)
2025-11-28 11:36:36,967 - app.core.prediction_pipeline - INFO -    ✅ B동 예측 데이터 준비 완료: 24개 시퀀스
2025-11-28 11:36:36,967 - app.core.prediction_pipeline - INFO - 🔮 C동: 24개 시퀀스 배치 예측 중...
2025-11-28 11:36:36,967 - app.models.predictor - INFO - 🔮 AI 모델 예측 시작 (FactoryC)...
2025-11-28 11:36:37,713 - app.models.predictor - INFO - ✅ 예측 완료: (24, 24, 1), 처리시간: 0.75초
2025-11-28 11:36:37,714 - app.core.prediction_pipeline - INFO -    예측 완료: (24, 24, 1)
2025-11-28 11:36:37,714 - app.core.prediction_pipeline - INFO -    ✅ C동 예측 데이터 준비 완료: 24개 시퀀스
2025-11-28 11:36:37,714 - app.core.prediction_pipeline - INFO - 🔮 _Total동: 24개 시퀀스 배치 예측 중...
2025-11-28 11:36:37,714 - app.models.predictor - INFO - 🔮 AI 모델 예측 시작 (Factory_Total)...
2025-11-28 11:36:38,453 - app.models.predictor - INFO - ✅ 예측 완료: (24, 24, 1), 처리시간: 0.74초
2025-11-28 11:36:38,453 - app.core.prediction_pipeline - INFO -    예측 완료: (24, 24, 1)
2025-11-28 11:36:38,453 - app.core.prediction_pipeline - INFO -    ✅ _Total동 예측 데이터 준비 완료: 24개 시퀀스
2025-11-28 11:36:38,453 - app.core.prediction_pipeline - INFO - 🔄 앙상블 평균 시작...
2025-11-28 11:36:38,455 - app.core.postprocess - INFO - 🔄 앙상블 평균 시작: 2025-11-05 23:00:00 ~ 2025-11-06 22:00:00
2025-11-28 11:36:38,455 - app.core.postprocess - INFO -    A동: 24개 시퀀스, shape=(24, 24)
2025-11-28 11:36:38,455 - app.core.postprocess - INFO -    역정규화 완료: (24, 24)
2025-11-28 11:36:38,492 - app.core.postprocess - INFO - ✅ A동 앙상블 완료: 24개 시간대, 평균 112.04
2025-11-28 11:36:38,492 - app.core.postprocess - INFO -    B동: 24개 시퀀스, shape=(24, 24)
2025-11-28 11:36:38,492 - app.core.postprocess - INFO -    역정규화 완료: (24, 24)
2025-11-28 11:36:38,517 - app.core.postprocess - INFO - ✅ B동 앙상블 완료: 24개 시간대, 평균 29.83
2025-11-28 11:36:38,517 - app.core.postprocess - INFO -    C동: 24개 시퀀스, shape=(24, 24)
2025-11-28 11:36:38,518 - app.core.postprocess - INFO -    역정규화 완료: (24, 24)
2025-11-28 11:36:38,543 - app.core.postprocess - INFO - ✅ C동 앙상블 완료: 24개 시간대, 평균 28.96
2025-11-28 11:36:38,543 - app.core.postprocess - INFO -    Total동: 24개 시퀀스, shape=(24, 24)
2025-11-28 11:36:38,544 - app.core.postprocess - INFO -    역정규화 완료: (24, 24)
2025-11-28 11:36:38,570 - app.core.postprocess - INFO - ✅ Total동 앙상블 완료: 24개 시간대, 평균 180.30
2025-11-28 11:36:38,570 - app.core.postprocess - INFO - ✅ 앙상블 평균 완료
2025-11-28 11:36:38,570 - app.core.prediction_pipeline - INFO - ✅ 4개 공장, 앙상블 예측 완료
2025-11-28 11:36:38,571 - app.core.prediction_pipeline - INFO - 💾 예측 결과 데이터베이스 저장 시작...
2025-11-28 11:36:38,574 - app.core.db_saver - INFO - 💾 시간별 예측 결과 저장 시작...
2025-11-28 11:36:38,574 - app.core.db_saver - INFO - 📊 저장 테이블: tb_solar_hour
2025-11-28 11:36:38,574 - app.core.db_saver - INFO - 📊 ID 매핑: {'FactoryA': 1, 'A': 1, 'FactoryB': 13, 'B': 13, 'FactoryC': 16, 'C': 16, 'Factory_Total': 1, '_Total': 1}
2025-11-28 11:36:38,575 - app.core.db_saver - INFO - 📊 등록 시간 (reg_dt): 2025-11-28 11:36:38.574386
2025-11-28 11:36:38,575 - app.core.db_saver - INFO - 📊 A 데이터: 시간 24개, 예측값 24개
2025-11-28 11:36:38,583 - app.core.db_saver - INFO - 📊 레코드 생성 완료: 24건 (ID=1)
2025-11-28 11:36:38,757 - app.core.db_saver - INFO - ✅ A: 24건 UPSERT 완료 (ID=1)
2025-11-28 11:36:38,757 - app.core.db_saver - INFO - 📊 B 데이터: 시간 24개, 예측값 24개
2025-11-28 11:36:38,765 - app.core.db_saver - INFO - 📊 레코드 생성 완료: 24건 (ID=13)
2025-11-28 11:36:38,917 - app.core.db_saver - INFO - ✅ B: 24건 UPSERT 완료 (ID=13)
2025-11-28 11:36:38,917 - app.core.db_saver - INFO - 📊 C 데이터: 시간 24개, 예측값 24개
2025-11-28 11:36:38,926 - app.core.db_saver - INFO - 📊 레코드 생성 완료: 24건 (ID=16)
2025-11-28 11:36:39,234 - app.core.db_saver - INFO - ✅ C: 24건 UPSERT 완료 (ID=16)
2025-11-28 11:36:39,234 - app.core.db_saver - WARNING - ⚠️ Total은 ID 매핑에 없습니다. 건너뜁니다.
2025-11-28 11:36:39,234 - app.core.db_saver - INFO - 📊 시간별 전체 저장 완료: 72건 (공장별: {'A': 24, 'B': 24, 'C': 24})
2025-11-28 11:36:39,235 - app.core.prediction_pipeline - INFO - ✅ 시간별 데이터 저장 완료: {'A': 24, 'B': 24, 'C': 24}
2025-11-28 11:36:39,235 - app.core.prediction_pipeline - INFO - 💾 일간 합계 tb_solar_day 저장 시작...
2025-11-28 11:36:39,235 - app.core.db_saver - INFO - 📊 일간 합계 저장 시작 (Factory_Total만 저장)...
2025-11-28 11:36:39,235 - app.core.db_saver - INFO - 📊 저장 테이블: tb_solar_day
2025-11-28 11:36:39,235 - app.core.db_saver - INFO - 📊 기준 날짜: 2025-11-06 00:00:00
2025-11-28 11:36:39,236 - app.core.db_saver - INFO - 📊 등록 시간 (reg_dt): 2025-11-28 11:36:39.236209
2025-11-28 11:36:39,236 - app.core.db_saver - INFO - 📊 Factory_Total 합계: 4327.12867
2025-11-28 11:36:39,236 - app.core.db_saver - INFO - 📊 레코드 생성: ID=1, ymdhms=2025-11-06 00:00:00, YEAR=2025, forecast_quantity=4327.12867, reg_dt=2025-11-28 11:36:39.236209
2025-11-28 11:36:39,534 - app.core.db_saver - INFO - ✅ Factory_Total 일간 합계 저장 완료: 1건 @ 2025-11-06 00:00:00 | reg_dt: 2025-11-28 11:36:39.236209
2025-11-28 11:36:39,534 - app.core.prediction_pipeline - INFO - ✅ 일간 합계 저장 완료: {'Factory_Total': 4327.12867}
2025-11-28 11:36:39,536 - app.core.prediction_pipeline - INFO - ✅ 앙상블 태양광 발전량 예측 완료
2025-11-28 11:36:39,536 - __main__ - INFO - ✅ 예측 실행 성공!
2025-11-28 11:36:39,536 - __main__ - INFO - 📊 예측 날짜: 2025-11-05 00:00:00
2025-11-28 11:36:39,536 - __main__ - INFO - 📊 예측 범위: 2025-11-05 23:00:00 ~ 2025-11-06 22:00:00
2025-11-28 11:36:39,536 - __main__ - INFO - 💾 시간별 데이터 저장: 72건
2025-11-28 11:36:39,536 - __main__ - INFO -    - A: 24건
2025-11-28 11:36:39,537 - __main__ - INFO -    - B: 24건
2025-11-28 11:36:39,537 - __main__ - INFO -    - C: 24건
2025-11-28 11:36:39,537 - __main__ - INFO - 💾 일간 합계 저장:
2025-11-28 11:36:39,537 - __main__ - INFO -    - Factory_Total: 4327.13
2025-11-28 11:36:39,537 - __main__ - INFO - ================================================================================
2025-11-28 11:36:39,537 - __main__ - INFO - 🎉 예측 완료 및 데이터베이스 저장 성공!
2025-11-28 11:36:39,537 - __main__ - INFO - ================================================================================
2025-11-28 11:36:39,537 - __main__ - INFO - ================================================================================
2025-11-28 11:36:39,537 - __main__ - INFO - Solar Prediction Scheduler Completed Successfully
2025-11-28 11:36:39,537 - __main__ - INFO - ================================================================================
2025-11-28 13:06:32,075 - __main__ - INFO - ================================================================================
2025-11-28 13:06:32,076 - __main__ - INFO - Solar Prediction Scheduler Started
2025-11-28 13:06:32,076 - __main__ - INFO - Execution Time: 2025-11-28 13:06:32
2025-11-28 13:06:32,076 - __main__ - INFO - ================================================================================
2025-11-28 13:06:32,085 - __main__ - ERROR - ❌ 잘못된 날짜 형식: Get-Date. YYYY-MM-DD 형식으로 입력해주세요.
2025-11-28 13:06:32,085 - __main__ - ERROR - ================================================================================
2025-11-28 13:06:32,139 - __main__ - INFO - ================================================================================
2025-11-28 13:06:32,140 - __main__ - INFO - Solar Prediction Scheduler Started
2025-11-28 13:06:32,140 - __main__ - INFO - Execution Time: 2025-11-28 13:06:32
2025-11-28 13:06:32,140 - __main__ - INFO - ================================================================================
2025-11-28 13:06:32,149 - __main__ - ERROR - ❌ 잘못된 날짜 형식: 위치. YYYY-MM-DD 형식으로 입력해주세요.
2025-11-28 13:06:32,149 - __main__ - ERROR - ================================================================================
2025-11-28 13:06:32,203 - __main__ - INFO - ================================================================================
2025-11-28 13:06:32,204 - __main__ - INFO - Solar Prediction Scheduler Started
2025-11-28 13:06:32,204 - __main__ - INFO - Execution Time: 2025-11-28 13:06:32
2025-11-28 13:06:32,204 - __main__ - INFO - ================================================================================
2025-11-28 13:06:32,212 - __main__ - ERROR - ❌ 잘못된 날짜 형식: +. YYYY-MM-DD 형식으로 입력해주세요.
2025-11-28 13:06:32,212 - __main__ - ERROR - ================================================================================
2025-11-28 13:06:32,266 - __main__ - INFO - ================================================================================
2025-11-28 13:06:32,266 - __main__ - INFO - Solar Prediction Scheduler Started
2025-11-28 13:06:32,266 - __main__ - INFO - Execution Time: 2025-11-28 13:06:32
2025-11-28 13:06:32,266 - __main__ - INFO - ================================================================================
2025-11-28 13:06:32,275 - __main__ - ERROR - ❌ 잘못된 날짜 형식: +. YYYY-MM-DD 형식으로 입력해주세요.
2025-11-28 13:06:32,275 - __main__ - ERROR - ================================================================================
2025-11-28 13:06:32,328 - __main__ - INFO - ================================================================================
2025-11-28 13:06:32,328 - __main__ - INFO - Solar Prediction Scheduler Started
2025-11-28 13:06:32,328 - __main__ - INFO - Execution Time: 2025-11-28 13:06:32
2025-11-28 13:06:32,328 - __main__ - INFO - ================================================================================
2025-11-28 13:06:32,337 - __main__ - ERROR - ❌ 잘못된 날짜 형식: +. YYYY-MM-DD 형식으로 입력해주세요.
2025-11-28 13:06:32,337 - __main__ - ERROR - ================================================================================
2025-11-28 13:06:32,390 - __main__ - INFO - ================================================================================
2025-11-28 13:06:32,390 - __main__ - INFO - Solar Prediction Scheduler Started
2025-11-28 13:06:32,390 - __main__ - INFO - Execution Time: 2025-11-28 13:06:32
2025-11-28 13:06:32,390 - __main__ - INFO - ================================================================================
2025-11-28 13:06:32,398 - __main__ - ERROR - ❌ 잘못된 날짜 형식: +. YYYY-MM-DD 형식으로 입력해주세요.
2025-11-28 13:06:32,398 - __main__ - ERROR - ================================================================================
2025-11-28 13:06:49,822 - __main__ - INFO - ================================================================================
2025-11-28 13:06:49,823 - __main__ - INFO - Solar Prediction Scheduler Started
2025-11-28 13:06:49,823 - __main__ - INFO - Execution Time: 2025-11-28 13:06:49
2025-11-28 13:06:49,823 - __main__ - INFO - ================================================================================
2025-11-28 13:06:49,832 - __main__ - ERROR - ❌ 잘못된 날짜 형식: Get-Date. YYYY-MM-DD 형식으로 입력해주세요.
2025-11-28 13:06:49,832 - __main__ - ERROR - ================================================================================
2025-11-28 13:06:49,886 - __main__ - INFO - ================================================================================
2025-11-28 13:06:49,886 - __main__ - INFO - Solar Prediction Scheduler Started
2025-11-28 13:06:49,887 - __main__ - INFO - Execution Time: 2025-11-28 13:06:49
2025-11-28 13:06:49,887 - __main__ - INFO - ================================================================================
2025-11-28 13:06:49,896 - __main__ - ERROR - ❌ 잘못된 날짜 형식: 위치. YYYY-MM-DD 형식으로 입력해주세요.
2025-11-28 13:06:49,897 - __main__ - ERROR - ================================================================================
2025-11-28 13:06:49,954 - __main__ - INFO - ================================================================================
2025-11-28 13:06:49,954 - __main__ - INFO - Solar Prediction Scheduler Started
2025-11-28 13:06:49,954 - __main__ - INFO - Execution Time: 2025-11-28 13:06:49
2025-11-28 13:06:49,954 - __main__ - INFO - ================================================================================
2025-11-28 13:06:49,963 - __main__ - ERROR - ❌ 잘못된 날짜 형식: +. YYYY-MM-DD 형식으로 입력해주세요.
2025-11-28 13:06:49,963 - __main__ - ERROR - ================================================================================
2025-11-28 13:06:50,016 - __main__ - INFO - ================================================================================
2025-11-28 13:06:50,016 - __main__ - INFO - Solar Prediction Scheduler Started
2025-11-28 13:06:50,016 - __main__ - INFO - Execution Time: 2025-11-28 13:06:50
2025-11-28 13:06:50,016 - __main__ - INFO - ================================================================================
2025-11-28 13:06:50,025 - __main__ - ERROR - ❌ 잘못된 날짜 형식: +. YYYY-MM-DD 형식으로 입력해주세요.
2025-11-28 13:06:50,025 - __main__ - ERROR - ================================================================================
2025-11-28 13:06:50,079 - __main__ - INFO - ================================================================================
2025-11-28 13:06:50,079 - __main__ - INFO - Solar Prediction Scheduler Started
2025-11-28 13:06:50,079 - __main__ - INFO - Execution Time: 2025-11-28 13:06:50
2025-11-28 13:06:50,080 - __main__ - INFO - ================================================================================
2025-11-28 13:06:50,088 - __main__ - ERROR - ❌ 잘못된 날짜 형식: +. YYYY-MM-DD 형식으로 입력해주세요.
2025-11-28 13:06:50,088 - __main__ - ERROR - ================================================================================
2025-11-28 13:06:50,140 - __main__ - INFO - ================================================================================
2025-11-28 13:06:50,140 - __main__ - INFO - Solar Prediction Scheduler Started
2025-11-28 13:06:50,141 - __main__ - INFO - Execution Time: 2025-11-28 13:06:50
2025-11-28 13:06:50,141 - __main__ - INFO - ================================================================================
2025-11-28 13:06:50,149 - __main__ - ERROR - ❌ 잘못된 날짜 형식: +. YYYY-MM-DD 형식으로 입력해주세요.
2025-11-28 13:06:50,149 - __main__ - ERROR - ================================================================================
2025-11-28 13:07:22,332 - __main__ - INFO - ================================================================================
2025-11-28 13:07:22,332 - __main__ - INFO - Solar Prediction Scheduler Started
2025-11-28 13:07:22,332 - __main__ - INFO - Execution Time: 2025-11-28 13:07:22
2025-11-28 13:07:22,332 - __main__ - INFO - ================================================================================
2025-11-28 13:07:22,393 - __main__ - INFO - ================================================================================
2025-11-28 13:07:22,393 - __main__ - INFO - Solar Prediction Scheduler Started
2025-11-28 13:07:22,393 - __main__ - INFO - Execution Time: 2025-11-28 13:07:22
2025-11-28 13:07:22,393 - __main__ - INFO - ================================================================================
2025-11-28 13:07:22,454 - __main__ - INFO - ================================================================================
2025-11-28 13:07:22,455 - __main__ - INFO - Solar Prediction Scheduler Started
2025-11-28 13:07:22,455 - __main__ - INFO - Execution Time: 2025-11-28 13:07:22
2025-11-28 13:07:22,455 - __main__ - INFO - ================================================================================
2025-11-28 13:07:22,517 - __main__ - INFO - ================================================================================
2025-11-28 13:07:22,518 - __main__ - INFO - Solar Prediction Scheduler Started
2025-11-28 13:07:22,518 - __main__ - INFO - Execution Time: 2025-11-28 13:07:22
2025-11-28 13:07:22,518 - __main__ - INFO - ================================================================================
2025-11-28 13:07:22,578 - __main__ - INFO - ================================================================================
2025-11-28 13:07:22,578 - __main__ - INFO - Solar Prediction Scheduler Started
2025-11-28 13:07:22,579 - __main__ - INFO - Execution Time: 2025-11-28 13:07:22
2025-11-28 13:07:22,579 - __main__ - INFO - ================================================================================
2025-11-28 13:07:22,640 - __main__ - INFO - ================================================================================
2025-11-28 13:07:22,640 - __main__ - INFO - Solar Prediction Scheduler Started
2025-11-28 13:07:22,640 - __main__ - INFO - Execution Time: 2025-11-28 13:07:22
2025-11-28 13:07:22,640 - __main__ - INFO - ================================================================================
2025-11-28 13:07:22,702 - __main__ - INFO - ================================================================================
2025-11-28 13:07:22,702 - __main__ - INFO - Solar Prediction Scheduler Started
2025-11-28 13:07:22,703 - __main__ - INFO - Execution Time: 2025-11-28 13:07:22
2025-11-28 13:07:22,703 - __main__ - INFO - ================================================================================
2025-11-28 13:19:17,993 - __main__ - INFO - ================================================================================
2025-11-28 13:19:17,993 - __main__ - INFO - Solar Prediction Scheduler Started
2025-11-28 13:19:17,993 - __main__ - INFO - Execution Time: 2025-11-28 13:19:17
2025-11-28 13:19:17,993 - __main__ - INFO - ================================================================================
2025-11-28 13:19:18,004 - __main__ - INFO - 📅 입력 날짜: 2025-10-24
2025-11-28 13:19:18,004 - __main__ - INFO - ================================================================================
2025-11-28 13:19:18,004 - __main__ - INFO - 🌞 태양광 예측 자동 실행 시작 (동기식)
2025-11-28 13:19:18,004 - __main__ - INFO - 📅 실행 시간: 2025-11-28 13:19:18
2025-11-28 13:19:18,004 - __main__ - INFO - 📅 날짜 소스: 입력된 날짜
2025-11-28 13:19:18,004 - __main__ - INFO - 📅 지정 날짜: 2025-10-24
2025-11-28 13:19:18,004 - __main__ - INFO - ================================================================================
2025-11-28 13:19:18,260 - __main__ - ERROR - ❌ 모듈 import 오류: numpy.core.multiarray failed to import
Traceback (most recent call last):
  File "C:\Users\user\Desktop\bmt\solar_api\schedule_solar_AI.py", line 78, in run_prediction
    from app.core.prediction_pipeline import run_solar_prediction_pipeline
  File "C:\Users\user\Desktop\bmt\solar_api\app\core\prediction_pipeline.py", line 12, in <module>
    import pandas as pd
  File "C:\Users\user\anaconda3\Lib\site-packages\pandas\__init__.py", line 49, in <module>
    from pandas.core.api import (
  File "C:\Users\user\anaconda3\Lib\site-packages\pandas\core\api.py", line 1, in <module>
    from pandas._libs import (
  File "C:\Users\user\anaconda3\Lib\site-packages\pandas\_libs\__init__.py", line 17, in <module>
    import pandas._libs.pandas_datetime  # noqa: F401 # isort: skip # type: ignore[reportUnusedImport]
    ^^^^^^^^^^^^^^^^^^^^^^^^^^^^^^^^^^^
ImportError: numpy.core.multiarray failed to import
2025-11-28 13:19:18,261 - __main__ - ERROR - app.core.prediction_pipeline 모듈을 찾을 수 없습니다. 프로젝트 루트에서 실행하세요.
2025-11-28 13:19:18,261 - __main__ - INFO - ================================================================================
2025-11-28 13:19:18,261 - __main__ - ERROR - ================================================================================
2025-11-28 13:19:18,261 - __main__ - ERROR - Solar Prediction Scheduler Failed
2025-11-28 13:19:18,261 - __main__ - ERROR - ================================================================================
2025-11-28 13:19:18,334 - __main__ - INFO - ================================================================================
2025-11-28 13:19:18,334 - __main__ - INFO - Solar Prediction Scheduler Started
2025-11-28 13:19:18,334 - __main__ - INFO - Execution Time: 2025-11-28 13:19:18
2025-11-28 13:19:18,334 - __main__ - INFO - ================================================================================
2025-11-28 13:19:18,343 - __main__ - INFO - 📅 입력 날짜: 2025-10-25
2025-11-28 13:19:18,343 - __main__ - INFO - ================================================================================
2025-11-28 13:19:18,343 - __main__ - INFO - 🌞 태양광 예측 자동 실행 시작 (동기식)
2025-11-28 13:19:18,343 - __main__ - INFO - 📅 실행 시간: 2025-11-28 13:19:18
2025-11-28 13:19:18,343 - __main__ - INFO - 📅 날짜 소스: 입력된 날짜
2025-11-28 13:19:18,343 - __main__ - INFO - 📅 지정 날짜: 2025-10-25
2025-11-28 13:19:18,343 - __main__ - INFO - ================================================================================
2025-11-28 13:19:18,476 - __main__ - ERROR - ❌ 모듈 import 오류: numpy.core.multiarray failed to import
Traceback (most recent call last):
  File "C:\Users\user\Desktop\bmt\solar_api\schedule_solar_AI.py", line 78, in run_prediction
    from app.core.prediction_pipeline import run_solar_prediction_pipeline
  File "C:\Users\user\Desktop\bmt\solar_api\app\core\prediction_pipeline.py", line 12, in <module>
    import pandas as pd
  File "C:\Users\user\anaconda3\Lib\site-packages\pandas\__init__.py", line 49, in <module>
    from pandas.core.api import (
  File "C:\Users\user\anaconda3\Lib\site-packages\pandas\core\api.py", line 1, in <module>
    from pandas._libs import (
  File "C:\Users\user\anaconda3\Lib\site-packages\pandas\_libs\__init__.py", line 17, in <module>
    import pandas._libs.pandas_datetime  # noqa: F401 # isort: skip # type: ignore[reportUnusedImport]
    ^^^^^^^^^^^^^^^^^^^^^^^^^^^^^^^^^^^
ImportError: numpy.core.multiarray failed to import
2025-11-28 13:19:18,476 - __main__ - ERROR - app.core.prediction_pipeline 모듈을 찾을 수 없습니다. 프로젝트 루트에서 실행하세요.
2025-11-28 13:19:18,476 - __main__ - INFO - ================================================================================
2025-11-28 13:19:18,476 - __main__ - ERROR - ================================================================================
2025-11-28 13:19:18,476 - __main__ - ERROR - Solar Prediction Scheduler Failed
2025-11-28 13:19:18,476 - __main__ - ERROR - ================================================================================
2025-11-28 13:19:18,548 - __main__ - INFO - ================================================================================
2025-11-28 13:19:18,548 - __main__ - INFO - Solar Prediction Scheduler Started
2025-11-28 13:19:18,548 - __main__ - INFO - Execution Time: 2025-11-28 13:19:18
2025-11-28 13:19:18,549 - __main__ - INFO - ================================================================================
2025-11-28 13:19:18,557 - __main__ - INFO - 📅 입력 날짜: 2025-10-26
2025-11-28 13:19:18,557 - __main__ - INFO - ================================================================================
2025-11-28 13:19:18,557 - __main__ - INFO - 🌞 태양광 예측 자동 실행 시작 (동기식)
2025-11-28 13:19:18,558 - __main__ - INFO - 📅 실행 시간: 2025-11-28 13:19:18
2025-11-28 13:19:18,558 - __main__ - INFO - 📅 날짜 소스: 입력된 날짜
2025-11-28 13:19:18,558 - __main__ - INFO - 📅 지정 날짜: 2025-10-26
2025-11-28 13:19:18,558 - __main__ - INFO - ================================================================================
2025-11-28 13:19:18,682 - __main__ - ERROR - ❌ 모듈 import 오류: numpy.core.multiarray failed to import
Traceback (most recent call last):
  File "C:\Users\user\Desktop\bmt\solar_api\schedule_solar_AI.py", line 78, in run_prediction
    from app.core.prediction_pipeline import run_solar_prediction_pipeline
  File "C:\Users\user\Desktop\bmt\solar_api\app\core\prediction_pipeline.py", line 12, in <module>
    import pandas as pd
  File "C:\Users\user\anaconda3\Lib\site-packages\pandas\__init__.py", line 49, in <module>
    from pandas.core.api import (
  File "C:\Users\user\anaconda3\Lib\site-packages\pandas\core\api.py", line 1, in <module>
    from pandas._libs import (
  File "C:\Users\user\anaconda3\Lib\site-packages\pandas\_libs\__init__.py", line 17, in <module>
    import pandas._libs.pandas_datetime  # noqa: F401 # isort: skip # type: ignore[reportUnusedImport]
    ^^^^^^^^^^^^^^^^^^^^^^^^^^^^^^^^^^^
ImportError: numpy.core.multiarray failed to import
2025-11-28 13:19:18,683 - __main__ - ERROR - app.core.prediction_pipeline 모듈을 찾을 수 없습니다. 프로젝트 루트에서 실행하세요.
2025-11-28 13:19:18,683 - __main__ - INFO - ================================================================================
2025-11-28 13:19:18,683 - __main__ - ERROR - ================================================================================
2025-11-28 13:19:18,683 - __main__ - ERROR - Solar Prediction Scheduler Failed
2025-11-28 13:19:18,683 - __main__ - ERROR - ================================================================================
2025-11-28 13:19:18,754 - __main__ - INFO - ================================================================================
2025-11-28 13:19:18,755 - __main__ - INFO - Solar Prediction Scheduler Started
2025-11-28 13:19:18,755 - __main__ - INFO - Execution Time: 2025-11-28 13:19:18
2025-11-28 13:19:18,755 - __main__ - INFO - ================================================================================
2025-11-28 13:19:18,763 - __main__ - INFO - 📅 입력 날짜: 2025-10-27
2025-11-28 13:19:18,764 - __main__ - INFO - ================================================================================
2025-11-28 13:19:18,764 - __main__ - INFO - 🌞 태양광 예측 자동 실행 시작 (동기식)
2025-11-28 13:19:18,764 - __main__ - INFO - 📅 실행 시간: 2025-11-28 13:19:18
2025-11-28 13:19:18,764 - __main__ - INFO - 📅 날짜 소스: 입력된 날짜
2025-11-28 13:19:18,764 - __main__ - INFO - 📅 지정 날짜: 2025-10-27
2025-11-28 13:19:18,764 - __main__ - INFO - ================================================================================
2025-11-28 13:19:18,890 - __main__ - ERROR - ❌ 모듈 import 오류: numpy.core.multiarray failed to import
Traceback (most recent call last):
  File "C:\Users\user\Desktop\bmt\solar_api\schedule_solar_AI.py", line 78, in run_prediction
    from app.core.prediction_pipeline import run_solar_prediction_pipeline
  File "C:\Users\user\Desktop\bmt\solar_api\app\core\prediction_pipeline.py", line 12, in <module>
    import pandas as pd
  File "C:\Users\user\anaconda3\Lib\site-packages\pandas\__init__.py", line 49, in <module>
    from pandas.core.api import (
  File "C:\Users\user\anaconda3\Lib\site-packages\pandas\core\api.py", line 1, in <module>
    from pandas._libs import (
  File "C:\Users\user\anaconda3\Lib\site-packages\pandas\_libs\__init__.py", line 17, in <module>
    import pandas._libs.pandas_datetime  # noqa: F401 # isort: skip # type: ignore[reportUnusedImport]
    ^^^^^^^^^^^^^^^^^^^^^^^^^^^^^^^^^^^
ImportError: numpy.core.multiarray failed to import
2025-11-28 13:19:18,891 - __main__ - ERROR - app.core.prediction_pipeline 모듈을 찾을 수 없습니다. 프로젝트 루트에서 실행하세요.
2025-11-28 13:19:18,891 - __main__ - INFO - ================================================================================
2025-11-28 13:19:18,891 - __main__ - ERROR - ================================================================================
2025-11-28 13:19:18,891 - __main__ - ERROR - Solar Prediction Scheduler Failed
2025-11-28 13:19:18,891 - __main__ - ERROR - ================================================================================
2025-11-28 13:19:18,963 - __main__ - INFO - ================================================================================
2025-11-28 13:19:18,963 - __main__ - INFO - Solar Prediction Scheduler Started
2025-11-28 13:19:18,963 - __main__ - INFO - Execution Time: 2025-11-28 13:19:18
2025-11-28 13:19:18,964 - __main__ - INFO - ================================================================================
2025-11-28 13:19:18,973 - __main__ - INFO - 📅 입력 날짜: 2025-10-28
2025-11-28 13:19:18,973 - __main__ - INFO - ================================================================================
2025-11-28 13:19:18,973 - __main__ - INFO - 🌞 태양광 예측 자동 실행 시작 (동기식)
2025-11-28 13:19:18,973 - __main__ - INFO - 📅 실행 시간: 2025-11-28 13:19:18
2025-11-28 13:19:18,973 - __main__ - INFO - 📅 날짜 소스: 입력된 날짜
2025-11-28 13:19:18,973 - __main__ - INFO - 📅 지정 날짜: 2025-10-28
2025-11-28 13:19:18,973 - __main__ - INFO - ================================================================================
2025-11-28 13:19:19,101 - __main__ - ERROR - ❌ 모듈 import 오류: numpy.core.multiarray failed to import
Traceback (most recent call last):
  File "C:\Users\user\Desktop\bmt\solar_api\schedule_solar_AI.py", line 78, in run_prediction
    from app.core.prediction_pipeline import run_solar_prediction_pipeline
  File "C:\Users\user\Desktop\bmt\solar_api\app\core\prediction_pipeline.py", line 12, in <module>
    import pandas as pd
  File "C:\Users\user\anaconda3\Lib\site-packages\pandas\__init__.py", line 49, in <module>
    from pandas.core.api import (
  File "C:\Users\user\anaconda3\Lib\site-packages\pandas\core\api.py", line 1, in <module>
    from pandas._libs import (
  File "C:\Users\user\anaconda3\Lib\site-packages\pandas\_libs\__init__.py", line 17, in <module>
    import pandas._libs.pandas_datetime  # noqa: F401 # isort: skip # type: ignore[reportUnusedImport]
    ^^^^^^^^^^^^^^^^^^^^^^^^^^^^^^^^^^^
ImportError: numpy.core.multiarray failed to import
2025-11-28 13:19:19,102 - __main__ - ERROR - app.core.prediction_pipeline 모듈을 찾을 수 없습니다. 프로젝트 루트에서 실행하세요.
2025-11-28 13:19:19,102 - __main__ - INFO - ================================================================================
2025-11-28 13:19:19,102 - __main__ - ERROR - ================================================================================
2025-11-28 13:19:19,102 - __main__ - ERROR - Solar Prediction Scheduler Failed
2025-11-28 13:19:19,102 - __main__ - ERROR - ================================================================================
2025-11-28 13:19:19,172 - __main__ - INFO - ================================================================================
2025-11-28 13:19:19,173 - __main__ - INFO - Solar Prediction Scheduler Started
2025-11-28 13:19:19,173 - __main__ - INFO - Execution Time: 2025-11-28 13:19:19
2025-11-28 13:19:19,173 - __main__ - INFO - ================================================================================
2025-11-28 13:19:19,182 - __main__ - INFO - 📅 입력 날짜: 2025-10-29
2025-11-28 13:19:19,182 - __main__ - INFO - ================================================================================
2025-11-28 13:19:19,182 - __main__ - INFO - 🌞 태양광 예측 자동 실행 시작 (동기식)
2025-11-28 13:19:19,182 - __main__ - INFO - 📅 실행 시간: 2025-11-28 13:19:19
2025-11-28 13:19:19,182 - __main__ - INFO - 📅 날짜 소스: 입력된 날짜
2025-11-28 13:19:19,182 - __main__ - INFO - 📅 지정 날짜: 2025-10-29
2025-11-28 13:19:19,182 - __main__ - INFO - ================================================================================
2025-11-28 13:19:19,306 - __main__ - ERROR - ❌ 모듈 import 오류: numpy.core.multiarray failed to import
Traceback (most recent call last):
  File "C:\Users\user\Desktop\bmt\solar_api\schedule_solar_AI.py", line 78, in run_prediction
    from app.core.prediction_pipeline import run_solar_prediction_pipeline
  File "C:\Users\user\Desktop\bmt\solar_api\app\core\prediction_pipeline.py", line 12, in <module>
    import pandas as pd
  File "C:\Users\user\anaconda3\Lib\site-packages\pandas\__init__.py", line 49, in <module>
    from pandas.core.api import (
  File "C:\Users\user\anaconda3\Lib\site-packages\pandas\core\api.py", line 1, in <module>
    from pandas._libs import (
  File "C:\Users\user\anaconda3\Lib\site-packages\pandas\_libs\__init__.py", line 17, in <module>
    import pandas._libs.pandas_datetime  # noqa: F401 # isort: skip # type: ignore[reportUnusedImport]
    ^^^^^^^^^^^^^^^^^^^^^^^^^^^^^^^^^^^
ImportError: numpy.core.multiarray failed to import
2025-11-28 13:19:19,306 - __main__ - ERROR - app.core.prediction_pipeline 모듈을 찾을 수 없습니다. 프로젝트 루트에서 실행하세요.
2025-11-28 13:19:19,306 - __main__ - INFO - ================================================================================
2025-11-28 13:19:19,307 - __main__ - ERROR - ================================================================================
2025-11-28 13:19:19,307 - __main__ - ERROR - Solar Prediction Scheduler Failed
2025-11-28 13:19:19,307 - __main__ - ERROR - ================================================================================
2025-11-28 13:19:19,377 - __main__ - INFO - ================================================================================
2025-11-28 13:19:19,377 - __main__ - INFO - Solar Prediction Scheduler Started
2025-11-28 13:19:19,377 - __main__ - INFO - Execution Time: 2025-11-28 13:19:19
2025-11-28 13:19:19,377 - __main__ - INFO - ================================================================================
2025-11-28 13:19:19,386 - __main__ - INFO - 📅 입력 날짜: 2025-10-30
2025-11-28 13:19:19,386 - __main__ - INFO - ================================================================================
2025-11-28 13:19:19,386 - __main__ - INFO - 🌞 태양광 예측 자동 실행 시작 (동기식)
2025-11-28 13:19:19,386 - __main__ - INFO - 📅 실행 시간: 2025-11-28 13:19:19
2025-11-28 13:19:19,386 - __main__ - INFO - 📅 날짜 소스: 입력된 날짜
2025-11-28 13:19:19,386 - __main__ - INFO - 📅 지정 날짜: 2025-10-30
2025-11-28 13:19:19,386 - __main__ - INFO - ================================================================================
2025-11-28 13:19:19,512 - __main__ - ERROR - ❌ 모듈 import 오류: numpy.core.multiarray failed to import
Traceback (most recent call last):
  File "C:\Users\user\Desktop\bmt\solar_api\schedule_solar_AI.py", line 78, in run_prediction
    from app.core.prediction_pipeline import run_solar_prediction_pipeline
  File "C:\Users\user\Desktop\bmt\solar_api\app\core\prediction_pipeline.py", line 12, in <module>
    import pandas as pd
  File "C:\Users\user\anaconda3\Lib\site-packages\pandas\__init__.py", line 49, in <module>
    from pandas.core.api import (
  File "C:\Users\user\anaconda3\Lib\site-packages\pandas\core\api.py", line 1, in <module>
    from pandas._libs import (
  File "C:\Users\user\anaconda3\Lib\site-packages\pandas\_libs\__init__.py", line 17, in <module>
    import pandas._libs.pandas_datetime  # noqa: F401 # isort: skip # type: ignore[reportUnusedImport]
    ^^^^^^^^^^^^^^^^^^^^^^^^^^^^^^^^^^^
ImportError: numpy.core.multiarray failed to import
2025-11-28 13:19:19,512 - __main__ - ERROR - app.core.prediction_pipeline 모듈을 찾을 수 없습니다. 프로젝트 루트에서 실행하세요.
2025-11-28 13:19:19,512 - __main__ - INFO - ================================================================================
2025-11-28 13:19:19,512 - __main__ - ERROR - ================================================================================
2025-11-28 13:19:19,512 - __main__ - ERROR - Solar Prediction Scheduler Failed
2025-11-28 13:19:19,512 - __main__ - ERROR - ================================================================================
2025-11-28 13:19:19,583 - __main__ - INFO - ================================================================================
2025-11-28 13:19:19,583 - __main__ - INFO - Solar Prediction Scheduler Started
2025-11-28 13:19:19,583 - __main__ - INFO - Execution Time: 2025-11-28 13:19:19
2025-11-28 13:19:19,583 - __main__ - INFO - ================================================================================
2025-11-28 13:19:19,592 - __main__ - INFO - 📅 입력 날짜: 2025-10-31
2025-11-28 13:19:19,592 - __main__ - INFO - ================================================================================
2025-11-28 13:19:19,593 - __main__ - INFO - 🌞 태양광 예측 자동 실행 시작 (동기식)
2025-11-28 13:19:19,593 - __main__ - INFO - 📅 실행 시간: 2025-11-28 13:19:19
2025-11-28 13:19:19,593 - __main__ - INFO - 📅 날짜 소스: 입력된 날짜
2025-11-28 13:19:19,593 - __main__ - INFO - 📅 지정 날짜: 2025-10-31
2025-11-28 13:19:19,593 - __main__ - INFO - ================================================================================
2025-11-28 13:19:19,716 - __main__ - ERROR - ❌ 모듈 import 오류: numpy.core.multiarray failed to import
Traceback (most recent call last):
  File "C:\Users\user\Desktop\bmt\solar_api\schedule_solar_AI.py", line 78, in run_prediction
    from app.core.prediction_pipeline import run_solar_prediction_pipeline
  File "C:\Users\user\Desktop\bmt\solar_api\app\core\prediction_pipeline.py", line 12, in <module>
    import pandas as pd
  File "C:\Users\user\anaconda3\Lib\site-packages\pandas\__init__.py", line 49, in <module>
    from pandas.core.api import (
  File "C:\Users\user\anaconda3\Lib\site-packages\pandas\core\api.py", line 1, in <module>
    from pandas._libs import (
  File "C:\Users\user\anaconda3\Lib\site-packages\pandas\_libs\__init__.py", line 17, in <module>
    import pandas._libs.pandas_datetime  # noqa: F401 # isort: skip # type: ignore[reportUnusedImport]
    ^^^^^^^^^^^^^^^^^^^^^^^^^^^^^^^^^^^
ImportError: numpy.core.multiarray failed to import
2025-11-28 13:19:19,717 - __main__ - ERROR - app.core.prediction_pipeline 모듈을 찾을 수 없습니다. 프로젝트 루트에서 실행하세요.
2025-11-28 13:19:19,717 - __main__ - INFO - ================================================================================
2025-11-28 13:19:19,717 - __main__ - ERROR - ================================================================================
2025-11-28 13:19:19,717 - __main__ - ERROR - Solar Prediction Scheduler Failed
2025-11-28 13:19:19,717 - __main__ - ERROR - ================================================================================
2025-11-28 13:19:19,790 - __main__ - INFO - ================================================================================
2025-11-28 13:19:19,790 - __main__ - INFO - Solar Prediction Scheduler Started
2025-11-28 13:19:19,790 - __main__ - INFO - Execution Time: 2025-11-28 13:19:19
2025-11-28 13:19:19,790 - __main__ - INFO - ================================================================================
2025-11-28 13:19:19,800 - __main__ - INFO - 📅 입력 날짜: 2025-11-01
2025-11-28 13:19:19,800 - __main__ - INFO - ================================================================================
2025-11-28 13:19:19,800 - __main__ - INFO - 🌞 태양광 예측 자동 실행 시작 (동기식)
2025-11-28 13:19:19,800 - __main__ - INFO - 📅 실행 시간: 2025-11-28 13:19:19
2025-11-28 13:19:19,800 - __main__ - INFO - 📅 날짜 소스: 입력된 날짜
2025-11-28 13:19:19,800 - __main__ - INFO - 📅 지정 날짜: 2025-11-01
2025-11-28 13:19:19,800 - __main__ - INFO - ================================================================================
2025-11-28 13:19:19,936 - __main__ - ERROR - ❌ 모듈 import 오류: numpy.core.multiarray failed to import
Traceback (most recent call last):
  File "C:\Users\user\Desktop\bmt\solar_api\schedule_solar_AI.py", line 78, in run_prediction
    from app.core.prediction_pipeline import run_solar_prediction_pipeline
  File "C:\Users\user\Desktop\bmt\solar_api\app\core\prediction_pipeline.py", line 12, in <module>
    import pandas as pd
  File "C:\Users\user\anaconda3\Lib\site-packages\pandas\__init__.py", line 49, in <module>
    from pandas.core.api import (
  File "C:\Users\user\anaconda3\Lib\site-packages\pandas\core\api.py", line 1, in <module>
    from pandas._libs import (
  File "C:\Users\user\anaconda3\Lib\site-packages\pandas\_libs\__init__.py", line 17, in <module>
    import pandas._libs.pandas_datetime  # noqa: F401 # isort: skip # type: ignore[reportUnusedImport]
    ^^^^^^^^^^^^^^^^^^^^^^^^^^^^^^^^^^^
ImportError: numpy.core.multiarray failed to import
2025-11-28 13:19:19,937 - __main__ - ERROR - app.core.prediction_pipeline 모듈을 찾을 수 없습니다. 프로젝트 루트에서 실행하세요.
2025-11-28 13:19:19,937 - __main__ - INFO - ================================================================================
2025-11-28 13:19:19,937 - __main__ - ERROR - ================================================================================
2025-11-28 13:19:19,937 - __main__ - ERROR - Solar Prediction Scheduler Failed
2025-11-28 13:19:19,937 - __main__ - ERROR - ================================================================================
2025-11-28 13:19:20,011 - __main__ - INFO - ================================================================================
2025-11-28 13:19:20,011 - __main__ - INFO - Solar Prediction Scheduler Started
2025-11-28 13:19:20,011 - __main__ - INFO - Execution Time: 2025-11-28 13:19:20
2025-11-28 13:19:20,011 - __main__ - INFO - ================================================================================
2025-11-28 13:19:20,020 - __main__ - INFO - 📅 입력 날짜: 2025-11-02
2025-11-28 13:19:20,020 - __main__ - INFO - ================================================================================
2025-11-28 13:19:20,020 - __main__ - INFO - 🌞 태양광 예측 자동 실행 시작 (동기식)
2025-11-28 13:19:20,020 - __main__ - INFO - 📅 실행 시간: 2025-11-28 13:19:20
2025-11-28 13:19:20,020 - __main__ - INFO - 📅 날짜 소스: 입력된 날짜
2025-11-28 13:19:20,020 - __main__ - INFO - 📅 지정 날짜: 2025-11-02
2025-11-28 13:19:20,020 - __main__ - INFO - ================================================================================
2025-11-28 13:19:20,146 - __main__ - ERROR - ❌ 모듈 import 오류: numpy.core.multiarray failed to import
Traceback (most recent call last):
  File "C:\Users\user\Desktop\bmt\solar_api\schedule_solar_AI.py", line 78, in run_prediction
    from app.core.prediction_pipeline import run_solar_prediction_pipeline
  File "C:\Users\user\Desktop\bmt\solar_api\app\core\prediction_pipeline.py", line 12, in <module>
    import pandas as pd
  File "C:\Users\user\anaconda3\Lib\site-packages\pandas\__init__.py", line 49, in <module>
    from pandas.core.api import (
  File "C:\Users\user\anaconda3\Lib\site-packages\pandas\core\api.py", line 1, in <module>
    from pandas._libs import (
  File "C:\Users\user\anaconda3\Lib\site-packages\pandas\_libs\__init__.py", line 17, in <module>
    import pandas._libs.pandas_datetime  # noqa: F401 # isort: skip # type: ignore[reportUnusedImport]
    ^^^^^^^^^^^^^^^^^^^^^^^^^^^^^^^^^^^
ImportError: numpy.core.multiarray failed to import
2025-11-28 13:19:20,146 - __main__ - ERROR - app.core.prediction_pipeline 모듈을 찾을 수 없습니다. 프로젝트 루트에서 실행하세요.
2025-11-28 13:19:20,146 - __main__ - INFO - ================================================================================
2025-11-28 13:19:20,146 - __main__ - ERROR - ================================================================================
2025-11-28 13:19:20,146 - __main__ - ERROR - Solar Prediction Scheduler Failed
2025-11-28 13:19:20,146 - __main__ - ERROR - ================================================================================
2025-11-28 13:19:20,216 - __main__ - INFO - ================================================================================
2025-11-28 13:19:20,217 - __main__ - INFO - Solar Prediction Scheduler Started
2025-11-28 13:19:20,217 - __main__ - INFO - Execution Time: 2025-11-28 13:19:20
2025-11-28 13:19:20,217 - __main__ - INFO - ================================================================================
2025-11-28 13:19:20,226 - __main__ - INFO - 📅 입력 날짜: 2025-11-03
2025-11-28 13:19:20,226 - __main__ - INFO - ================================================================================
2025-11-28 13:19:20,226 - __main__ - INFO - 🌞 태양광 예측 자동 실행 시작 (동기식)
2025-11-28 13:19:20,226 - __main__ - INFO - 📅 실행 시간: 2025-11-28 13:19:20
2025-11-28 13:19:20,226 - __main__ - INFO - 📅 날짜 소스: 입력된 날짜
2025-11-28 13:19:20,226 - __main__ - INFO - 📅 지정 날짜: 2025-11-03
2025-11-28 13:19:20,227 - __main__ - INFO - ================================================================================
2025-11-28 13:19:20,352 - __main__ - ERROR - ❌ 모듈 import 오류: numpy.core.multiarray failed to import
Traceback (most recent call last):
  File "C:\Users\user\Desktop\bmt\solar_api\schedule_solar_AI.py", line 78, in run_prediction
    from app.core.prediction_pipeline import run_solar_prediction_pipeline
  File "C:\Users\user\Desktop\bmt\solar_api\app\core\prediction_pipeline.py", line 12, in <module>
    import pandas as pd
  File "C:\Users\user\anaconda3\Lib\site-packages\pandas\__init__.py", line 49, in <module>
    from pandas.core.api import (
  File "C:\Users\user\anaconda3\Lib\site-packages\pandas\core\api.py", line 1, in <module>
    from pandas._libs import (
  File "C:\Users\user\anaconda3\Lib\site-packages\pandas\_libs\__init__.py", line 17, in <module>
    import pandas._libs.pandas_datetime  # noqa: F401 # isort: skip # type: ignore[reportUnusedImport]
    ^^^^^^^^^^^^^^^^^^^^^^^^^^^^^^^^^^^
ImportError: numpy.core.multiarray failed to import
2025-11-28 13:19:20,352 - __main__ - ERROR - app.core.prediction_pipeline 모듈을 찾을 수 없습니다. 프로젝트 루트에서 실행하세요.
2025-11-28 13:19:20,353 - __main__ - INFO - ================================================================================
2025-11-28 13:19:20,353 - __main__ - ERROR - ================================================================================
2025-11-28 13:19:20,353 - __main__ - ERROR - Solar Prediction Scheduler Failed
2025-11-28 13:19:20,353 - __main__ - ERROR - ================================================================================
2025-11-28 13:19:53,897 - __main__ - INFO - ================================================================================
2025-11-28 13:19:53,897 - __main__ - INFO - Solar Prediction Scheduler Started
2025-11-28 13:19:53,897 - __main__ - INFO - Execution Time: 2025-11-28 13:19:53
2025-11-28 13:19:53,897 - __main__ - INFO - ================================================================================
2025-11-28 13:19:53,906 - __main__ - INFO - 📅 입력 날짜: 2025-10-24
2025-11-28 13:19:53,907 - __main__ - INFO - ================================================================================
2025-11-28 13:19:53,907 - __main__ - INFO - 🌞 태양광 예측 자동 실행 시작 (동기식)
2025-11-28 13:19:53,907 - __main__ - INFO - 📅 실행 시간: 2025-11-28 13:19:53
2025-11-28 13:19:53,907 - __main__ - INFO - 📅 날짜 소스: 입력된 날짜
2025-11-28 13:19:53,907 - __main__ - INFO - 📅 지정 날짜: 2025-10-24
2025-11-28 13:19:53,907 - __main__ - INFO - ================================================================================
2025-11-28 13:19:54,036 - __main__ - ERROR - ❌ 모듈 import 오류: numpy.core.multiarray failed to import
Traceback (most recent call last):
  File "C:\Users\user\Desktop\bmt\solar_api\schedule_solar_AI.py", line 78, in run_prediction
    from app.core.prediction_pipeline import run_solar_prediction_pipeline
  File "C:\Users\user\Desktop\bmt\solar_api\app\core\prediction_pipeline.py", line 12, in <module>
    import pandas as pd
  File "C:\Users\user\anaconda3\Lib\site-packages\pandas\__init__.py", line 49, in <module>
    from pandas.core.api import (
  File "C:\Users\user\anaconda3\Lib\site-packages\pandas\core\api.py", line 1, in <module>
    from pandas._libs import (
  File "C:\Users\user\anaconda3\Lib\site-packages\pandas\_libs\__init__.py", line 17, in <module>
    import pandas._libs.pandas_datetime  # noqa: F401 # isort: skip # type: ignore[reportUnusedImport]
    ^^^^^^^^^^^^^^^^^^^^^^^^^^^^^^^^^^^
ImportError: numpy.core.multiarray failed to import
2025-11-28 13:19:54,036 - __main__ - ERROR - app.core.prediction_pipeline 모듈을 찾을 수 없습니다. 프로젝트 루트에서 실행하세요.
2025-11-28 13:19:54,036 - __main__ - INFO - ================================================================================
2025-11-28 13:19:54,037 - __main__ - ERROR - ================================================================================
2025-11-28 13:19:54,037 - __main__ - ERROR - Solar Prediction Scheduler Failed
2025-11-28 13:19:54,037 - __main__ - ERROR - ================================================================================
2025-11-28 13:19:54,106 - __main__ - INFO - ================================================================================
2025-11-28 13:19:54,106 - __main__ - INFO - Solar Prediction Scheduler Started
2025-11-28 13:19:54,106 - __main__ - INFO - Execution Time: 2025-11-28 13:19:54
2025-11-28 13:19:54,106 - __main__ - INFO - ================================================================================
2025-11-28 13:19:54,115 - __main__ - INFO - 📅 입력 날짜: 2025-10-25
2025-11-28 13:19:54,115 - __main__ - INFO - ================================================================================
2025-11-28 13:19:54,115 - __main__ - INFO - 🌞 태양광 예측 자동 실행 시작 (동기식)
2025-11-28 13:19:54,115 - __main__ - INFO - 📅 실행 시간: 2025-11-28 13:19:54
2025-11-28 13:19:54,115 - __main__ - INFO - 📅 날짜 소스: 입력된 날짜
2025-11-28 13:19:54,115 - __main__ - INFO - 📅 지정 날짜: 2025-10-25
2025-11-28 13:19:54,116 - __main__ - INFO - ================================================================================
2025-11-28 13:19:54,239 - __main__ - ERROR - ❌ 모듈 import 오류: numpy.core.multiarray failed to import
Traceback (most recent call last):
  File "C:\Users\user\Desktop\bmt\solar_api\schedule_solar_AI.py", line 78, in run_prediction
    from app.core.prediction_pipeline import run_solar_prediction_pipeline
  File "C:\Users\user\Desktop\bmt\solar_api\app\core\prediction_pipeline.py", line 12, in <module>
    import pandas as pd
  File "C:\Users\user\anaconda3\Lib\site-packages\pandas\__init__.py", line 49, in <module>
    from pandas.core.api import (
  File "C:\Users\user\anaconda3\Lib\site-packages\pandas\core\api.py", line 1, in <module>
    from pandas._libs import (
  File "C:\Users\user\anaconda3\Lib\site-packages\pandas\_libs\__init__.py", line 17, in <module>
    import pandas._libs.pandas_datetime  # noqa: F401 # isort: skip # type: ignore[reportUnusedImport]
    ^^^^^^^^^^^^^^^^^^^^^^^^^^^^^^^^^^^
ImportError: numpy.core.multiarray failed to import
2025-11-28 13:19:54,239 - __main__ - ERROR - app.core.prediction_pipeline 모듈을 찾을 수 없습니다. 프로젝트 루트에서 실행하세요.
2025-11-28 13:19:54,239 - __main__ - INFO - ================================================================================
2025-11-28 13:19:54,240 - __main__ - ERROR - ================================================================================
2025-11-28 13:19:54,240 - __main__ - ERROR - Solar Prediction Scheduler Failed
2025-11-28 13:19:54,240 - __main__ - ERROR - ================================================================================
2025-11-28 13:19:54,307 - __main__ - INFO - ================================================================================
2025-11-28 13:19:54,307 - __main__ - INFO - Solar Prediction Scheduler Started
2025-11-28 13:19:54,307 - __main__ - INFO - Execution Time: 2025-11-28 13:19:54
2025-11-28 13:19:54,307 - __main__ - INFO - ================================================================================
2025-11-28 13:19:54,317 - __main__ - INFO - 📅 입력 날짜: 2025-10-26
2025-11-28 13:19:54,317 - __main__ - INFO - ================================================================================
2025-11-28 13:19:54,317 - __main__ - INFO - 🌞 태양광 예측 자동 실행 시작 (동기식)
2025-11-28 13:19:54,317 - __main__ - INFO - 📅 실행 시간: 2025-11-28 13:19:54
2025-11-28 13:19:54,317 - __main__ - INFO - 📅 날짜 소스: 입력된 날짜
2025-11-28 13:19:54,317 - __main__ - INFO - 📅 지정 날짜: 2025-10-26
2025-11-28 13:19:54,317 - __main__ - INFO - ================================================================================
2025-11-28 13:19:54,441 - __main__ - ERROR - ❌ 모듈 import 오류: numpy.core.multiarray failed to import
Traceback (most recent call last):
  File "C:\Users\user\Desktop\bmt\solar_api\schedule_solar_AI.py", line 78, in run_prediction
    from app.core.prediction_pipeline import run_solar_prediction_pipeline
  File "C:\Users\user\Desktop\bmt\solar_api\app\core\prediction_pipeline.py", line 12, in <module>
    import pandas as pd
  File "C:\Users\user\anaconda3\Lib\site-packages\pandas\__init__.py", line 49, in <module>
    from pandas.core.api import (
  File "C:\Users\user\anaconda3\Lib\site-packages\pandas\core\api.py", line 1, in <module>
    from pandas._libs import (
  File "C:\Users\user\anaconda3\Lib\site-packages\pandas\_libs\__init__.py", line 17, in <module>
    import pandas._libs.pandas_datetime  # noqa: F401 # isort: skip # type: ignore[reportUnusedImport]
    ^^^^^^^^^^^^^^^^^^^^^^^^^^^^^^^^^^^
ImportError: numpy.core.multiarray failed to import
2025-11-28 13:19:54,441 - __main__ - ERROR - app.core.prediction_pipeline 모듈을 찾을 수 없습니다. 프로젝트 루트에서 실행하세요.
2025-11-28 13:19:54,441 - __main__ - INFO - ================================================================================
2025-11-28 13:19:54,441 - __main__ - ERROR - ================================================================================
2025-11-28 13:19:54,441 - __main__ - ERROR - Solar Prediction Scheduler Failed
2025-11-28 13:19:54,441 - __main__ - ERROR - ================================================================================
2025-11-28 13:19:54,509 - __main__ - INFO - ================================================================================
2025-11-28 13:19:54,509 - __main__ - INFO - Solar Prediction Scheduler Started
2025-11-28 13:19:54,509 - __main__ - INFO - Execution Time: 2025-11-28 13:19:54
2025-11-28 13:19:54,509 - __main__ - INFO - ================================================================================
2025-11-28 13:19:54,518 - __main__ - INFO - 📅 입력 날짜: 2025-10-27
2025-11-28 13:19:54,518 - __main__ - INFO - ================================================================================
2025-11-28 13:19:54,518 - __main__ - INFO - 🌞 태양광 예측 자동 실행 시작 (동기식)
2025-11-28 13:19:54,518 - __main__ - INFO - 📅 실행 시간: 2025-11-28 13:19:54
2025-11-28 13:19:54,518 - __main__ - INFO - 📅 날짜 소스: 입력된 날짜
2025-11-28 13:19:54,518 - __main__ - INFO - 📅 지정 날짜: 2025-10-27
2025-11-28 13:19:54,518 - __main__ - INFO - ================================================================================
2025-11-28 13:19:54,643 - __main__ - ERROR - ❌ 모듈 import 오류: numpy.core.multiarray failed to import
Traceback (most recent call last):
  File "C:\Users\user\Desktop\bmt\solar_api\schedule_solar_AI.py", line 78, in run_prediction
    from app.core.prediction_pipeline import run_solar_prediction_pipeline
  File "C:\Users\user\Desktop\bmt\solar_api\app\core\prediction_pipeline.py", line 12, in <module>
    import pandas as pd
  File "C:\Users\user\anaconda3\Lib\site-packages\pandas\__init__.py", line 49, in <module>
    from pandas.core.api import (
  File "C:\Users\user\anaconda3\Lib\site-packages\pandas\core\api.py", line 1, in <module>
    from pandas._libs import (
  File "C:\Users\user\anaconda3\Lib\site-packages\pandas\_libs\__init__.py", line 17, in <module>
    import pandas._libs.pandas_datetime  # noqa: F401 # isort: skip # type: ignore[reportUnusedImport]
    ^^^^^^^^^^^^^^^^^^^^^^^^^^^^^^^^^^^
ImportError: numpy.core.multiarray failed to import
2025-11-28 13:19:54,643 - __main__ - ERROR - app.core.prediction_pipeline 모듈을 찾을 수 없습니다. 프로젝트 루트에서 실행하세요.
2025-11-28 13:19:54,644 - __main__ - INFO - ================================================================================
2025-11-28 13:19:54,644 - __main__ - ERROR - ================================================================================
2025-11-28 13:19:54,644 - __main__ - ERROR - Solar Prediction Scheduler Failed
2025-11-28 13:19:54,644 - __main__ - ERROR - ================================================================================
2025-11-28 13:19:54,711 - __main__ - INFO - ================================================================================
2025-11-28 13:19:54,711 - __main__ - INFO - Solar Prediction Scheduler Started
2025-11-28 13:19:54,711 - __main__ - INFO - Execution Time: 2025-11-28 13:19:54
2025-11-28 13:19:54,711 - __main__ - INFO - ================================================================================
2025-11-28 13:19:54,720 - __main__ - INFO - 📅 입력 날짜: 2025-10-28
2025-11-28 13:19:54,720 - __main__ - INFO - ================================================================================
2025-11-28 13:19:54,720 - __main__ - INFO - 🌞 태양광 예측 자동 실행 시작 (동기식)
2025-11-28 13:19:54,720 - __main__ - INFO - 📅 실행 시간: 2025-11-28 13:19:54
2025-11-28 13:19:54,720 - __main__ - INFO - 📅 날짜 소스: 입력된 날짜
2025-11-28 13:19:54,720 - __main__ - INFO - 📅 지정 날짜: 2025-10-28
2025-11-28 13:19:54,720 - __main__ - INFO - ================================================================================
2025-11-28 13:19:54,845 - __main__ - ERROR - ❌ 모듈 import 오류: numpy.core.multiarray failed to import
Traceback (most recent call last):
  File "C:\Users\user\Desktop\bmt\solar_api\schedule_solar_AI.py", line 78, in run_prediction
    from app.core.prediction_pipeline import run_solar_prediction_pipeline
  File "C:\Users\user\Desktop\bmt\solar_api\app\core\prediction_pipeline.py", line 12, in <module>
    import pandas as pd
  File "C:\Users\user\anaconda3\Lib\site-packages\pandas\__init__.py", line 49, in <module>
    from pandas.core.api import (
  File "C:\Users\user\anaconda3\Lib\site-packages\pandas\core\api.py", line 1, in <module>
    from pandas._libs import (
  File "C:\Users\user\anaconda3\Lib\site-packages\pandas\_libs\__init__.py", line 17, in <module>
    import pandas._libs.pandas_datetime  # noqa: F401 # isort: skip # type: ignore[reportUnusedImport]
    ^^^^^^^^^^^^^^^^^^^^^^^^^^^^^^^^^^^
ImportError: numpy.core.multiarray failed to import
2025-11-28 13:19:54,845 - __main__ - ERROR - app.core.prediction_pipeline 모듈을 찾을 수 없습니다. 프로젝트 루트에서 실행하세요.
2025-11-28 13:19:54,845 - __main__ - INFO - ================================================================================
2025-11-28 13:19:54,845 - __main__ - ERROR - ================================================================================
2025-11-28 13:19:54,845 - __main__ - ERROR - Solar Prediction Scheduler Failed
2025-11-28 13:19:54,845 - __main__ - ERROR - ================================================================================
2025-11-28 13:19:54,915 - __main__ - INFO - ================================================================================
2025-11-28 13:19:54,915 - __main__ - INFO - Solar Prediction Scheduler Started
2025-11-28 13:19:54,915 - __main__ - INFO - Execution Time: 2025-11-28 13:19:54
2025-11-28 13:19:54,915 - __main__ - INFO - ================================================================================
2025-11-28 13:19:54,924 - __main__ - INFO - 📅 입력 날짜: 2025-10-29
2025-11-28 13:19:54,924 - __main__ - INFO - ================================================================================
2025-11-28 13:19:54,924 - __main__ - INFO - 🌞 태양광 예측 자동 실행 시작 (동기식)
2025-11-28 13:19:54,924 - __main__ - INFO - 📅 실행 시간: 2025-11-28 13:19:54
2025-11-28 13:19:54,924 - __main__ - INFO - 📅 날짜 소스: 입력된 날짜
2025-11-28 13:19:54,925 - __main__ - INFO - 📅 지정 날짜: 2025-10-29
2025-11-28 13:19:54,925 - __main__ - INFO - ================================================================================
2025-11-28 13:19:55,049 - __main__ - ERROR - ❌ 모듈 import 오류: numpy.core.multiarray failed to import
Traceback (most recent call last):
  File "C:\Users\user\Desktop\bmt\solar_api\schedule_solar_AI.py", line 78, in run_prediction
    from app.core.prediction_pipeline import run_solar_prediction_pipeline
  File "C:\Users\user\Desktop\bmt\solar_api\app\core\prediction_pipeline.py", line 12, in <module>
    import pandas as pd
  File "C:\Users\user\anaconda3\Lib\site-packages\pandas\__init__.py", line 49, in <module>
    from pandas.core.api import (
  File "C:\Users\user\anaconda3\Lib\site-packages\pandas\core\api.py", line 1, in <module>
    from pandas._libs import (
  File "C:\Users\user\anaconda3\Lib\site-packages\pandas\_libs\__init__.py", line 17, in <module>
    import pandas._libs.pandas_datetime  # noqa: F401 # isort: skip # type: ignore[reportUnusedImport]
    ^^^^^^^^^^^^^^^^^^^^^^^^^^^^^^^^^^^
ImportError: numpy.core.multiarray failed to import
2025-11-28 13:19:55,049 - __main__ - ERROR - app.core.prediction_pipeline 모듈을 찾을 수 없습니다. 프로젝트 루트에서 실행하세요.
2025-11-28 13:19:55,050 - __main__ - INFO - ================================================================================
2025-11-28 13:19:55,050 - __main__ - ERROR - ================================================================================
2025-11-28 13:19:55,050 - __main__ - ERROR - Solar Prediction Scheduler Failed
2025-11-28 13:19:55,050 - __main__ - ERROR - ================================================================================
2025-11-28 13:19:55,118 - __main__ - INFO - ================================================================================
2025-11-28 13:19:55,118 - __main__ - INFO - Solar Prediction Scheduler Started
2025-11-28 13:19:55,118 - __main__ - INFO - Execution Time: 2025-11-28 13:19:55
2025-11-28 13:19:55,118 - __main__ - INFO - ================================================================================
2025-11-28 13:19:55,127 - __main__ - INFO - 📅 입력 날짜: 2025-10-30
2025-11-28 13:19:55,128 - __main__ - INFO - ================================================================================
2025-11-28 13:19:55,128 - __main__ - INFO - 🌞 태양광 예측 자동 실행 시작 (동기식)
2025-11-28 13:19:55,128 - __main__ - INFO - 📅 실행 시간: 2025-11-28 13:19:55
2025-11-28 13:19:55,128 - __main__ - INFO - 📅 날짜 소스: 입력된 날짜
2025-11-28 13:19:55,128 - __main__ - INFO - 📅 지정 날짜: 2025-10-30
2025-11-28 13:19:55,128 - __main__ - INFO - ================================================================================
2025-11-28 13:19:55,171 - __main__ - INFO - ⚠️ 사용자에 의해 중단됨
2025-11-28 13:19:55,172 - __main__ - INFO - ================================================================================
2025-11-28 13:20:40,638 - __main__ - INFO - ================================================================================
2025-11-28 13:20:40,638 - __main__ - INFO - Solar Prediction Scheduler Started
2025-11-28 13:20:40,638 - __main__ - INFO - Execution Time: 2025-11-28 13:20:40
2025-11-28 13:20:40,638 - __main__ - INFO - ================================================================================
2025-11-28 13:20:40,648 - __main__ - INFO - 📅 입력 날짜: 2025-10-24
2025-11-28 13:20:40,648 - __main__ - INFO - ================================================================================
2025-11-28 13:20:40,648 - __main__ - INFO - 🌞 태양광 예측 자동 실행 시작 (동기식)
2025-11-28 13:20:40,648 - __main__ - INFO - 📅 실행 시간: 2025-11-28 13:20:40
2025-11-28 13:20:40,648 - __main__ - INFO - 📅 날짜 소스: 입력된 날짜
2025-11-28 13:20:40,648 - __main__ - INFO - 📅 지정 날짜: 2025-10-24
2025-11-28 13:20:40,648 - __main__ - INFO - ================================================================================
2025-11-28 13:20:40,775 - __main__ - ERROR - ❌ 모듈 import 오류: numpy.core.multiarray failed to import
Traceback (most recent call last):
  File "C:\Users\user\Desktop\bmt\solar_api\schedule_solar_AI.py", line 78, in run_prediction
    from app.core.prediction_pipeline import run_solar_prediction_pipeline
  File "C:\Users\user\Desktop\bmt\solar_api\app\core\prediction_pipeline.py", line 12, in <module>
    import pandas as pd
  File "C:\Users\user\anaconda3\Lib\site-packages\pandas\__init__.py", line 49, in <module>
    from pandas.core.api import (
  File "C:\Users\user\anaconda3\Lib\site-packages\pandas\core\api.py", line 1, in <module>
    from pandas._libs import (
  File "C:\Users\user\anaconda3\Lib\site-packages\pandas\_libs\__init__.py", line 17, in <module>
    import pandas._libs.pandas_datetime  # noqa: F401 # isort: skip # type: ignore[reportUnusedImport]
    ^^^^^^^^^^^^^^^^^^^^^^^^^^^^^^^^^^^
ImportError: numpy.core.multiarray failed to import
2025-11-28 13:20:40,776 - __main__ - ERROR - app.core.prediction_pipeline 모듈을 찾을 수 없습니다. 프로젝트 루트에서 실행하세요.
2025-11-28 13:20:40,776 - __main__ - INFO - ================================================================================
2025-11-28 13:20:40,776 - __main__ - ERROR - ================================================================================
2025-11-28 13:20:40,776 - __main__ - ERROR - Solar Prediction Scheduler Failed
2025-11-28 13:20:40,776 - __main__ - ERROR - ================================================================================
2025-11-28 13:20:40,848 - __main__ - INFO - ================================================================================
2025-11-28 13:20:40,848 - __main__ - INFO - Solar Prediction Scheduler Started
2025-11-28 13:20:40,848 - __main__ - INFO - Execution Time: 2025-11-28 13:20:40
2025-11-28 13:20:40,848 - __main__ - INFO - ================================================================================
2025-11-28 13:20:40,859 - __main__ - INFO - 📅 입력 날짜: 2025-10-25
2025-11-28 13:20:40,859 - __main__ - INFO - ================================================================================
2025-11-28 13:20:40,859 - __main__ - INFO - 🌞 태양광 예측 자동 실행 시작 (동기식)
2025-11-28 13:20:40,859 - __main__ - INFO - 📅 실행 시간: 2025-11-28 13:20:40
2025-11-28 13:20:40,859 - __main__ - INFO - 📅 날짜 소스: 입력된 날짜
2025-11-28 13:20:40,859 - __main__ - INFO - 📅 지정 날짜: 2025-10-25
2025-11-28 13:20:40,859 - __main__ - INFO - ================================================================================
2025-11-28 13:20:40,994 - __main__ - ERROR - ❌ 모듈 import 오류: numpy.core.multiarray failed to import
Traceback (most recent call last):
  File "C:\Users\user\Desktop\bmt\solar_api\schedule_solar_AI.py", line 78, in run_prediction
    from app.core.prediction_pipeline import run_solar_prediction_pipeline
  File "C:\Users\user\Desktop\bmt\solar_api\app\core\prediction_pipeline.py", line 12, in <module>
    import pandas as pd
  File "C:\Users\user\anaconda3\Lib\site-packages\pandas\__init__.py", line 49, in <module>
    from pandas.core.api import (
  File "C:\Users\user\anaconda3\Lib\site-packages\pandas\core\api.py", line 1, in <module>
    from pandas._libs import (
  File "C:\Users\user\anaconda3\Lib\site-packages\pandas\_libs\__init__.py", line 17, in <module>
    import pandas._libs.pandas_datetime  # noqa: F401 # isort: skip # type: ignore[reportUnusedImport]
    ^^^^^^^^^^^^^^^^^^^^^^^^^^^^^^^^^^^
ImportError: numpy.core.multiarray failed to import
2025-11-28 13:20:40,994 - __main__ - ERROR - app.core.prediction_pipeline 모듈을 찾을 수 없습니다. 프로젝트 루트에서 실행하세요.
2025-11-28 13:20:40,994 - __main__ - INFO - ================================================================================
2025-11-28 13:20:40,994 - __main__ - ERROR - ================================================================================
2025-11-28 13:20:40,994 - __main__ - ERROR - Solar Prediction Scheduler Failed
2025-11-28 13:20:40,994 - __main__ - ERROR - ================================================================================
2025-11-28 13:20:41,064 - __main__ - INFO - ================================================================================
2025-11-28 13:20:41,064 - __main__ - INFO - Solar Prediction Scheduler Started
2025-11-28 13:20:41,064 - __main__ - INFO - Execution Time: 2025-11-28 13:20:41
2025-11-28 13:20:41,064 - __main__ - INFO - ================================================================================
2025-11-28 13:20:41,073 - __main__ - INFO - 📅 입력 날짜: 2025-10-26
2025-11-28 13:20:41,073 - __main__ - INFO - ================================================================================
2025-11-28 13:20:41,073 - __main__ - INFO - 🌞 태양광 예측 자동 실행 시작 (동기식)
2025-11-28 13:20:41,073 - __main__ - INFO - 📅 실행 시간: 2025-11-28 13:20:41
2025-11-28 13:20:41,073 - __main__ - INFO - 📅 날짜 소스: 입력된 날짜
2025-11-28 13:20:41,073 - __main__ - INFO - 📅 지정 날짜: 2025-10-26
2025-11-28 13:20:41,073 - __main__ - INFO - ================================================================================
2025-11-28 13:20:41,198 - __main__ - ERROR - ❌ 모듈 import 오류: numpy.core.multiarray failed to import
Traceback (most recent call last):
  File "C:\Users\user\Desktop\bmt\solar_api\schedule_solar_AI.py", line 78, in run_prediction
    from app.core.prediction_pipeline import run_solar_prediction_pipeline
  File "C:\Users\user\Desktop\bmt\solar_api\app\core\prediction_pipeline.py", line 12, in <module>
    import pandas as pd
  File "C:\Users\user\anaconda3\Lib\site-packages\pandas\__init__.py", line 49, in <module>
    from pandas.core.api import (
  File "C:\Users\user\anaconda3\Lib\site-packages\pandas\core\api.py", line 1, in <module>
    from pandas._libs import (
  File "C:\Users\user\anaconda3\Lib\site-packages\pandas\_libs\__init__.py", line 17, in <module>
    import pandas._libs.pandas_datetime  # noqa: F401 # isort: skip # type: ignore[reportUnusedImport]
    ^^^^^^^^^^^^^^^^^^^^^^^^^^^^^^^^^^^
ImportError: numpy.core.multiarray failed to import
2025-11-28 13:20:41,199 - __main__ - ERROR - app.core.prediction_pipeline 모듈을 찾을 수 없습니다. 프로젝트 루트에서 실행하세요.
2025-11-28 13:20:41,199 - __main__ - INFO - ================================================================================
2025-11-28 13:20:41,199 - __main__ - ERROR - ================================================================================
2025-11-28 13:20:41,199 - __main__ - ERROR - Solar Prediction Scheduler Failed
2025-11-28 13:20:41,199 - __main__ - ERROR - ================================================================================
2025-11-28 13:20:41,268 - __main__ - INFO - ================================================================================
2025-11-28 13:20:41,269 - __main__ - INFO - Solar Prediction Scheduler Started
2025-11-28 13:20:41,269 - __main__ - INFO - Execution Time: 2025-11-28 13:20:41
2025-11-28 13:20:41,269 - __main__ - INFO - ================================================================================
2025-11-28 13:20:41,278 - __main__ - INFO - 📅 입력 날짜: 2025-10-27
2025-11-28 13:20:41,278 - __main__ - INFO - ================================================================================
2025-11-28 13:20:41,278 - __main__ - INFO - 🌞 태양광 예측 자동 실행 시작 (동기식)
2025-11-28 13:20:41,278 - __main__ - INFO - 📅 실행 시간: 2025-11-28 13:20:41
2025-11-28 13:20:41,278 - __main__ - INFO - 📅 날짜 소스: 입력된 날짜
2025-11-28 13:20:41,278 - __main__ - INFO - 📅 지정 날짜: 2025-10-27
2025-11-28 13:20:41,278 - __main__ - INFO - ================================================================================
2025-11-28 13:20:41,403 - __main__ - ERROR - ❌ 모듈 import 오류: numpy.core.multiarray failed to import
Traceback (most recent call last):
  File "C:\Users\user\Desktop\bmt\solar_api\schedule_solar_AI.py", line 78, in run_prediction
    from app.core.prediction_pipeline import run_solar_prediction_pipeline
  File "C:\Users\user\Desktop\bmt\solar_api\app\core\prediction_pipeline.py", line 12, in <module>
    import pandas as pd
  File "C:\Users\user\anaconda3\Lib\site-packages\pandas\__init__.py", line 49, in <module>
    from pandas.core.api import (
  File "C:\Users\user\anaconda3\Lib\site-packages\pandas\core\api.py", line 1, in <module>
    from pandas._libs import (
  File "C:\Users\user\anaconda3\Lib\site-packages\pandas\_libs\__init__.py", line 17, in <module>
    import pandas._libs.pandas_datetime  # noqa: F401 # isort: skip # type: ignore[reportUnusedImport]
    ^^^^^^^^^^^^^^^^^^^^^^^^^^^^^^^^^^^
ImportError: numpy.core.multiarray failed to import
2025-11-28 13:20:41,404 - __main__ - ERROR - app.core.prediction_pipeline 모듈을 찾을 수 없습니다. 프로젝트 루트에서 실행하세요.
2025-11-28 13:20:41,404 - __main__ - INFO - ================================================================================
2025-11-28 13:20:41,404 - __main__ - ERROR - ================================================================================
2025-11-28 13:20:41,404 - __main__ - ERROR - Solar Prediction Scheduler Failed
2025-11-28 13:20:41,404 - __main__ - ERROR - ================================================================================
2025-11-28 13:20:41,474 - __main__ - INFO - ================================================================================
2025-11-28 13:20:41,474 - __main__ - INFO - Solar Prediction Scheduler Started
2025-11-28 13:20:41,474 - __main__ - INFO - Execution Time: 2025-11-28 13:20:41
2025-11-28 13:20:41,474 - __main__ - INFO - ================================================================================
2025-11-28 13:20:41,483 - __main__ - INFO - 📅 입력 날짜: 2025-10-28
2025-11-28 13:20:41,483 - __main__ - INFO - ================================================================================
2025-11-28 13:20:41,483 - __main__ - INFO - 🌞 태양광 예측 자동 실행 시작 (동기식)
2025-11-28 13:20:41,483 - __main__ - INFO - 📅 실행 시간: 2025-11-28 13:20:41
2025-11-28 13:20:41,483 - __main__ - INFO - 📅 날짜 소스: 입력된 날짜
2025-11-28 13:20:41,483 - __main__ - INFO - 📅 지정 날짜: 2025-10-28
2025-11-28 13:20:41,483 - __main__ - INFO - ================================================================================
2025-11-28 13:20:41,610 - __main__ - ERROR - ❌ 모듈 import 오류: numpy.core.multiarray failed to import
Traceback (most recent call last):
  File "C:\Users\user\Desktop\bmt\solar_api\schedule_solar_AI.py", line 78, in run_prediction
    from app.core.prediction_pipeline import run_solar_prediction_pipeline
  File "C:\Users\user\Desktop\bmt\solar_api\app\core\prediction_pipeline.py", line 12, in <module>
    import pandas as pd
  File "C:\Users\user\anaconda3\Lib\site-packages\pandas\__init__.py", line 49, in <module>
    from pandas.core.api import (
  File "C:\Users\user\anaconda3\Lib\site-packages\pandas\core\api.py", line 1, in <module>
    from pandas._libs import (
  File "C:\Users\user\anaconda3\Lib\site-packages\pandas\_libs\__init__.py", line 17, in <module>
    import pandas._libs.pandas_datetime  # noqa: F401 # isort: skip # type: ignore[reportUnusedImport]
    ^^^^^^^^^^^^^^^^^^^^^^^^^^^^^^^^^^^
ImportError: numpy.core.multiarray failed to import
2025-11-28 13:20:41,610 - __main__ - ERROR - app.core.prediction_pipeline 모듈을 찾을 수 없습니다. 프로젝트 루트에서 실행하세요.
2025-11-28 13:20:41,610 - __main__ - INFO - ================================================================================
2025-11-28 13:20:41,610 - __main__ - ERROR - ================================================================================
2025-11-28 13:20:41,610 - __main__ - ERROR - Solar Prediction Scheduler Failed
2025-11-28 13:20:41,611 - __main__ - ERROR - ================================================================================
2025-11-28 13:20:41,681 - __main__ - INFO - ================================================================================
2025-11-28 13:20:41,681 - __main__ - INFO - Solar Prediction Scheduler Started
2025-11-28 13:20:41,681 - __main__ - INFO - Execution Time: 2025-11-28 13:20:41
2025-11-28 13:20:41,681 - __main__ - INFO - ================================================================================
2025-11-28 13:20:41,690 - __main__ - INFO - 📅 입력 날짜: 2025-10-29
2025-11-28 13:20:41,690 - __main__ - INFO - ================================================================================
2025-11-28 13:20:41,690 - __main__ - INFO - 🌞 태양광 예측 자동 실행 시작 (동기식)
2025-11-28 13:20:41,690 - __main__ - INFO - 📅 실행 시간: 2025-11-28 13:20:41
2025-11-28 13:20:41,691 - __main__ - INFO - 📅 날짜 소스: 입력된 날짜
2025-11-28 13:20:41,691 - __main__ - INFO - 📅 지정 날짜: 2025-10-29
2025-11-28 13:20:41,691 - __main__ - INFO - ================================================================================
2025-11-28 13:20:41,816 - __main__ - ERROR - ❌ 모듈 import 오류: numpy.core.multiarray failed to import
Traceback (most recent call last):
  File "C:\Users\user\Desktop\bmt\solar_api\schedule_solar_AI.py", line 78, in run_prediction
    from app.core.prediction_pipeline import run_solar_prediction_pipeline
  File "C:\Users\user\Desktop\bmt\solar_api\app\core\prediction_pipeline.py", line 12, in <module>
    import pandas as pd
  File "C:\Users\user\anaconda3\Lib\site-packages\pandas\__init__.py", line 49, in <module>
    from pandas.core.api import (
  File "C:\Users\user\anaconda3\Lib\site-packages\pandas\core\api.py", line 1, in <module>
    from pandas._libs import (
  File "C:\Users\user\anaconda3\Lib\site-packages\pandas\_libs\__init__.py", line 17, in <module>
    import pandas._libs.pandas_datetime  # noqa: F401 # isort: skip # type: ignore[reportUnusedImport]
    ^^^^^^^^^^^^^^^^^^^^^^^^^^^^^^^^^^^
ImportError: numpy.core.multiarray failed to import
2025-11-28 13:20:41,817 - __main__ - ERROR - app.core.prediction_pipeline 모듈을 찾을 수 없습니다. 프로젝트 루트에서 실행하세요.
2025-11-28 13:20:41,817 - __main__ - INFO - ================================================================================
2025-11-28 13:20:41,817 - __main__ - ERROR - ================================================================================
2025-11-28 13:20:41,817 - __main__ - ERROR - Solar Prediction Scheduler Failed
2025-11-28 13:20:41,817 - __main__ - ERROR - ================================================================================
2025-11-28 13:20:41,886 - __main__ - INFO - ================================================================================
2025-11-28 13:20:41,886 - __main__ - INFO - Solar Prediction Scheduler Started
2025-11-28 13:20:41,886 - __main__ - INFO - Execution Time: 2025-11-28 13:20:41
2025-11-28 13:20:41,886 - __main__ - INFO - ================================================================================
2025-11-28 13:20:41,896 - __main__ - INFO - 📅 입력 날짜: 2025-10-30
2025-11-28 13:20:41,896 - __main__ - INFO - ================================================================================
2025-11-28 13:20:41,896 - __main__ - INFO - 🌞 태양광 예측 자동 실행 시작 (동기식)
2025-11-28 13:20:41,896 - __main__ - INFO - 📅 실행 시간: 2025-11-28 13:20:41
2025-11-28 13:20:41,896 - __main__ - INFO - 📅 날짜 소스: 입력된 날짜
2025-11-28 13:20:41,896 - __main__ - INFO - 📅 지정 날짜: 2025-10-30
2025-11-28 13:20:41,896 - __main__ - INFO - ================================================================================
2025-11-28 13:20:42,021 - __main__ - ERROR - ❌ 모듈 import 오류: numpy.core.multiarray failed to import
Traceback (most recent call last):
  File "C:\Users\user\Desktop\bmt\solar_api\schedule_solar_AI.py", line 78, in run_prediction
    from app.core.prediction_pipeline import run_solar_prediction_pipeline
  File "C:\Users\user\Desktop\bmt\solar_api\app\core\prediction_pipeline.py", line 12, in <module>
    import pandas as pd
  File "C:\Users\user\anaconda3\Lib\site-packages\pandas\__init__.py", line 49, in <module>
    from pandas.core.api import (
  File "C:\Users\user\anaconda3\Lib\site-packages\pandas\core\api.py", line 1, in <module>
    from pandas._libs import (
  File "C:\Users\user\anaconda3\Lib\site-packages\pandas\_libs\__init__.py", line 17, in <module>
    import pandas._libs.pandas_datetime  # noqa: F401 # isort: skip # type: ignore[reportUnusedImport]
    ^^^^^^^^^^^^^^^^^^^^^^^^^^^^^^^^^^^
ImportError: numpy.core.multiarray failed to import
2025-11-28 13:20:42,022 - __main__ - ERROR - app.core.prediction_pipeline 모듈을 찾을 수 없습니다. 프로젝트 루트에서 실행하세요.
2025-11-28 13:20:42,022 - __main__ - INFO - ================================================================================
2025-11-28 13:20:42,022 - __main__ - ERROR - ================================================================================
2025-11-28 13:20:42,022 - __main__ - ERROR - Solar Prediction Scheduler Failed
2025-11-28 13:20:42,022 - __main__ - ERROR - ================================================================================
2025-11-28 13:20:42,091 - __main__ - INFO - ================================================================================
2025-11-28 13:20:42,091 - __main__ - INFO - Solar Prediction Scheduler Started
2025-11-28 13:20:42,091 - __main__ - INFO - Execution Time: 2025-11-28 13:20:42
2025-11-28 13:20:42,091 - __main__ - INFO - ================================================================================
2025-11-28 13:20:42,100 - __main__ - INFO - 📅 입력 날짜: 2025-10-31
2025-11-28 13:20:42,100 - __main__ - INFO - ================================================================================
2025-11-28 13:20:42,100 - __main__ - INFO - 🌞 태양광 예측 자동 실행 시작 (동기식)
2025-11-28 13:20:42,100 - __main__ - INFO - 📅 실행 시간: 2025-11-28 13:20:42
2025-11-28 13:20:42,100 - __main__ - INFO - 📅 날짜 소스: 입력된 날짜
2025-11-28 13:20:42,100 - __main__ - INFO - 📅 지정 날짜: 2025-10-31
2025-11-28 13:20:42,101 - __main__ - INFO - ================================================================================
2025-11-28 13:20:42,226 - __main__ - ERROR - ❌ 모듈 import 오류: numpy.core.multiarray failed to import
Traceback (most recent call last):
  File "C:\Users\user\Desktop\bmt\solar_api\schedule_solar_AI.py", line 78, in run_prediction
    from app.core.prediction_pipeline import run_solar_prediction_pipeline
  File "C:\Users\user\Desktop\bmt\solar_api\app\core\prediction_pipeline.py", line 12, in <module>
    import pandas as pd
  File "C:\Users\user\anaconda3\Lib\site-packages\pandas\__init__.py", line 49, in <module>
    from pandas.core.api import (
  File "C:\Users\user\anaconda3\Lib\site-packages\pandas\core\api.py", line 1, in <module>
    from pandas._libs import (
  File "C:\Users\user\anaconda3\Lib\site-packages\pandas\_libs\__init__.py", line 17, in <module>
    import pandas._libs.pandas_datetime  # noqa: F401 # isort: skip # type: ignore[reportUnusedImport]
    ^^^^^^^^^^^^^^^^^^^^^^^^^^^^^^^^^^^
ImportError: numpy.core.multiarray failed to import
2025-11-28 13:20:42,226 - __main__ - ERROR - app.core.prediction_pipeline 모듈을 찾을 수 없습니다. 프로젝트 루트에서 실행하세요.
2025-11-28 13:20:42,227 - __main__ - INFO - ================================================================================
2025-11-28 13:20:42,227 - __main__ - ERROR - ================================================================================
2025-11-28 13:20:42,227 - __main__ - ERROR - Solar Prediction Scheduler Failed
2025-11-28 13:20:42,227 - __main__ - ERROR - ================================================================================
2025-11-28 13:20:42,296 - __main__ - INFO - ================================================================================
2025-11-28 13:20:42,296 - __main__ - INFO - Solar Prediction Scheduler Started
2025-11-28 13:20:42,296 - __main__ - INFO - Execution Time: 2025-11-28 13:20:42
2025-11-28 13:20:42,296 - __main__ - INFO - ================================================================================
2025-11-28 13:20:42,305 - __main__ - INFO - 📅 입력 날짜: 2025-11-01
2025-11-28 13:20:42,305 - __main__ - INFO - ================================================================================
2025-11-28 13:20:42,305 - __main__ - INFO - 🌞 태양광 예측 자동 실행 시작 (동기식)
2025-11-28 13:20:42,306 - __main__ - INFO - 📅 실행 시간: 2025-11-28 13:20:42
2025-11-28 13:20:42,306 - __main__ - INFO - 📅 날짜 소스: 입력된 날짜
2025-11-28 13:20:42,306 - __main__ - INFO - 📅 지정 날짜: 2025-11-01
2025-11-28 13:20:42,306 - __main__ - INFO - ================================================================================
2025-11-28 13:20:42,431 - __main__ - ERROR - ❌ 모듈 import 오류: numpy.core.multiarray failed to import
Traceback (most recent call last):
  File "C:\Users\user\Desktop\bmt\solar_api\schedule_solar_AI.py", line 78, in run_prediction
    from app.core.prediction_pipeline import run_solar_prediction_pipeline
  File "C:\Users\user\Desktop\bmt\solar_api\app\core\prediction_pipeline.py", line 12, in <module>
    import pandas as pd
  File "C:\Users\user\anaconda3\Lib\site-packages\pandas\__init__.py", line 49, in <module>
    from pandas.core.api import (
  File "C:\Users\user\anaconda3\Lib\site-packages\pandas\core\api.py", line 1, in <module>
    from pandas._libs import (
  File "C:\Users\user\anaconda3\Lib\site-packages\pandas\_libs\__init__.py", line 17, in <module>
    import pandas._libs.pandas_datetime  # noqa: F401 # isort: skip # type: ignore[reportUnusedImport]
    ^^^^^^^^^^^^^^^^^^^^^^^^^^^^^^^^^^^
ImportError: numpy.core.multiarray failed to import
2025-11-28 13:20:42,431 - __main__ - ERROR - app.core.prediction_pipeline 모듈을 찾을 수 없습니다. 프로젝트 루트에서 실행하세요.
2025-11-28 13:20:42,432 - __main__ - INFO - ================================================================================
2025-11-28 13:20:42,432 - __main__ - ERROR - ================================================================================
2025-11-28 13:20:42,432 - __main__ - ERROR - Solar Prediction Scheduler Failed
2025-11-28 13:20:42,432 - __main__ - ERROR - ================================================================================
2025-11-28 13:20:42,500 - __main__ - INFO - ================================================================================
2025-11-28 13:20:42,501 - __main__ - INFO - Solar Prediction Scheduler Started
2025-11-28 13:20:42,501 - __main__ - INFO - Execution Time: 2025-11-28 13:20:42
2025-11-28 13:20:42,501 - __main__ - INFO - ================================================================================
2025-11-28 13:20:42,509 - __main__ - INFO - 📅 입력 날짜: 2025-11-02
2025-11-28 13:20:42,510 - __main__ - INFO - ================================================================================
2025-11-28 13:20:42,510 - __main__ - INFO - 🌞 태양광 예측 자동 실행 시작 (동기식)
2025-11-28 13:20:42,510 - __main__ - INFO - 📅 실행 시간: 2025-11-28 13:20:42
2025-11-28 13:20:42,510 - __main__ - INFO - 📅 날짜 소스: 입력된 날짜
2025-11-28 13:20:42,510 - __main__ - INFO - 📅 지정 날짜: 2025-11-02
2025-11-28 13:20:42,510 - __main__ - INFO - ================================================================================
2025-11-28 13:20:42,633 - __main__ - ERROR - ❌ 모듈 import 오류: numpy.core.multiarray failed to import
Traceback (most recent call last):
  File "C:\Users\user\Desktop\bmt\solar_api\schedule_solar_AI.py", line 78, in run_prediction
    from app.core.prediction_pipeline import run_solar_prediction_pipeline
  File "C:\Users\user\Desktop\bmt\solar_api\app\core\prediction_pipeline.py", line 12, in <module>
    import pandas as pd
  File "C:\Users\user\anaconda3\Lib\site-packages\pandas\__init__.py", line 49, in <module>
    from pandas.core.api import (
  File "C:\Users\user\anaconda3\Lib\site-packages\pandas\core\api.py", line 1, in <module>
    from pandas._libs import (
  File "C:\Users\user\anaconda3\Lib\site-packages\pandas\_libs\__init__.py", line 17, in <module>
    import pandas._libs.pandas_datetime  # noqa: F401 # isort: skip # type: ignore[reportUnusedImport]
    ^^^^^^^^^^^^^^^^^^^^^^^^^^^^^^^^^^^
ImportError: numpy.core.multiarray failed to import
2025-11-28 13:20:42,634 - __main__ - ERROR - app.core.prediction_pipeline 모듈을 찾을 수 없습니다. 프로젝트 루트에서 실행하세요.
2025-11-28 13:20:42,634 - __main__ - INFO - ================================================================================
2025-11-28 13:20:42,634 - __main__ - ERROR - ================================================================================
2025-11-28 13:20:42,634 - __main__ - ERROR - Solar Prediction Scheduler Failed
2025-11-28 13:20:42,634 - __main__ - ERROR - ================================================================================
2025-11-28 13:20:42,703 - __main__ - INFO - ================================================================================
2025-11-28 13:20:42,703 - __main__ - INFO - Solar Prediction Scheduler Started
2025-11-28 13:20:42,703 - __main__ - INFO - Execution Time: 2025-11-28 13:20:42
2025-11-28 13:20:42,703 - __main__ - INFO - ================================================================================
2025-11-28 13:20:42,711 - __main__ - INFO - 📅 입력 날짜: 2025-11-03
2025-11-28 13:20:42,712 - __main__ - INFO - ================================================================================
2025-11-28 13:20:42,712 - __main__ - INFO - 🌞 태양광 예측 자동 실행 시작 (동기식)
2025-11-28 13:20:42,712 - __main__ - INFO - 📅 실행 시간: 2025-11-28 13:20:42
2025-11-28 13:20:42,712 - __main__ - INFO - 📅 날짜 소스: 입력된 날짜
2025-11-28 13:20:42,712 - __main__ - INFO - 📅 지정 날짜: 2025-11-03
2025-11-28 13:20:42,712 - __main__ - INFO - ================================================================================
2025-11-28 13:20:42,839 - __main__ - ERROR - ❌ 모듈 import 오류: numpy.core.multiarray failed to import
Traceback (most recent call last):
  File "C:\Users\user\Desktop\bmt\solar_api\schedule_solar_AI.py", line 78, in run_prediction
    from app.core.prediction_pipeline import run_solar_prediction_pipeline
  File "C:\Users\user\Desktop\bmt\solar_api\app\core\prediction_pipeline.py", line 12, in <module>
    import pandas as pd
  File "C:\Users\user\anaconda3\Lib\site-packages\pandas\__init__.py", line 49, in <module>
    from pandas.core.api import (
  File "C:\Users\user\anaconda3\Lib\site-packages\pandas\core\api.py", line 1, in <module>
    from pandas._libs import (
  File "C:\Users\user\anaconda3\Lib\site-packages\pandas\_libs\__init__.py", line 17, in <module>
    import pandas._libs.pandas_datetime  # noqa: F401 # isort: skip # type: ignore[reportUnusedImport]
    ^^^^^^^^^^^^^^^^^^^^^^^^^^^^^^^^^^^
ImportError: numpy.core.multiarray failed to import
2025-11-28 13:20:42,839 - __main__ - ERROR - app.core.prediction_pipeline 모듈을 찾을 수 없습니다. 프로젝트 루트에서 실행하세요.
2025-11-28 13:20:42,840 - __main__ - INFO - ================================================================================
2025-11-28 13:20:42,840 - __main__ - ERROR - ================================================================================
2025-11-28 13:20:42,840 - __main__ - ERROR - Solar Prediction Scheduler Failed
2025-11-28 13:20:42,840 - __main__ - ERROR - ================================================================================
2025-11-28 13:24:33,308 - __main__ - INFO - ================================================================================
2025-11-28 13:24:33,308 - __main__ - INFO - Solar Prediction Scheduler Started
2025-11-28 13:24:33,308 - __main__ - INFO - Execution Time: 2025-11-28 13:24:33
2025-11-28 13:24:33,308 - __main__ - INFO - ================================================================================
2025-11-28 13:24:33,317 - __main__ - INFO - 📅 입력 날짜: 2025-10-24
2025-11-28 13:24:33,317 - __main__ - INFO - ================================================================================
2025-11-28 13:24:33,317 - __main__ - INFO - 🌞 태양광 예측 자동 실행 시작 (동기식)
2025-11-28 13:24:33,318 - __main__ - INFO - 📅 실행 시간: 2025-11-28 13:24:33
2025-11-28 13:24:33,318 - __main__ - INFO - 📅 날짜 소스: 입력된 날짜
2025-11-28 13:24:33,318 - __main__ - INFO - 📅 지정 날짜: 2025-10-24
2025-11-28 13:24:33,318 - __main__ - INFO - ================================================================================
2025-11-28 13:24:33,452 - __main__ - ERROR - ❌ 모듈 import 오류: numpy.core.multiarray failed to import
Traceback (most recent call last):
  File "C:\Users\user\Desktop\bmt\solar_api\schedule_solar_AI.py", line 78, in run_prediction
    from app.core.prediction_pipeline import run_solar_prediction_pipeline
  File "C:\Users\user\Desktop\bmt\solar_api\app\core\prediction_pipeline.py", line 12, in <module>
    import pandas as pd
  File "C:\Users\user\anaconda3\Lib\site-packages\pandas\__init__.py", line 49, in <module>
    from pandas.core.api import (
  File "C:\Users\user\anaconda3\Lib\site-packages\pandas\core\api.py", line 1, in <module>
    from pandas._libs import (
  File "C:\Users\user\anaconda3\Lib\site-packages\pandas\_libs\__init__.py", line 17, in <module>
    import pandas._libs.pandas_datetime  # noqa: F401 # isort: skip # type: ignore[reportUnusedImport]
    ^^^^^^^^^^^^^^^^^^^^^^^^^^^^^^^^^^^
ImportError: numpy.core.multiarray failed to import
2025-11-28 13:24:33,453 - __main__ - ERROR - app.core.prediction_pipeline 모듈을 찾을 수 없습니다. 프로젝트 루트에서 실행하세요.
2025-11-28 13:24:33,453 - __main__ - INFO - ================================================================================
2025-11-28 13:24:33,453 - __main__ - ERROR - ================================================================================
2025-11-28 13:24:33,453 - __main__ - ERROR - Solar Prediction Scheduler Failed
2025-11-28 13:24:33,453 - __main__ - ERROR - ================================================================================
2025-11-28 13:24:33,524 - __main__ - INFO - ================================================================================
2025-11-28 13:24:33,524 - __main__ - INFO - Solar Prediction Scheduler Started
2025-11-28 13:24:33,524 - __main__ - INFO - Execution Time: 2025-11-28 13:24:33
2025-11-28 13:24:33,524 - __main__ - INFO - ================================================================================
2025-11-28 13:24:33,533 - __main__ - INFO - 📅 입력 날짜: 2025-10-25
2025-11-28 13:24:33,533 - __main__ - INFO - ================================================================================
2025-11-28 13:24:33,533 - __main__ - INFO - 🌞 태양광 예측 자동 실행 시작 (동기식)
2025-11-28 13:24:33,533 - __main__ - INFO - 📅 실행 시간: 2025-11-28 13:24:33
2025-11-28 13:24:33,533 - __main__ - INFO - 📅 날짜 소스: 입력된 날짜
2025-11-28 13:24:33,533 - __main__ - INFO - 📅 지정 날짜: 2025-10-25
2025-11-28 13:24:33,534 - __main__ - INFO - ================================================================================
2025-11-28 13:24:33,660 - __main__ - ERROR - ❌ 모듈 import 오류: numpy.core.multiarray failed to import
Traceback (most recent call last):
  File "C:\Users\user\Desktop\bmt\solar_api\schedule_solar_AI.py", line 78, in run_prediction
    from app.core.prediction_pipeline import run_solar_prediction_pipeline
  File "C:\Users\user\Desktop\bmt\solar_api\app\core\prediction_pipeline.py", line 12, in <module>
    import pandas as pd
  File "C:\Users\user\anaconda3\Lib\site-packages\pandas\__init__.py", line 49, in <module>
    from pandas.core.api import (
  File "C:\Users\user\anaconda3\Lib\site-packages\pandas\core\api.py", line 1, in <module>
    from pandas._libs import (
  File "C:\Users\user\anaconda3\Lib\site-packages\pandas\_libs\__init__.py", line 17, in <module>
    import pandas._libs.pandas_datetime  # noqa: F401 # isort: skip # type: ignore[reportUnusedImport]
    ^^^^^^^^^^^^^^^^^^^^^^^^^^^^^^^^^^^
ImportError: numpy.core.multiarray failed to import
2025-11-28 13:24:33,660 - __main__ - ERROR - app.core.prediction_pipeline 모듈을 찾을 수 없습니다. 프로젝트 루트에서 실행하세요.
2025-11-28 13:24:33,660 - __main__ - INFO - ================================================================================
2025-11-28 13:24:33,661 - __main__ - ERROR - ================================================================================
2025-11-28 13:24:33,661 - __main__ - ERROR - Solar Prediction Scheduler Failed
2025-11-28 13:24:33,661 - __main__ - ERROR - ================================================================================
2025-11-28 13:24:33,728 - __main__ - INFO - ================================================================================
2025-11-28 13:24:33,729 - __main__ - INFO - Solar Prediction Scheduler Started
2025-11-28 13:24:33,729 - __main__ - INFO - Execution Time: 2025-11-28 13:24:33
2025-11-28 13:24:33,729 - __main__ - INFO - ================================================================================
2025-11-28 13:24:33,738 - __main__ - INFO - 📅 입력 날짜: 2025-10-26
2025-11-28 13:24:33,738 - __main__ - INFO - ================================================================================
2025-11-28 13:24:33,738 - __main__ - INFO - 🌞 태양광 예측 자동 실행 시작 (동기식)
2025-11-28 13:24:33,738 - __main__ - INFO - 📅 실행 시간: 2025-11-28 13:24:33
2025-11-28 13:24:33,738 - __main__ - INFO - 📅 날짜 소스: 입력된 날짜
2025-11-28 13:24:33,738 - __main__ - INFO - 📅 지정 날짜: 2025-10-26
2025-11-28 13:24:33,738 - __main__ - INFO - ================================================================================
2025-11-28 13:24:33,863 - __main__ - ERROR - ❌ 모듈 import 오류: numpy.core.multiarray failed to import
Traceback (most recent call last):
  File "C:\Users\user\Desktop\bmt\solar_api\schedule_solar_AI.py", line 78, in run_prediction
    from app.core.prediction_pipeline import run_solar_prediction_pipeline
  File "C:\Users\user\Desktop\bmt\solar_api\app\core\prediction_pipeline.py", line 12, in <module>
    import pandas as pd
  File "C:\Users\user\anaconda3\Lib\site-packages\pandas\__init__.py", line 49, in <module>
    from pandas.core.api import (
  File "C:\Users\user\anaconda3\Lib\site-packages\pandas\core\api.py", line 1, in <module>
    from pandas._libs import (
  File "C:\Users\user\anaconda3\Lib\site-packages\pandas\_libs\__init__.py", line 17, in <module>
    import pandas._libs.pandas_datetime  # noqa: F401 # isort: skip # type: ignore[reportUnusedImport]
    ^^^^^^^^^^^^^^^^^^^^^^^^^^^^^^^^^^^
ImportError: numpy.core.multiarray failed to import
2025-11-28 13:24:33,863 - __main__ - ERROR - app.core.prediction_pipeline 모듈을 찾을 수 없습니다. 프로젝트 루트에서 실행하세요.
2025-11-28 13:24:33,864 - __main__ - INFO - ================================================================================
2025-11-28 13:24:33,864 - __main__ - ERROR - ================================================================================
2025-11-28 13:24:33,864 - __main__ - ERROR - Solar Prediction Scheduler Failed
2025-11-28 13:24:33,864 - __main__ - ERROR - ================================================================================
2025-11-28 13:24:33,930 - __main__ - INFO - ================================================================================
2025-11-28 13:24:33,930 - __main__ - INFO - Solar Prediction Scheduler Started
2025-11-28 13:24:33,930 - __main__ - INFO - Execution Time: 2025-11-28 13:24:33
2025-11-28 13:24:33,930 - __main__ - INFO - ================================================================================
2025-11-28 13:24:33,940 - __main__ - INFO - 📅 입력 날짜: 2025-10-27
2025-11-28 13:24:33,940 - __main__ - INFO - ================================================================================
2025-11-28 13:24:33,940 - __main__ - INFO - 🌞 태양광 예측 자동 실행 시작 (동기식)
2025-11-28 13:24:33,941 - __main__ - INFO - 📅 실행 시간: 2025-11-28 13:24:33
2025-11-28 13:24:33,941 - __main__ - INFO - 📅 날짜 소스: 입력된 날짜
2025-11-28 13:24:33,941 - __main__ - INFO - 📅 지정 날짜: 2025-10-27
2025-11-28 13:24:33,941 - __main__ - INFO - ================================================================================
2025-11-28 13:24:34,065 - __main__ - ERROR - ❌ 모듈 import 오류: numpy.core.multiarray failed to import
Traceback (most recent call last):
  File "C:\Users\user\Desktop\bmt\solar_api\schedule_solar_AI.py", line 78, in run_prediction
    from app.core.prediction_pipeline import run_solar_prediction_pipeline
  File "C:\Users\user\Desktop\bmt\solar_api\app\core\prediction_pipeline.py", line 12, in <module>
    import pandas as pd
  File "C:\Users\user\anaconda3\Lib\site-packages\pandas\__init__.py", line 49, in <module>
    from pandas.core.api import (
  File "C:\Users\user\anaconda3\Lib\site-packages\pandas\core\api.py", line 1, in <module>
    from pandas._libs import (
  File "C:\Users\user\anaconda3\Lib\site-packages\pandas\_libs\__init__.py", line 17, in <module>
    import pandas._libs.pandas_datetime  # noqa: F401 # isort: skip # type: ignore[reportUnusedImport]
    ^^^^^^^^^^^^^^^^^^^^^^^^^^^^^^^^^^^
ImportError: numpy.core.multiarray failed to import
2025-11-28 13:24:34,065 - __main__ - ERROR - app.core.prediction_pipeline 모듈을 찾을 수 없습니다. 프로젝트 루트에서 실행하세요.
2025-11-28 13:24:34,065 - __main__ - INFO - ================================================================================
2025-11-28 13:24:34,065 - __main__ - ERROR - ================================================================================
2025-11-28 13:24:34,065 - __main__ - ERROR - Solar Prediction Scheduler Failed
2025-11-28 13:24:34,065 - __main__ - ERROR - ================================================================================
2025-11-28 13:24:34,133 - __main__ - INFO - ================================================================================
2025-11-28 13:24:34,133 - __main__ - INFO - Solar Prediction Scheduler Started
2025-11-28 13:24:34,133 - __main__ - INFO - Execution Time: 2025-11-28 13:24:34
2025-11-28 13:24:34,133 - __main__ - INFO - ================================================================================
2025-11-28 13:24:34,143 - __main__ - INFO - 📅 입력 날짜: 2025-10-28
2025-11-28 13:24:34,143 - __main__ - INFO - ================================================================================
2025-11-28 13:24:34,143 - __main__ - INFO - 🌞 태양광 예측 자동 실행 시작 (동기식)
2025-11-28 13:24:34,143 - __main__ - INFO - 📅 실행 시간: 2025-11-28 13:24:34
2025-11-28 13:24:34,143 - __main__ - INFO - 📅 날짜 소스: 입력된 날짜
2025-11-28 13:24:34,143 - __main__ - INFO - 📅 지정 날짜: 2025-10-28
2025-11-28 13:24:34,144 - __main__ - INFO - ================================================================================
2025-11-28 13:24:34,269 - __main__ - ERROR - ❌ 모듈 import 오류: numpy.core.multiarray failed to import
Traceback (most recent call last):
  File "C:\Users\user\Desktop\bmt\solar_api\schedule_solar_AI.py", line 78, in run_prediction
    from app.core.prediction_pipeline import run_solar_prediction_pipeline
  File "C:\Users\user\Desktop\bmt\solar_api\app\core\prediction_pipeline.py", line 12, in <module>
    import pandas as pd
  File "C:\Users\user\anaconda3\Lib\site-packages\pandas\__init__.py", line 49, in <module>
    from pandas.core.api import (
  File "C:\Users\user\anaconda3\Lib\site-packages\pandas\core\api.py", line 1, in <module>
    from pandas._libs import (
  File "C:\Users\user\anaconda3\Lib\site-packages\pandas\_libs\__init__.py", line 17, in <module>
    import pandas._libs.pandas_datetime  # noqa: F401 # isort: skip # type: ignore[reportUnusedImport]
    ^^^^^^^^^^^^^^^^^^^^^^^^^^^^^^^^^^^
ImportError: numpy.core.multiarray failed to import
2025-11-28 13:24:34,269 - __main__ - ERROR - app.core.prediction_pipeline 모듈을 찾을 수 없습니다. 프로젝트 루트에서 실행하세요.
2025-11-28 13:24:34,269 - __main__ - INFO - ================================================================================
2025-11-28 13:24:34,270 - __main__ - ERROR - ================================================================================
2025-11-28 13:24:34,270 - __main__ - ERROR - Solar Prediction Scheduler Failed
2025-11-28 13:24:34,270 - __main__ - ERROR - ================================================================================
2025-11-28 13:24:34,339 - __main__ - INFO - ================================================================================
2025-11-28 13:24:34,339 - __main__ - INFO - Solar Prediction Scheduler Started
2025-11-28 13:24:34,340 - __main__ - INFO - Execution Time: 2025-11-28 13:24:34
2025-11-28 13:24:34,340 - __main__ - INFO - ================================================================================
2025-11-28 13:24:34,348 - __main__ - INFO - 📅 입력 날짜: 2025-10-29
2025-11-28 13:24:34,348 - __main__ - INFO - ================================================================================
2025-11-28 13:24:34,349 - __main__ - INFO - 🌞 태양광 예측 자동 실행 시작 (동기식)
2025-11-28 13:24:34,349 - __main__ - INFO - 📅 실행 시간: 2025-11-28 13:24:34
2025-11-28 13:24:34,349 - __main__ - INFO - 📅 날짜 소스: 입력된 날짜
2025-11-28 13:24:34,349 - __main__ - INFO - 📅 지정 날짜: 2025-10-29
2025-11-28 13:24:34,349 - __main__ - INFO - ================================================================================
2025-11-28 13:24:34,473 - __main__ - ERROR - ❌ 모듈 import 오류: numpy.core.multiarray failed to import
Traceback (most recent call last):
  File "C:\Users\user\Desktop\bmt\solar_api\schedule_solar_AI.py", line 78, in run_prediction
    from app.core.prediction_pipeline import run_solar_prediction_pipeline
  File "C:\Users\user\Desktop\bmt\solar_api\app\core\prediction_pipeline.py", line 12, in <module>
    import pandas as pd
  File "C:\Users\user\anaconda3\Lib\site-packages\pandas\__init__.py", line 49, in <module>
    from pandas.core.api import (
  File "C:\Users\user\anaconda3\Lib\site-packages\pandas\core\api.py", line 1, in <module>
    from pandas._libs import (
  File "C:\Users\user\anaconda3\Lib\site-packages\pandas\_libs\__init__.py", line 17, in <module>
    import pandas._libs.pandas_datetime  # noqa: F401 # isort: skip # type: ignore[reportUnusedImport]
    ^^^^^^^^^^^^^^^^^^^^^^^^^^^^^^^^^^^
ImportError: numpy.core.multiarray failed to import
2025-11-28 13:24:34,474 - __main__ - ERROR - app.core.prediction_pipeline 모듈을 찾을 수 없습니다. 프로젝트 루트에서 실행하세요.
2025-11-28 13:24:34,474 - __main__ - INFO - ================================================================================
2025-11-28 13:24:34,474 - __main__ - ERROR - ================================================================================
2025-11-28 13:24:34,474 - __main__ - ERROR - Solar Prediction Scheduler Failed
2025-11-28 13:24:34,474 - __main__ - ERROR - ================================================================================
2025-11-28 13:24:34,545 - __main__ - INFO - ================================================================================
2025-11-28 13:24:34,545 - __main__ - INFO - Solar Prediction Scheduler Started
2025-11-28 13:24:34,546 - __main__ - INFO - Execution Time: 2025-11-28 13:24:34
2025-11-28 13:24:34,546 - __main__ - INFO - ================================================================================
2025-11-28 13:24:34,555 - __main__ - INFO - 📅 입력 날짜: 2025-10-30
2025-11-28 13:24:34,555 - __main__ - INFO - ================================================================================
2025-11-28 13:24:34,555 - __main__ - INFO - 🌞 태양광 예측 자동 실행 시작 (동기식)
2025-11-28 13:24:34,555 - __main__ - INFO - 📅 실행 시간: 2025-11-28 13:24:34
2025-11-28 13:24:34,555 - __main__ - INFO - 📅 날짜 소스: 입력된 날짜
2025-11-28 13:24:34,555 - __main__ - INFO - 📅 지정 날짜: 2025-10-30
2025-11-28 13:24:34,555 - __main__ - INFO - ================================================================================
2025-11-28 13:24:34,686 - __main__ - ERROR - ❌ 모듈 import 오류: numpy.core.multiarray failed to import
Traceback (most recent call last):
  File "C:\Users\user\Desktop\bmt\solar_api\schedule_solar_AI.py", line 78, in run_prediction
    from app.core.prediction_pipeline import run_solar_prediction_pipeline
  File "C:\Users\user\Desktop\bmt\solar_api\app\core\prediction_pipeline.py", line 12, in <module>
    import pandas as pd
  File "C:\Users\user\anaconda3\Lib\site-packages\pandas\__init__.py", line 49, in <module>
    from pandas.core.api import (
  File "C:\Users\user\anaconda3\Lib\site-packages\pandas\core\api.py", line 1, in <module>
    from pandas._libs import (
  File "C:\Users\user\anaconda3\Lib\site-packages\pandas\_libs\__init__.py", line 17, in <module>
    import pandas._libs.pandas_datetime  # noqa: F401 # isort: skip # type: ignore[reportUnusedImport]
    ^^^^^^^^^^^^^^^^^^^^^^^^^^^^^^^^^^^
ImportError: numpy.core.multiarray failed to import
2025-11-28 13:24:34,687 - __main__ - ERROR - app.core.prediction_pipeline 모듈을 찾을 수 없습니다. 프로젝트 루트에서 실행하세요.
2025-11-28 13:24:34,687 - __main__ - INFO - ================================================================================
2025-11-28 13:24:34,687 - __main__ - ERROR - ================================================================================
2025-11-28 13:24:34,687 - __main__ - ERROR - Solar Prediction Scheduler Failed
2025-11-28 13:24:34,687 - __main__ - ERROR - ================================================================================
2025-11-28 13:24:34,757 - __main__ - INFO - ================================================================================
2025-11-28 13:24:34,757 - __main__ - INFO - Solar Prediction Scheduler Started
2025-11-28 13:24:34,757 - __main__ - INFO - Execution Time: 2025-11-28 13:24:34
2025-11-28 13:24:34,757 - __main__ - INFO - ================================================================================
2025-11-28 13:24:34,766 - __main__ - INFO - 📅 입력 날짜: 2025-10-31
2025-11-28 13:24:34,766 - __main__ - INFO - ================================================================================
2025-11-28 13:24:34,767 - __main__ - INFO - 🌞 태양광 예측 자동 실행 시작 (동기식)
2025-11-28 13:24:34,767 - __main__ - INFO - 📅 실행 시간: 2025-11-28 13:24:34
2025-11-28 13:24:34,767 - __main__ - INFO - 📅 날짜 소스: 입력된 날짜
2025-11-28 13:24:34,767 - __main__ - INFO - 📅 지정 날짜: 2025-10-31
2025-11-28 13:24:34,767 - __main__ - INFO - ================================================================================
2025-11-28 13:24:34,892 - __main__ - ERROR - ❌ 모듈 import 오류: numpy.core.multiarray failed to import
Traceback (most recent call last):
  File "C:\Users\user\Desktop\bmt\solar_api\schedule_solar_AI.py", line 78, in run_prediction
    from app.core.prediction_pipeline import run_solar_prediction_pipeline
  File "C:\Users\user\Desktop\bmt\solar_api\app\core\prediction_pipeline.py", line 12, in <module>
    import pandas as pd
  File "C:\Users\user\anaconda3\Lib\site-packages\pandas\__init__.py", line 49, in <module>
    from pandas.core.api import (
  File "C:\Users\user\anaconda3\Lib\site-packages\pandas\core\api.py", line 1, in <module>
    from pandas._libs import (
  File "C:\Users\user\anaconda3\Lib\site-packages\pandas\_libs\__init__.py", line 17, in <module>
    import pandas._libs.pandas_datetime  # noqa: F401 # isort: skip # type: ignore[reportUnusedImport]
    ^^^^^^^^^^^^^^^^^^^^^^^^^^^^^^^^^^^
ImportError: numpy.core.multiarray failed to import
2025-11-28 13:24:34,893 - __main__ - ERROR - app.core.prediction_pipeline 모듈을 찾을 수 없습니다. 프로젝트 루트에서 실행하세요.
2025-11-28 13:24:34,893 - __main__ - INFO - ================================================================================
2025-11-28 13:24:34,893 - __main__ - ERROR - ================================================================================
2025-11-28 13:24:34,893 - __main__ - ERROR - Solar Prediction Scheduler Failed
2025-11-28 13:24:34,893 - __main__ - ERROR - ================================================================================
2025-11-28 13:24:34,962 - __main__ - INFO - ================================================================================
2025-11-28 13:24:34,962 - __main__ - INFO - Solar Prediction Scheduler Started
2025-11-28 13:24:34,962 - __main__ - INFO - Execution Time: 2025-11-28 13:24:34
2025-11-28 13:24:34,962 - __main__ - INFO - ================================================================================
2025-11-28 13:24:34,971 - __main__ - INFO - 📅 입력 날짜: 2025-11-01
2025-11-28 13:24:34,971 - __main__ - INFO - ================================================================================
2025-11-28 13:24:34,971 - __main__ - INFO - 🌞 태양광 예측 자동 실행 시작 (동기식)
2025-11-28 13:24:34,971 - __main__ - INFO - 📅 실행 시간: 2025-11-28 13:24:34
2025-11-28 13:24:34,971 - __main__ - INFO - 📅 날짜 소스: 입력된 날짜
2025-11-28 13:24:34,972 - __main__ - INFO - 📅 지정 날짜: 2025-11-01
2025-11-28 13:24:34,972 - __main__ - INFO - ================================================================================
2025-11-28 13:24:35,095 - __main__ - ERROR - ❌ 모듈 import 오류: numpy.core.multiarray failed to import
Traceback (most recent call last):
  File "C:\Users\user\Desktop\bmt\solar_api\schedule_solar_AI.py", line 78, in run_prediction
    from app.core.prediction_pipeline import run_solar_prediction_pipeline
  File "C:\Users\user\Desktop\bmt\solar_api\app\core\prediction_pipeline.py", line 12, in <module>
    import pandas as pd
  File "C:\Users\user\anaconda3\Lib\site-packages\pandas\__init__.py", line 49, in <module>
    from pandas.core.api import (
  File "C:\Users\user\anaconda3\Lib\site-packages\pandas\core\api.py", line 1, in <module>
    from pandas._libs import (
  File "C:\Users\user\anaconda3\Lib\site-packages\pandas\_libs\__init__.py", line 17, in <module>
    import pandas._libs.pandas_datetime  # noqa: F401 # isort: skip # type: ignore[reportUnusedImport]
    ^^^^^^^^^^^^^^^^^^^^^^^^^^^^^^^^^^^
ImportError: numpy.core.multiarray failed to import
2025-11-28 13:24:35,095 - __main__ - ERROR - app.core.prediction_pipeline 모듈을 찾을 수 없습니다. 프로젝트 루트에서 실행하세요.
2025-11-28 13:24:35,096 - __main__ - INFO - ================================================================================
2025-11-28 13:24:35,096 - __main__ - ERROR - ================================================================================
2025-11-28 13:24:35,096 - __main__ - ERROR - Solar Prediction Scheduler Failed
2025-11-28 13:24:35,096 - __main__ - ERROR - ================================================================================
2025-11-28 13:24:35,173 - __main__ - INFO - ================================================================================
2025-11-28 13:24:35,173 - __main__ - INFO - Solar Prediction Scheduler Started
2025-11-28 13:24:35,174 - __main__ - INFO - Execution Time: 2025-11-28 13:24:35
2025-11-28 13:24:35,174 - __main__ - INFO - ================================================================================
2025-11-28 13:24:35,183 - __main__ - INFO - 📅 입력 날짜: 2025-11-02
2025-11-28 13:24:35,183 - __main__ - INFO - ================================================================================
2025-11-28 13:24:35,183 - __main__ - INFO - 🌞 태양광 예측 자동 실행 시작 (동기식)
2025-11-28 13:24:35,183 - __main__ - INFO - 📅 실행 시간: 2025-11-28 13:24:35
2025-11-28 13:24:35,183 - __main__ - INFO - 📅 날짜 소스: 입력된 날짜
2025-11-28 13:24:35,183 - __main__ - INFO - 📅 지정 날짜: 2025-11-02
2025-11-28 13:24:35,183 - __main__ - INFO - ================================================================================
2025-11-28 13:24:35,306 - __main__ - ERROR - ❌ 모듈 import 오류: numpy.core.multiarray failed to import
Traceback (most recent call last):
  File "C:\Users\user\Desktop\bmt\solar_api\schedule_solar_AI.py", line 78, in run_prediction
    from app.core.prediction_pipeline import run_solar_prediction_pipeline
  File "C:\Users\user\Desktop\bmt\solar_api\app\core\prediction_pipeline.py", line 12, in <module>
    import pandas as pd
  File "C:\Users\user\anaconda3\Lib\site-packages\pandas\__init__.py", line 49, in <module>
    from pandas.core.api import (
  File "C:\Users\user\anaconda3\Lib\site-packages\pandas\core\api.py", line 1, in <module>
    from pandas._libs import (
  File "C:\Users\user\anaconda3\Lib\site-packages\pandas\_libs\__init__.py", line 17, in <module>
    import pandas._libs.pandas_datetime  # noqa: F401 # isort: skip # type: ignore[reportUnusedImport]
    ^^^^^^^^^^^^^^^^^^^^^^^^^^^^^^^^^^^
ImportError: numpy.core.multiarray failed to import
2025-11-28 13:24:35,306 - __main__ - ERROR - app.core.prediction_pipeline 모듈을 찾을 수 없습니다. 프로젝트 루트에서 실행하세요.
2025-11-28 13:24:35,306 - __main__ - INFO - ================================================================================
2025-11-28 13:24:35,306 - __main__ - ERROR - ================================================================================
2025-11-28 13:24:35,306 - __main__ - ERROR - Solar Prediction Scheduler Failed
2025-11-28 13:24:35,306 - __main__ - ERROR - ================================================================================
2025-11-28 13:24:35,374 - __main__ - INFO - ================================================================================
2025-11-28 13:24:35,374 - __main__ - INFO - Solar Prediction Scheduler Started
2025-11-28 13:24:35,374 - __main__ - INFO - Execution Time: 2025-11-28 13:24:35
2025-11-28 13:24:35,375 - __main__ - INFO - ================================================================================
2025-11-28 13:24:35,383 - __main__ - INFO - 📅 입력 날짜: 2025-11-03
2025-11-28 13:24:35,383 - __main__ - INFO - ================================================================================
2025-11-28 13:24:35,383 - __main__ - INFO - 🌞 태양광 예측 자동 실행 시작 (동기식)
2025-11-28 13:24:35,384 - __main__ - INFO - 📅 실행 시간: 2025-11-28 13:24:35
2025-11-28 13:24:35,384 - __main__ - INFO - 📅 날짜 소스: 입력된 날짜
2025-11-28 13:24:35,384 - __main__ - INFO - 📅 지정 날짜: 2025-11-03
2025-11-28 13:24:35,384 - __main__ - INFO - ================================================================================
2025-11-28 13:24:35,507 - __main__ - ERROR - ❌ 모듈 import 오류: numpy.core.multiarray failed to import
Traceback (most recent call last):
  File "C:\Users\user\Desktop\bmt\solar_api\schedule_solar_AI.py", line 78, in run_prediction
    from app.core.prediction_pipeline import run_solar_prediction_pipeline
  File "C:\Users\user\Desktop\bmt\solar_api\app\core\prediction_pipeline.py", line 12, in <module>
    import pandas as pd
  File "C:\Users\user\anaconda3\Lib\site-packages\pandas\__init__.py", line 49, in <module>
    from pandas.core.api import (
  File "C:\Users\user\anaconda3\Lib\site-packages\pandas\core\api.py", line 1, in <module>
    from pandas._libs import (
  File "C:\Users\user\anaconda3\Lib\site-packages\pandas\_libs\__init__.py", line 17, in <module>
    import pandas._libs.pandas_datetime  # noqa: F401 # isort: skip # type: ignore[reportUnusedImport]
    ^^^^^^^^^^^^^^^^^^^^^^^^^^^^^^^^^^^
ImportError: numpy.core.multiarray failed to import
2025-11-28 13:24:35,508 - __main__ - ERROR - app.core.prediction_pipeline 모듈을 찾을 수 없습니다. 프로젝트 루트에서 실행하세요.
2025-11-28 13:24:35,508 - __main__ - INFO - ================================================================================
2025-11-28 13:24:35,508 - __main__ - ERROR - ================================================================================
2025-11-28 13:24:35,508 - __main__ - ERROR - Solar Prediction Scheduler Failed
2025-11-28 13:24:35,508 - __main__ - ERROR - ================================================================================
2025-11-28 13:24:35,578 - __main__ - INFO - ================================================================================
2025-11-28 13:24:35,578 - __main__ - INFO - Solar Prediction Scheduler Started
2025-11-28 13:24:35,578 - __main__ - INFO - Execution Time: 2025-11-28 13:24:35
2025-11-28 13:24:35,578 - __main__ - INFO - ================================================================================
2025-11-28 13:24:35,588 - __main__ - INFO - 📅 입력 날짜: 2025-11-04
2025-11-28 13:24:35,589 - __main__ - INFO - ================================================================================
2025-11-28 13:24:35,589 - __main__ - INFO - 🌞 태양광 예측 자동 실행 시작 (동기식)
2025-11-28 13:24:35,589 - __main__ - INFO - 📅 실행 시간: 2025-11-28 13:24:35
2025-11-28 13:24:35,589 - __main__ - INFO - 📅 날짜 소스: 입력된 날짜
2025-11-28 13:24:35,589 - __main__ - INFO - 📅 지정 날짜: 2025-11-04
2025-11-28 13:24:35,589 - __main__ - INFO - ================================================================================
2025-11-28 13:24:35,715 - __main__ - ERROR - ❌ 모듈 import 오류: numpy.core.multiarray failed to import
Traceback (most recent call last):
  File "C:\Users\user\Desktop\bmt\solar_api\schedule_solar_AI.py", line 78, in run_prediction
    from app.core.prediction_pipeline import run_solar_prediction_pipeline
  File "C:\Users\user\Desktop\bmt\solar_api\app\core\prediction_pipeline.py", line 12, in <module>
    import pandas as pd
  File "C:\Users\user\anaconda3\Lib\site-packages\pandas\__init__.py", line 49, in <module>
    from pandas.core.api import (
  File "C:\Users\user\anaconda3\Lib\site-packages\pandas\core\api.py", line 1, in <module>
    from pandas._libs import (
  File "C:\Users\user\anaconda3\Lib\site-packages\pandas\_libs\__init__.py", line 17, in <module>
    import pandas._libs.pandas_datetime  # noqa: F401 # isort: skip # type: ignore[reportUnusedImport]
    ^^^^^^^^^^^^^^^^^^^^^^^^^^^^^^^^^^^
ImportError: numpy.core.multiarray failed to import
2025-11-28 13:24:35,715 - __main__ - ERROR - app.core.prediction_pipeline 모듈을 찾을 수 없습니다. 프로젝트 루트에서 실행하세요.
2025-11-28 13:24:35,716 - __main__ - INFO - ================================================================================
2025-11-28 13:24:35,716 - __main__ - ERROR - ================================================================================
2025-11-28 13:24:35,716 - __main__ - ERROR - Solar Prediction Scheduler Failed
2025-11-28 13:24:35,716 - __main__ - ERROR - ================================================================================
2025-11-28 13:24:35,786 - __main__ - INFO - ================================================================================
2025-11-28 13:24:35,786 - __main__ - INFO - Solar Prediction Scheduler Started
2025-11-28 13:24:35,786 - __main__ - INFO - Execution Time: 2025-11-28 13:24:35
2025-11-28 13:24:35,786 - __main__ - INFO - ================================================================================
2025-11-28 13:24:35,795 - __main__ - INFO - 📅 입력 날짜: 2025-11-05
2025-11-28 13:24:35,795 - __main__ - INFO - ================================================================================
2025-11-28 13:24:35,796 - __main__ - INFO - 🌞 태양광 예측 자동 실행 시작 (동기식)
2025-11-28 13:24:35,796 - __main__ - INFO - 📅 실행 시간: 2025-11-28 13:24:35
2025-11-28 13:24:35,796 - __main__ - INFO - 📅 날짜 소스: 입력된 날짜
2025-11-28 13:24:35,796 - __main__ - INFO - 📅 지정 날짜: 2025-11-05
2025-11-28 13:24:35,796 - __main__ - INFO - ================================================================================
2025-11-28 13:24:35,920 - __main__ - ERROR - ❌ 모듈 import 오류: numpy.core.multiarray failed to import
Traceback (most recent call last):
  File "C:\Users\user\Desktop\bmt\solar_api\schedule_solar_AI.py", line 78, in run_prediction
    from app.core.prediction_pipeline import run_solar_prediction_pipeline
  File "C:\Users\user\Desktop\bmt\solar_api\app\core\prediction_pipeline.py", line 12, in <module>
    import pandas as pd
  File "C:\Users\user\anaconda3\Lib\site-packages\pandas\__init__.py", line 49, in <module>
    from pandas.core.api import (
  File "C:\Users\user\anaconda3\Lib\site-packages\pandas\core\api.py", line 1, in <module>
    from pandas._libs import (
  File "C:\Users\user\anaconda3\Lib\site-packages\pandas\_libs\__init__.py", line 17, in <module>
    import pandas._libs.pandas_datetime  # noqa: F401 # isort: skip # type: ignore[reportUnusedImport]
    ^^^^^^^^^^^^^^^^^^^^^^^^^^^^^^^^^^^
ImportError: numpy.core.multiarray failed to import
2025-11-28 13:24:35,920 - __main__ - ERROR - app.core.prediction_pipeline 모듈을 찾을 수 없습니다. 프로젝트 루트에서 실행하세요.
2025-11-28 13:24:35,920 - __main__ - INFO - ================================================================================
2025-11-28 13:24:35,920 - __main__ - ERROR - ================================================================================
2025-11-28 13:24:35,920 - __main__ - ERROR - Solar Prediction Scheduler Failed
2025-11-28 13:24:35,921 - __main__ - ERROR - ================================================================================
2025-11-28 13:24:35,991 - __main__ - INFO - ================================================================================
2025-11-28 13:24:35,991 - __main__ - INFO - Solar Prediction Scheduler Started
2025-11-28 13:24:35,991 - __main__ - INFO - Execution Time: 2025-11-28 13:24:35
2025-11-28 13:24:35,991 - __main__ - INFO - ================================================================================
2025-11-28 13:24:36,000 - __main__ - INFO - 📅 입력 날짜: 2025-11-06
2025-11-28 13:24:36,000 - __main__ - INFO - ================================================================================
2025-11-28 13:24:36,000 - __main__ - INFO - 🌞 태양광 예측 자동 실행 시작 (동기식)
2025-11-28 13:24:36,000 - __main__ - INFO - 📅 실행 시간: 2025-11-28 13:24:36
2025-11-28 13:24:36,001 - __main__ - INFO - 📅 날짜 소스: 입력된 날짜
2025-11-28 13:24:36,001 - __main__ - INFO - 📅 지정 날짜: 2025-11-06
2025-11-28 13:24:36,001 - __main__ - INFO - ================================================================================
2025-11-28 13:24:36,125 - __main__ - ERROR - ❌ 모듈 import 오류: numpy.core.multiarray failed to import
Traceback (most recent call last):
  File "C:\Users\user\Desktop\bmt\solar_api\schedule_solar_AI.py", line 78, in run_prediction
    from app.core.prediction_pipeline import run_solar_prediction_pipeline
  File "C:\Users\user\Desktop\bmt\solar_api\app\core\prediction_pipeline.py", line 12, in <module>
    import pandas as pd
  File "C:\Users\user\anaconda3\Lib\site-packages\pandas\__init__.py", line 49, in <module>
    from pandas.core.api import (
  File "C:\Users\user\anaconda3\Lib\site-packages\pandas\core\api.py", line 1, in <module>
    from pandas._libs import (
  File "C:\Users\user\anaconda3\Lib\site-packages\pandas\_libs\__init__.py", line 17, in <module>
    import pandas._libs.pandas_datetime  # noqa: F401 # isort: skip # type: ignore[reportUnusedImport]
    ^^^^^^^^^^^^^^^^^^^^^^^^^^^^^^^^^^^
ImportError: numpy.core.multiarray failed to import
2025-11-28 13:24:36,125 - __main__ - ERROR - app.core.prediction_pipeline 모듈을 찾을 수 없습니다. 프로젝트 루트에서 실행하세요.
2025-11-28 13:24:36,125 - __main__ - INFO - ================================================================================
2025-11-28 13:24:36,125 - __main__ - ERROR - ================================================================================
2025-11-28 13:24:36,125 - __main__ - ERROR - Solar Prediction Scheduler Failed
2025-11-28 13:24:36,125 - __main__ - ERROR - ================================================================================
2025-11-28 13:24:36,196 - __main__ - INFO - ================================================================================
2025-11-28 13:24:36,196 - __main__ - INFO - Solar Prediction Scheduler Started
2025-11-28 13:24:36,196 - __main__ - INFO - Execution Time: 2025-11-28 13:24:36
2025-11-28 13:24:36,196 - __main__ - INFO - ================================================================================
2025-11-28 13:24:36,205 - __main__ - INFO - 📅 입력 날짜: 2025-11-07
2025-11-28 13:24:36,205 - __main__ - INFO - ================================================================================
2025-11-28 13:24:36,205 - __main__ - INFO - 🌞 태양광 예측 자동 실행 시작 (동기식)
2025-11-28 13:24:36,206 - __main__ - INFO - 📅 실행 시간: 2025-11-28 13:24:36
2025-11-28 13:24:36,206 - __main__ - INFO - 📅 날짜 소스: 입력된 날짜
2025-11-28 13:24:36,206 - __main__ - INFO - 📅 지정 날짜: 2025-11-07
2025-11-28 13:24:36,206 - __main__ - INFO - ================================================================================
2025-11-28 13:24:36,328 - __main__ - ERROR - ❌ 모듈 import 오류: numpy.core.multiarray failed to import
Traceback (most recent call last):
  File "C:\Users\user\Desktop\bmt\solar_api\schedule_solar_AI.py", line 78, in run_prediction
    from app.core.prediction_pipeline import run_solar_prediction_pipeline
  File "C:\Users\user\Desktop\bmt\solar_api\app\core\prediction_pipeline.py", line 12, in <module>
    import pandas as pd
  File "C:\Users\user\anaconda3\Lib\site-packages\pandas\__init__.py", line 49, in <module>
    from pandas.core.api import (
  File "C:\Users\user\anaconda3\Lib\site-packages\pandas\core\api.py", line 1, in <module>
    from pandas._libs import (
  File "C:\Users\user\anaconda3\Lib\site-packages\pandas\_libs\__init__.py", line 17, in <module>
    import pandas._libs.pandas_datetime  # noqa: F401 # isort: skip # type: ignore[reportUnusedImport]
    ^^^^^^^^^^^^^^^^^^^^^^^^^^^^^^^^^^^
ImportError: numpy.core.multiarray failed to import
2025-11-28 13:24:36,328 - __main__ - ERROR - app.core.prediction_pipeline 모듈을 찾을 수 없습니다. 프로젝트 루트에서 실행하세요.
2025-11-28 13:24:36,328 - __main__ - INFO - ================================================================================
2025-11-28 13:24:36,328 - __main__ - ERROR - ================================================================================
2025-11-28 13:24:36,328 - __main__ - ERROR - Solar Prediction Scheduler Failed
2025-11-28 13:24:36,329 - __main__ - ERROR - ================================================================================
2025-11-28 13:24:36,399 - __main__ - INFO - ================================================================================
2025-11-28 13:24:36,399 - __main__ - INFO - Solar Prediction Scheduler Started
2025-11-28 13:24:36,399 - __main__ - INFO - Execution Time: 2025-11-28 13:24:36
2025-11-28 13:24:36,400 - __main__ - INFO - ================================================================================
2025-11-28 13:24:36,408 - __main__ - INFO - 📅 입력 날짜: 2025-11-08
2025-11-28 13:24:36,408 - __main__ - INFO - ================================================================================
2025-11-28 13:24:36,408 - __main__ - INFO - 🌞 태양광 예측 자동 실행 시작 (동기식)
2025-11-28 13:24:36,409 - __main__ - INFO - 📅 실행 시간: 2025-11-28 13:24:36
2025-11-28 13:24:36,409 - __main__ - INFO - 📅 날짜 소스: 입력된 날짜
2025-11-28 13:24:36,409 - __main__ - INFO - 📅 지정 날짜: 2025-11-08
2025-11-28 13:24:36,409 - __main__ - INFO - ================================================================================
2025-11-28 13:24:36,533 - __main__ - ERROR - ❌ 모듈 import 오류: numpy.core.multiarray failed to import
Traceback (most recent call last):
  File "C:\Users\user\Desktop\bmt\solar_api\schedule_solar_AI.py", line 78, in run_prediction
    from app.core.prediction_pipeline import run_solar_prediction_pipeline
  File "C:\Users\user\Desktop\bmt\solar_api\app\core\prediction_pipeline.py", line 12, in <module>
    import pandas as pd
  File "C:\Users\user\anaconda3\Lib\site-packages\pandas\__init__.py", line 49, in <module>
    from pandas.core.api import (
  File "C:\Users\user\anaconda3\Lib\site-packages\pandas\core\api.py", line 1, in <module>
    from pandas._libs import (
  File "C:\Users\user\anaconda3\Lib\site-packages\pandas\_libs\__init__.py", line 17, in <module>
    import pandas._libs.pandas_datetime  # noqa: F401 # isort: skip # type: ignore[reportUnusedImport]
    ^^^^^^^^^^^^^^^^^^^^^^^^^^^^^^^^^^^
ImportError: numpy.core.multiarray failed to import
2025-11-28 13:24:36,534 - __main__ - ERROR - app.core.prediction_pipeline 모듈을 찾을 수 없습니다. 프로젝트 루트에서 실행하세요.
2025-11-28 13:24:36,534 - __main__ - INFO - ================================================================================
2025-11-28 13:24:36,534 - __main__ - ERROR - ================================================================================
2025-11-28 13:24:36,534 - __main__ - ERROR - Solar Prediction Scheduler Failed
2025-11-28 13:24:36,534 - __main__ - ERROR - ================================================================================
2025-11-28 13:24:36,606 - __main__ - INFO - ================================================================================
2025-11-28 13:24:36,606 - __main__ - INFO - Solar Prediction Scheduler Started
2025-11-28 13:24:36,606 - __main__ - INFO - Execution Time: 2025-11-28 13:24:36
2025-11-28 13:24:36,606 - __main__ - INFO - ================================================================================
2025-11-28 13:24:36,615 - __main__ - INFO - 📅 입력 날짜: 2025-11-09
2025-11-28 13:24:36,615 - __main__ - INFO - ================================================================================
2025-11-28 13:24:36,615 - __main__ - INFO - 🌞 태양광 예측 자동 실행 시작 (동기식)
2025-11-28 13:24:36,615 - __main__ - INFO - 📅 실행 시간: 2025-11-28 13:24:36
2025-11-28 13:24:36,615 - __main__ - INFO - 📅 날짜 소스: 입력된 날짜
2025-11-28 13:24:36,615 - __main__ - INFO - 📅 지정 날짜: 2025-11-09
2025-11-28 13:24:36,615 - __main__ - INFO - ================================================================================
2025-11-28 13:24:36,741 - __main__ - ERROR - ❌ 모듈 import 오류: numpy.core.multiarray failed to import
Traceback (most recent call last):
  File "C:\Users\user\Desktop\bmt\solar_api\schedule_solar_AI.py", line 78, in run_prediction
    from app.core.prediction_pipeline import run_solar_prediction_pipeline
  File "C:\Users\user\Desktop\bmt\solar_api\app\core\prediction_pipeline.py", line 12, in <module>
    import pandas as pd
  File "C:\Users\user\anaconda3\Lib\site-packages\pandas\__init__.py", line 49, in <module>
    from pandas.core.api import (
  File "C:\Users\user\anaconda3\Lib\site-packages\pandas\core\api.py", line 1, in <module>
    from pandas._libs import (
  File "C:\Users\user\anaconda3\Lib\site-packages\pandas\_libs\__init__.py", line 17, in <module>
    import pandas._libs.pandas_datetime  # noqa: F401 # isort: skip # type: ignore[reportUnusedImport]
    ^^^^^^^^^^^^^^^^^^^^^^^^^^^^^^^^^^^
ImportError: numpy.core.multiarray failed to import
2025-11-28 13:24:36,742 - __main__ - ERROR - app.core.prediction_pipeline 모듈을 찾을 수 없습니다. 프로젝트 루트에서 실행하세요.
2025-11-28 13:24:36,742 - __main__ - INFO - ================================================================================
2025-11-28 13:24:36,742 - __main__ - ERROR - ================================================================================
2025-11-28 13:24:36,742 - __main__ - ERROR - Solar Prediction Scheduler Failed
2025-11-28 13:24:36,742 - __main__ - ERROR - ================================================================================
2025-11-28 13:24:36,817 - __main__ - INFO - ================================================================================
2025-11-28 13:24:36,817 - __main__ - INFO - Solar Prediction Scheduler Started
2025-11-28 13:24:36,817 - __main__ - INFO - Execution Time: 2025-11-28 13:24:36
2025-11-28 13:24:36,817 - __main__ - INFO - ================================================================================
2025-11-28 13:24:36,826 - __main__ - INFO - 📅 입력 날짜: 2025-11-10
2025-11-28 13:24:36,826 - __main__ - INFO - ================================================================================
2025-11-28 13:24:36,826 - __main__ - INFO - 🌞 태양광 예측 자동 실행 시작 (동기식)
2025-11-28 13:24:36,826 - __main__ - INFO - 📅 실행 시간: 2025-11-28 13:24:36
2025-11-28 13:24:36,826 - __main__ - INFO - 📅 날짜 소스: 입력된 날짜
2025-11-28 13:24:36,826 - __main__ - INFO - 📅 지정 날짜: 2025-11-10
2025-11-28 13:24:36,826 - __main__ - INFO - ================================================================================
2025-11-28 13:24:36,950 - __main__ - ERROR - ❌ 모듈 import 오류: numpy.core.multiarray failed to import
Traceback (most recent call last):
  File "C:\Users\user\Desktop\bmt\solar_api\schedule_solar_AI.py", line 78, in run_prediction
    from app.core.prediction_pipeline import run_solar_prediction_pipeline
  File "C:\Users\user\Desktop\bmt\solar_api\app\core\prediction_pipeline.py", line 12, in <module>
    import pandas as pd
  File "C:\Users\user\anaconda3\Lib\site-packages\pandas\__init__.py", line 49, in <module>
    from pandas.core.api import (
  File "C:\Users\user\anaconda3\Lib\site-packages\pandas\core\api.py", line 1, in <module>
    from pandas._libs import (
  File "C:\Users\user\anaconda3\Lib\site-packages\pandas\_libs\__init__.py", line 17, in <module>
    import pandas._libs.pandas_datetime  # noqa: F401 # isort: skip # type: ignore[reportUnusedImport]
    ^^^^^^^^^^^^^^^^^^^^^^^^^^^^^^^^^^^
ImportError: numpy.core.multiarray failed to import
2025-11-28 13:24:36,951 - __main__ - ERROR - app.core.prediction_pipeline 모듈을 찾을 수 없습니다. 프로젝트 루트에서 실행하세요.
2025-11-28 13:24:36,951 - __main__ - INFO - ================================================================================
2025-11-28 13:24:36,951 - __main__ - ERROR - ================================================================================
2025-11-28 13:24:36,951 - __main__ - ERROR - Solar Prediction Scheduler Failed
2025-11-28 13:24:36,951 - __main__ - ERROR - ================================================================================
2025-11-28 13:24:37,021 - __main__ - INFO - ================================================================================
2025-11-28 13:24:37,022 - __main__ - INFO - Solar Prediction Scheduler Started
2025-11-28 13:24:37,022 - __main__ - INFO - Execution Time: 2025-11-28 13:24:37
2025-11-28 13:24:37,022 - __main__ - INFO - ================================================================================
2025-11-28 13:24:37,030 - __main__ - INFO - 📅 입력 날짜: 2025-11-11
2025-11-28 13:24:37,031 - __main__ - INFO - ================================================================================
2025-11-28 13:24:37,031 - __main__ - INFO - 🌞 태양광 예측 자동 실행 시작 (동기식)
2025-11-28 13:24:37,031 - __main__ - INFO - 📅 실행 시간: 2025-11-28 13:24:37
2025-11-28 13:24:37,031 - __main__ - INFO - 📅 날짜 소스: 입력된 날짜
2025-11-28 13:24:37,031 - __main__ - INFO - 📅 지정 날짜: 2025-11-11
2025-11-28 13:24:37,031 - __main__ - INFO - ================================================================================
2025-11-28 13:24:37,155 - __main__ - ERROR - ❌ 모듈 import 오류: numpy.core.multiarray failed to import
Traceback (most recent call last):
  File "C:\Users\user\Desktop\bmt\solar_api\schedule_solar_AI.py", line 78, in run_prediction
    from app.core.prediction_pipeline import run_solar_prediction_pipeline
  File "C:\Users\user\Desktop\bmt\solar_api\app\core\prediction_pipeline.py", line 12, in <module>
    import pandas as pd
  File "C:\Users\user\anaconda3\Lib\site-packages\pandas\__init__.py", line 49, in <module>
    from pandas.core.api import (
  File "C:\Users\user\anaconda3\Lib\site-packages\pandas\core\api.py", line 1, in <module>
    from pandas._libs import (
  File "C:\Users\user\anaconda3\Lib\site-packages\pandas\_libs\__init__.py", line 17, in <module>
    import pandas._libs.pandas_datetime  # noqa: F401 # isort: skip # type: ignore[reportUnusedImport]
    ^^^^^^^^^^^^^^^^^^^^^^^^^^^^^^^^^^^
ImportError: numpy.core.multiarray failed to import
2025-11-28 13:24:37,155 - __main__ - ERROR - app.core.prediction_pipeline 모듈을 찾을 수 없습니다. 프로젝트 루트에서 실행하세요.
2025-11-28 13:24:37,155 - __main__ - INFO - ================================================================================
2025-11-28 13:24:37,155 - __main__ - ERROR - ================================================================================
2025-11-28 13:24:37,155 - __main__ - ERROR - Solar Prediction Scheduler Failed
2025-11-28 13:24:37,155 - __main__ - ERROR - ================================================================================
2025-11-28 13:24:37,226 - __main__ - INFO - ================================================================================
2025-11-28 13:24:37,226 - __main__ - INFO - Solar Prediction Scheduler Started
2025-11-28 13:24:37,226 - __main__ - INFO - Execution Time: 2025-11-28 13:24:37
2025-11-28 13:24:37,226 - __main__ - INFO - ================================================================================
2025-11-28 13:24:37,235 - __main__ - INFO - 📅 입력 날짜: 2025-11-12
2025-11-28 13:24:37,235 - __main__ - INFO - ================================================================================
2025-11-28 13:24:37,235 - __main__ - INFO - 🌞 태양광 예측 자동 실행 시작 (동기식)
2025-11-28 13:24:37,235 - __main__ - INFO - 📅 실행 시간: 2025-11-28 13:24:37
2025-11-28 13:24:37,235 - __main__ - INFO - 📅 날짜 소스: 입력된 날짜
2025-11-28 13:24:37,235 - __main__ - INFO - 📅 지정 날짜: 2025-11-12
2025-11-28 13:24:37,235 - __main__ - INFO - ================================================================================
2025-11-28 13:24:37,360 - __main__ - ERROR - ❌ 모듈 import 오류: numpy.core.multiarray failed to import
Traceback (most recent call last):
  File "C:\Users\user\Desktop\bmt\solar_api\schedule_solar_AI.py", line 78, in run_prediction
    from app.core.prediction_pipeline import run_solar_prediction_pipeline
  File "C:\Users\user\Desktop\bmt\solar_api\app\core\prediction_pipeline.py", line 12, in <module>
    import pandas as pd
  File "C:\Users\user\anaconda3\Lib\site-packages\pandas\__init__.py", line 49, in <module>
    from pandas.core.api import (
  File "C:\Users\user\anaconda3\Lib\site-packages\pandas\core\api.py", line 1, in <module>
    from pandas._libs import (
  File "C:\Users\user\anaconda3\Lib\site-packages\pandas\_libs\__init__.py", line 17, in <module>
    import pandas._libs.pandas_datetime  # noqa: F401 # isort: skip # type: ignore[reportUnusedImport]
    ^^^^^^^^^^^^^^^^^^^^^^^^^^^^^^^^^^^
ImportError: numpy.core.multiarray failed to import
2025-11-28 13:24:37,360 - __main__ - ERROR - app.core.prediction_pipeline 모듈을 찾을 수 없습니다. 프로젝트 루트에서 실행하세요.
2025-11-28 13:24:37,360 - __main__ - INFO - ================================================================================
2025-11-28 13:24:37,360 - __main__ - ERROR - ================================================================================
2025-11-28 13:24:37,360 - __main__ - ERROR - Solar Prediction Scheduler Failed
2025-11-28 13:24:37,360 - __main__ - ERROR - ================================================================================
2025-11-28 13:24:37,431 - __main__ - INFO - ================================================================================
2025-11-28 13:24:37,431 - __main__ - INFO - Solar Prediction Scheduler Started
2025-11-28 13:24:37,431 - __main__ - INFO - Execution Time: 2025-11-28 13:24:37
2025-11-28 13:24:37,431 - __main__ - INFO - ================================================================================
2025-11-28 13:24:37,440 - __main__ - INFO - 📅 입력 날짜: 2025-11-13
2025-11-28 13:24:37,441 - __main__ - INFO - ================================================================================
2025-11-28 13:24:37,441 - __main__ - INFO - 🌞 태양광 예측 자동 실행 시작 (동기식)
2025-11-28 13:24:37,441 - __main__ - INFO - 📅 실행 시간: 2025-11-28 13:24:37
2025-11-28 13:24:37,441 - __main__ - INFO - 📅 날짜 소스: 입력된 날짜
2025-11-28 13:24:37,441 - __main__ - INFO - 📅 지정 날짜: 2025-11-13
2025-11-28 13:24:37,441 - __main__ - INFO - ================================================================================
2025-11-28 13:24:37,566 - __main__ - ERROR - ❌ 모듈 import 오류: numpy.core.multiarray failed to import
Traceback (most recent call last):
  File "C:\Users\user\Desktop\bmt\solar_api\schedule_solar_AI.py", line 78, in run_prediction
    from app.core.prediction_pipeline import run_solar_prediction_pipeline
  File "C:\Users\user\Desktop\bmt\solar_api\app\core\prediction_pipeline.py", line 12, in <module>
    import pandas as pd
  File "C:\Users\user\anaconda3\Lib\site-packages\pandas\__init__.py", line 49, in <module>
    from pandas.core.api import (
  File "C:\Users\user\anaconda3\Lib\site-packages\pandas\core\api.py", line 1, in <module>
    from pandas._libs import (
  File "C:\Users\user\anaconda3\Lib\site-packages\pandas\_libs\__init__.py", line 17, in <module>
    import pandas._libs.pandas_datetime  # noqa: F401 # isort: skip # type: ignore[reportUnusedImport]
    ^^^^^^^^^^^^^^^^^^^^^^^^^^^^^^^^^^^
ImportError: numpy.core.multiarray failed to import
2025-11-28 13:24:37,566 - __main__ - ERROR - app.core.prediction_pipeline 모듈을 찾을 수 없습니다. 프로젝트 루트에서 실행하세요.
2025-11-28 13:24:37,566 - __main__ - INFO - ================================================================================
2025-11-28 13:24:37,566 - __main__ - ERROR - ================================================================================
2025-11-28 13:24:37,566 - __main__ - ERROR - Solar Prediction Scheduler Failed
2025-11-28 13:24:37,567 - __main__ - ERROR - ================================================================================
2025-11-28 13:24:37,637 - __main__ - INFO - ================================================================================
2025-11-28 13:24:37,637 - __main__ - INFO - Solar Prediction Scheduler Started
2025-11-28 13:24:37,637 - __main__ - INFO - Execution Time: 2025-11-28 13:24:37
2025-11-28 13:24:37,637 - __main__ - INFO - ================================================================================
2025-11-28 13:24:37,646 - __main__ - INFO - 📅 입력 날짜: 2025-11-14
2025-11-28 13:24:37,646 - __main__ - INFO - ================================================================================
2025-11-28 13:24:37,646 - __main__ - INFO - 🌞 태양광 예측 자동 실행 시작 (동기식)
2025-11-28 13:24:37,646 - __main__ - INFO - 📅 실행 시간: 2025-11-28 13:24:37
2025-11-28 13:24:37,646 - __main__ - INFO - 📅 날짜 소스: 입력된 날짜
2025-11-28 13:24:37,646 - __main__ - INFO - 📅 지정 날짜: 2025-11-14
2025-11-28 13:24:37,646 - __main__ - INFO - ================================================================================
2025-11-28 13:24:37,772 - __main__ - ERROR - ❌ 모듈 import 오류: numpy.core.multiarray failed to import
Traceback (most recent call last):
  File "C:\Users\user\Desktop\bmt\solar_api\schedule_solar_AI.py", line 78, in run_prediction
    from app.core.prediction_pipeline import run_solar_prediction_pipeline
  File "C:\Users\user\Desktop\bmt\solar_api\app\core\prediction_pipeline.py", line 12, in <module>
    import pandas as pd
  File "C:\Users\user\anaconda3\Lib\site-packages\pandas\__init__.py", line 49, in <module>
    from pandas.core.api import (
  File "C:\Users\user\anaconda3\Lib\site-packages\pandas\core\api.py", line 1, in <module>
    from pandas._libs import (
  File "C:\Users\user\anaconda3\Lib\site-packages\pandas\_libs\__init__.py", line 17, in <module>
    import pandas._libs.pandas_datetime  # noqa: F401 # isort: skip # type: ignore[reportUnusedImport]
    ^^^^^^^^^^^^^^^^^^^^^^^^^^^^^^^^^^^
ImportError: numpy.core.multiarray failed to import
2025-11-28 13:24:37,772 - __main__ - ERROR - app.core.prediction_pipeline 모듈을 찾을 수 없습니다. 프로젝트 루트에서 실행하세요.
2025-11-28 13:24:37,773 - __main__ - INFO - ================================================================================
2025-11-28 13:24:37,773 - __main__ - ERROR - ================================================================================
2025-11-28 13:24:37,773 - __main__ - ERROR - Solar Prediction Scheduler Failed
2025-11-28 13:24:37,773 - __main__ - ERROR - ================================================================================
2025-11-28 13:24:37,845 - __main__ - INFO - ================================================================================
2025-11-28 13:24:37,845 - __main__ - INFO - Solar Prediction Scheduler Started
2025-11-28 13:24:37,845 - __main__ - INFO - Execution Time: 2025-11-28 13:24:37
2025-11-28 13:24:37,845 - __main__ - INFO - ================================================================================
2025-11-28 13:24:37,854 - __main__ - INFO - 📅 입력 날짜: 2025-11-15
2025-11-28 13:24:37,854 - __main__ - INFO - ================================================================================
2025-11-28 13:24:37,854 - __main__ - INFO - 🌞 태양광 예측 자동 실행 시작 (동기식)
2025-11-28 13:24:37,854 - __main__ - INFO - 📅 실행 시간: 2025-11-28 13:24:37
2025-11-28 13:24:37,854 - __main__ - INFO - 📅 날짜 소스: 입력된 날짜
2025-11-28 13:24:37,854 - __main__ - INFO - 📅 지정 날짜: 2025-11-15
2025-11-28 13:24:37,854 - __main__ - INFO - ================================================================================
2025-11-28 13:24:37,978 - __main__ - ERROR - ❌ 모듈 import 오류: numpy.core.multiarray failed to import
Traceback (most recent call last):
  File "C:\Users\user\Desktop\bmt\solar_api\schedule_solar_AI.py", line 78, in run_prediction
    from app.core.prediction_pipeline import run_solar_prediction_pipeline
  File "C:\Users\user\Desktop\bmt\solar_api\app\core\prediction_pipeline.py", line 12, in <module>
    import pandas as pd
  File "C:\Users\user\anaconda3\Lib\site-packages\pandas\__init__.py", line 49, in <module>
    from pandas.core.api import (
  File "C:\Users\user\anaconda3\Lib\site-packages\pandas\core\api.py", line 1, in <module>
    from pandas._libs import (
  File "C:\Users\user\anaconda3\Lib\site-packages\pandas\_libs\__init__.py", line 17, in <module>
    import pandas._libs.pandas_datetime  # noqa: F401 # isort: skip # type: ignore[reportUnusedImport]
    ^^^^^^^^^^^^^^^^^^^^^^^^^^^^^^^^^^^
ImportError: numpy.core.multiarray failed to import
2025-11-28 13:24:37,978 - __main__ - ERROR - app.core.prediction_pipeline 모듈을 찾을 수 없습니다. 프로젝트 루트에서 실행하세요.
2025-11-28 13:24:37,978 - __main__ - INFO - ================================================================================
2025-11-28 13:24:37,978 - __main__ - ERROR - ================================================================================
2025-11-28 13:24:37,978 - __main__ - ERROR - Solar Prediction Scheduler Failed
2025-11-28 13:24:37,978 - __main__ - ERROR - ================================================================================
2025-11-28 13:24:38,049 - __main__ - INFO - ================================================================================
2025-11-28 13:24:38,049 - __main__ - INFO - Solar Prediction Scheduler Started
2025-11-28 13:24:38,049 - __main__ - INFO - Execution Time: 2025-11-28 13:24:38
2025-11-28 13:24:38,049 - __main__ - INFO - ================================================================================
2025-11-28 13:24:38,058 - __main__ - INFO - 📅 입력 날짜: 2025-11-16
2025-11-28 13:24:38,058 - __main__ - INFO - ================================================================================
2025-11-28 13:24:38,058 - __main__ - INFO - 🌞 태양광 예측 자동 실행 시작 (동기식)
2025-11-28 13:24:38,058 - __main__ - INFO - 📅 실행 시간: 2025-11-28 13:24:38
2025-11-28 13:24:38,058 - __main__ - INFO - 📅 날짜 소스: 입력된 날짜
2025-11-28 13:24:38,058 - __main__ - INFO - 📅 지정 날짜: 2025-11-16
2025-11-28 13:24:38,058 - __main__ - INFO - ================================================================================
2025-11-28 13:24:38,182 - __main__ - ERROR - ❌ 모듈 import 오류: numpy.core.multiarray failed to import
Traceback (most recent call last):
  File "C:\Users\user\Desktop\bmt\solar_api\schedule_solar_AI.py", line 78, in run_prediction
    from app.core.prediction_pipeline import run_solar_prediction_pipeline
  File "C:\Users\user\Desktop\bmt\solar_api\app\core\prediction_pipeline.py", line 12, in <module>
    import pandas as pd
  File "C:\Users\user\anaconda3\Lib\site-packages\pandas\__init__.py", line 49, in <module>
    from pandas.core.api import (
  File "C:\Users\user\anaconda3\Lib\site-packages\pandas\core\api.py", line 1, in <module>
    from pandas._libs import (
  File "C:\Users\user\anaconda3\Lib\site-packages\pandas\_libs\__init__.py", line 17, in <module>
    import pandas._libs.pandas_datetime  # noqa: F401 # isort: skip # type: ignore[reportUnusedImport]
    ^^^^^^^^^^^^^^^^^^^^^^^^^^^^^^^^^^^
ImportError: numpy.core.multiarray failed to import
2025-11-28 13:24:38,182 - __main__ - ERROR - app.core.prediction_pipeline 모듈을 찾을 수 없습니다. 프로젝트 루트에서 실행하세요.
2025-11-28 13:24:38,183 - __main__ - INFO - ================================================================================
2025-11-28 13:24:38,183 - __main__ - ERROR - ================================================================================
2025-11-28 13:24:38,183 - __main__ - ERROR - Solar Prediction Scheduler Failed
2025-11-28 13:24:38,183 - __main__ - ERROR - ================================================================================
2025-11-28 13:24:38,253 - __main__ - INFO - ================================================================================
2025-11-28 13:24:38,254 - __main__ - INFO - Solar Prediction Scheduler Started
2025-11-28 13:24:38,254 - __main__ - INFO - Execution Time: 2025-11-28 13:24:38
2025-11-28 13:24:38,254 - __main__ - INFO - ================================================================================
2025-11-28 13:24:38,263 - __main__ - INFO - 📅 입력 날짜: 2025-11-17
2025-11-28 13:24:38,263 - __main__ - INFO - ================================================================================
2025-11-28 13:24:38,263 - __main__ - INFO - 🌞 태양광 예측 자동 실행 시작 (동기식)
2025-11-28 13:24:38,263 - __main__ - INFO - 📅 실행 시간: 2025-11-28 13:24:38
2025-11-28 13:24:38,263 - __main__ - INFO - 📅 날짜 소스: 입력된 날짜
2025-11-28 13:24:38,263 - __main__ - INFO - 📅 지정 날짜: 2025-11-17
2025-11-28 13:24:38,263 - __main__ - INFO - ================================================================================
2025-11-28 13:24:38,386 - __main__ - ERROR - ❌ 모듈 import 오류: numpy.core.multiarray failed to import
Traceback (most recent call last):
  File "C:\Users\user\Desktop\bmt\solar_api\schedule_solar_AI.py", line 78, in run_prediction
    from app.core.prediction_pipeline import run_solar_prediction_pipeline
  File "C:\Users\user\Desktop\bmt\solar_api\app\core\prediction_pipeline.py", line 12, in <module>
    import pandas as pd
  File "C:\Users\user\anaconda3\Lib\site-packages\pandas\__init__.py", line 49, in <module>
    from pandas.core.api import (
  File "C:\Users\user\anaconda3\Lib\site-packages\pandas\core\api.py", line 1, in <module>
    from pandas._libs import (
  File "C:\Users\user\anaconda3\Lib\site-packages\pandas\_libs\__init__.py", line 17, in <module>
    import pandas._libs.pandas_datetime  # noqa: F401 # isort: skip # type: ignore[reportUnusedImport]
    ^^^^^^^^^^^^^^^^^^^^^^^^^^^^^^^^^^^
ImportError: numpy.core.multiarray failed to import
2025-11-28 13:24:38,386 - __main__ - ERROR - app.core.prediction_pipeline 모듈을 찾을 수 없습니다. 프로젝트 루트에서 실행하세요.
2025-11-28 13:24:38,386 - __main__ - INFO - ================================================================================
2025-11-28 13:24:38,386 - __main__ - ERROR - ================================================================================
2025-11-28 13:24:38,386 - __main__ - ERROR - Solar Prediction Scheduler Failed
2025-11-28 13:24:38,386 - __main__ - ERROR - ================================================================================
2025-11-28 13:24:38,456 - __main__ - INFO - ================================================================================
2025-11-28 13:24:38,457 - __main__ - INFO - Solar Prediction Scheduler Started
2025-11-28 13:24:38,457 - __main__ - INFO - Execution Time: 2025-11-28 13:24:38
2025-11-28 13:24:38,457 - __main__ - INFO - ================================================================================
2025-11-28 13:24:38,465 - __main__ - INFO - 📅 입력 날짜: 2025-11-18
2025-11-28 13:24:38,466 - __main__ - INFO - ================================================================================
2025-11-28 13:24:38,466 - __main__ - INFO - 🌞 태양광 예측 자동 실행 시작 (동기식)
2025-11-28 13:24:38,466 - __main__ - INFO - 📅 실행 시간: 2025-11-28 13:24:38
2025-11-28 13:24:38,466 - __main__ - INFO - 📅 날짜 소스: 입력된 날짜
2025-11-28 13:24:38,466 - __main__ - INFO - 📅 지정 날짜: 2025-11-18
2025-11-28 13:24:38,466 - __main__ - INFO - ================================================================================
2025-11-28 13:24:38,592 - __main__ - ERROR - ❌ 모듈 import 오류: numpy.core.multiarray failed to import
Traceback (most recent call last):
  File "C:\Users\user\Desktop\bmt\solar_api\schedule_solar_AI.py", line 78, in run_prediction
    from app.core.prediction_pipeline import run_solar_prediction_pipeline
  File "C:\Users\user\Desktop\bmt\solar_api\app\core\prediction_pipeline.py", line 12, in <module>
    import pandas as pd
  File "C:\Users\user\anaconda3\Lib\site-packages\pandas\__init__.py", line 49, in <module>
    from pandas.core.api import (
  File "C:\Users\user\anaconda3\Lib\site-packages\pandas\core\api.py", line 1, in <module>
    from pandas._libs import (
  File "C:\Users\user\anaconda3\Lib\site-packages\pandas\_libs\__init__.py", line 17, in <module>
    import pandas._libs.pandas_datetime  # noqa: F401 # isort: skip # type: ignore[reportUnusedImport]
    ^^^^^^^^^^^^^^^^^^^^^^^^^^^^^^^^^^^
ImportError: numpy.core.multiarray failed to import
2025-11-28 13:24:38,592 - __main__ - ERROR - app.core.prediction_pipeline 모듈을 찾을 수 없습니다. 프로젝트 루트에서 실행하세요.
2025-11-28 13:24:38,592 - __main__ - INFO - ================================================================================
2025-11-28 13:24:38,593 - __main__ - ERROR - ================================================================================
2025-11-28 13:24:38,593 - __main__ - ERROR - Solar Prediction Scheduler Failed
2025-11-28 13:24:38,593 - __main__ - ERROR - ================================================================================
2025-11-28 13:24:38,662 - __main__ - INFO - ================================================================================
2025-11-28 13:24:38,662 - __main__ - INFO - Solar Prediction Scheduler Started
2025-11-28 13:24:38,663 - __main__ - INFO - Execution Time: 2025-11-28 13:24:38
2025-11-28 13:24:38,663 - __main__ - INFO - ================================================================================
2025-11-28 13:24:38,671 - __main__ - INFO - 📅 입력 날짜: 2025-11-19
2025-11-28 13:24:38,672 - __main__ - INFO - ================================================================================
2025-11-28 13:24:38,672 - __main__ - INFO - 🌞 태양광 예측 자동 실행 시작 (동기식)
2025-11-28 13:24:38,672 - __main__ - INFO - 📅 실행 시간: 2025-11-28 13:24:38
2025-11-28 13:24:38,672 - __main__ - INFO - 📅 날짜 소스: 입력된 날짜
2025-11-28 13:24:38,672 - __main__ - INFO - 📅 지정 날짜: 2025-11-19
2025-11-28 13:24:38,672 - __main__ - INFO - ================================================================================
2025-11-28 13:24:38,799 - __main__ - ERROR - ❌ 모듈 import 오류: numpy.core.multiarray failed to import
Traceback (most recent call last):
  File "C:\Users\user\Desktop\bmt\solar_api\schedule_solar_AI.py", line 78, in run_prediction
    from app.core.prediction_pipeline import run_solar_prediction_pipeline
  File "C:\Users\user\Desktop\bmt\solar_api\app\core\prediction_pipeline.py", line 12, in <module>
    import pandas as pd
  File "C:\Users\user\anaconda3\Lib\site-packages\pandas\__init__.py", line 49, in <module>
    from pandas.core.api import (
  File "C:\Users\user\anaconda3\Lib\site-packages\pandas\core\api.py", line 1, in <module>
    from pandas._libs import (
  File "C:\Users\user\anaconda3\Lib\site-packages\pandas\_libs\__init__.py", line 17, in <module>
    import pandas._libs.pandas_datetime  # noqa: F401 # isort: skip # type: ignore[reportUnusedImport]
    ^^^^^^^^^^^^^^^^^^^^^^^^^^^^^^^^^^^
ImportError: numpy.core.multiarray failed to import
2025-11-28 13:24:38,800 - __main__ - ERROR - app.core.prediction_pipeline 모듈을 찾을 수 없습니다. 프로젝트 루트에서 실행하세요.
2025-11-28 13:24:38,800 - __main__ - INFO - ================================================================================
2025-11-28 13:24:38,800 - __main__ - ERROR - ================================================================================
2025-11-28 13:24:38,800 - __main__ - ERROR - Solar Prediction Scheduler Failed
2025-11-28 13:24:38,800 - __main__ - ERROR - ================================================================================
2025-11-28 13:24:38,872 - __main__ - INFO - ================================================================================
2025-11-28 13:24:38,872 - __main__ - INFO - Solar Prediction Scheduler Started
2025-11-28 13:24:38,872 - __main__ - INFO - Execution Time: 2025-11-28 13:24:38
2025-11-28 13:24:38,873 - __main__ - INFO - ================================================================================
2025-11-28 13:24:38,882 - __main__ - INFO - 📅 입력 날짜: 2025-11-20
2025-11-28 13:24:38,882 - __main__ - INFO - ================================================================================
2025-11-28 13:24:38,882 - __main__ - INFO - 🌞 태양광 예측 자동 실행 시작 (동기식)
2025-11-28 13:24:38,882 - __main__ - INFO - 📅 실행 시간: 2025-11-28 13:24:38
2025-11-28 13:24:38,882 - __main__ - INFO - 📅 날짜 소스: 입력된 날짜
2025-11-28 13:24:38,882 - __main__ - INFO - 📅 지정 날짜: 2025-11-20
2025-11-28 13:24:38,882 - __main__ - INFO - ================================================================================
2025-11-28 13:24:39,017 - __main__ - ERROR - ❌ 모듈 import 오류: numpy.core.multiarray failed to import
Traceback (most recent call last):
  File "C:\Users\user\Desktop\bmt\solar_api\schedule_solar_AI.py", line 78, in run_prediction
    from app.core.prediction_pipeline import run_solar_prediction_pipeline
  File "C:\Users\user\Desktop\bmt\solar_api\app\core\prediction_pipeline.py", line 12, in <module>
    import pandas as pd
  File "C:\Users\user\anaconda3\Lib\site-packages\pandas\__init__.py", line 49, in <module>
    from pandas.core.api import (
  File "C:\Users\user\anaconda3\Lib\site-packages\pandas\core\api.py", line 1, in <module>
    from pandas._libs import (
  File "C:\Users\user\anaconda3\Lib\site-packages\pandas\_libs\__init__.py", line 17, in <module>
    import pandas._libs.pandas_datetime  # noqa: F401 # isort: skip # type: ignore[reportUnusedImport]
    ^^^^^^^^^^^^^^^^^^^^^^^^^^^^^^^^^^^
ImportError: numpy.core.multiarray failed to import
2025-11-28 13:24:39,017 - __main__ - ERROR - app.core.prediction_pipeline 모듈을 찾을 수 없습니다. 프로젝트 루트에서 실행하세요.
2025-11-28 13:24:39,017 - __main__ - INFO - ================================================================================
2025-11-28 13:24:39,017 - __main__ - ERROR - ================================================================================
2025-11-28 13:24:39,018 - __main__ - ERROR - Solar Prediction Scheduler Failed
2025-11-28 13:24:39,018 - __main__ - ERROR - ================================================================================
2025-11-28 13:24:39,091 - __main__ - INFO - ================================================================================
2025-11-28 13:24:39,091 - __main__ - INFO - Solar Prediction Scheduler Started
2025-11-28 13:24:39,092 - __main__ - INFO - Execution Time: 2025-11-28 13:24:39
2025-11-28 13:24:39,092 - __main__ - INFO - ================================================================================
2025-11-28 13:24:39,100 - __main__ - INFO - 📅 입력 날짜: 2025-11-21
2025-11-28 13:24:39,100 - __main__ - INFO - ================================================================================
2025-11-28 13:24:39,100 - __main__ - INFO - 🌞 태양광 예측 자동 실행 시작 (동기식)
2025-11-28 13:24:39,100 - __main__ - INFO - 📅 실행 시간: 2025-11-28 13:24:39
2025-11-28 13:24:39,101 - __main__ - INFO - 📅 날짜 소스: 입력된 날짜
2025-11-28 13:24:39,101 - __main__ - INFO - 📅 지정 날짜: 2025-11-21
2025-11-28 13:24:39,101 - __main__ - INFO - ================================================================================
2025-11-28 13:24:39,225 - __main__ - ERROR - ❌ 모듈 import 오류: numpy.core.multiarray failed to import
Traceback (most recent call last):
  File "C:\Users\user\Desktop\bmt\solar_api\schedule_solar_AI.py", line 78, in run_prediction
    from app.core.prediction_pipeline import run_solar_prediction_pipeline
  File "C:\Users\user\Desktop\bmt\solar_api\app\core\prediction_pipeline.py", line 12, in <module>
    import pandas as pd
  File "C:\Users\user\anaconda3\Lib\site-packages\pandas\__init__.py", line 49, in <module>
    from pandas.core.api import (
  File "C:\Users\user\anaconda3\Lib\site-packages\pandas\core\api.py", line 1, in <module>
    from pandas._libs import (
  File "C:\Users\user\anaconda3\Lib\site-packages\pandas\_libs\__init__.py", line 17, in <module>
    import pandas._libs.pandas_datetime  # noqa: F401 # isort: skip # type: ignore[reportUnusedImport]
    ^^^^^^^^^^^^^^^^^^^^^^^^^^^^^^^^^^^
ImportError: numpy.core.multiarray failed to import
2025-11-28 13:24:39,225 - __main__ - ERROR - app.core.prediction_pipeline 모듈을 찾을 수 없습니다. 프로젝트 루트에서 실행하세요.
2025-11-28 13:24:39,226 - __main__ - INFO - ================================================================================
2025-11-28 13:24:39,226 - __main__ - ERROR - ================================================================================
2025-11-28 13:24:39,226 - __main__ - ERROR - Solar Prediction Scheduler Failed
2025-11-28 13:24:39,226 - __main__ - ERROR - ================================================================================
2025-11-28 13:24:39,298 - __main__ - INFO - ================================================================================
2025-11-28 13:24:39,298 - __main__ - INFO - Solar Prediction Scheduler Started
2025-11-28 13:24:39,298 - __main__ - INFO - Execution Time: 2025-11-28 13:24:39
2025-11-28 13:24:39,298 - __main__ - INFO - ================================================================================
2025-11-28 13:24:39,308 - __main__ - INFO - 📅 입력 날짜: 2025-11-22
2025-11-28 13:24:39,308 - __main__ - INFO - ================================================================================
2025-11-28 13:24:39,308 - __main__ - INFO - 🌞 태양광 예측 자동 실행 시작 (동기식)
2025-11-28 13:24:39,308 - __main__ - INFO - 📅 실행 시간: 2025-11-28 13:24:39
2025-11-28 13:24:39,308 - __main__ - INFO - 📅 날짜 소스: 입력된 날짜
2025-11-28 13:24:39,308 - __main__ - INFO - 📅 지정 날짜: 2025-11-22
2025-11-28 13:24:39,308 - __main__ - INFO - ================================================================================
2025-11-28 13:24:39,434 - __main__ - ERROR - ❌ 모듈 import 오류: numpy.core.multiarray failed to import
Traceback (most recent call last):
  File "C:\Users\user\Desktop\bmt\solar_api\schedule_solar_AI.py", line 78, in run_prediction
    from app.core.prediction_pipeline import run_solar_prediction_pipeline
  File "C:\Users\user\Desktop\bmt\solar_api\app\core\prediction_pipeline.py", line 12, in <module>
    import pandas as pd
  File "C:\Users\user\anaconda3\Lib\site-packages\pandas\__init__.py", line 49, in <module>
    from pandas.core.api import (
  File "C:\Users\user\anaconda3\Lib\site-packages\pandas\core\api.py", line 1, in <module>
    from pandas._libs import (
  File "C:\Users\user\anaconda3\Lib\site-packages\pandas\_libs\__init__.py", line 17, in <module>
    import pandas._libs.pandas_datetime  # noqa: F401 # isort: skip # type: ignore[reportUnusedImport]
    ^^^^^^^^^^^^^^^^^^^^^^^^^^^^^^^^^^^
ImportError: numpy.core.multiarray failed to import
2025-11-28 13:24:39,434 - __main__ - ERROR - app.core.prediction_pipeline 모듈을 찾을 수 없습니다. 프로젝트 루트에서 실행하세요.
2025-11-28 13:24:39,434 - __main__ - INFO - ================================================================================
2025-11-28 13:24:39,434 - __main__ - ERROR - ================================================================================
2025-11-28 13:24:39,434 - __main__ - ERROR - Solar Prediction Scheduler Failed
2025-11-28 13:24:39,434 - __main__ - ERROR - ================================================================================
2025-11-28 13:24:39,505 - __main__ - INFO - ================================================================================
2025-11-28 13:24:39,505 - __main__ - INFO - Solar Prediction Scheduler Started
2025-11-28 13:24:39,505 - __main__ - INFO - Execution Time: 2025-11-28 13:24:39
2025-11-28 13:24:39,505 - __main__ - INFO - ================================================================================
2025-11-28 13:24:39,514 - __main__ - INFO - 📅 입력 날짜: 2025-11-23
2025-11-28 13:24:39,514 - __main__ - INFO - ================================================================================
2025-11-28 13:24:39,514 - __main__ - INFO - 🌞 태양광 예측 자동 실행 시작 (동기식)
2025-11-28 13:24:39,514 - __main__ - INFO - 📅 실행 시간: 2025-11-28 13:24:39
2025-11-28 13:24:39,514 - __main__ - INFO - 📅 날짜 소스: 입력된 날짜
2025-11-28 13:24:39,514 - __main__ - INFO - 📅 지정 날짜: 2025-11-23
2025-11-28 13:24:39,514 - __main__ - INFO - ================================================================================
2025-11-28 13:24:39,640 - __main__ - ERROR - ❌ 모듈 import 오류: numpy.core.multiarray failed to import
Traceback (most recent call last):
  File "C:\Users\user\Desktop\bmt\solar_api\schedule_solar_AI.py", line 78, in run_prediction
    from app.core.prediction_pipeline import run_solar_prediction_pipeline
  File "C:\Users\user\Desktop\bmt\solar_api\app\core\prediction_pipeline.py", line 12, in <module>
    import pandas as pd
  File "C:\Users\user\anaconda3\Lib\site-packages\pandas\__init__.py", line 49, in <module>
    from pandas.core.api import (
  File "C:\Users\user\anaconda3\Lib\site-packages\pandas\core\api.py", line 1, in <module>
    from pandas._libs import (
  File "C:\Users\user\anaconda3\Lib\site-packages\pandas\_libs\__init__.py", line 17, in <module>
    import pandas._libs.pandas_datetime  # noqa: F401 # isort: skip # type: ignore[reportUnusedImport]
    ^^^^^^^^^^^^^^^^^^^^^^^^^^^^^^^^^^^
ImportError: numpy.core.multiarray failed to import
2025-11-28 13:24:39,641 - __main__ - ERROR - app.core.prediction_pipeline 모듈을 찾을 수 없습니다. 프로젝트 루트에서 실행하세요.
2025-11-28 13:24:39,641 - __main__ - INFO - ================================================================================
2025-11-28 13:24:39,641 - __main__ - ERROR - ================================================================================
2025-11-28 13:24:39,641 - __main__ - ERROR - Solar Prediction Scheduler Failed
2025-11-28 13:24:39,641 - __main__ - ERROR - ================================================================================
2025-11-28 13:24:39,713 - __main__ - INFO - ================================================================================
2025-11-28 13:24:39,713 - __main__ - INFO - Solar Prediction Scheduler Started
2025-11-28 13:24:39,713 - __main__ - INFO - Execution Time: 2025-11-28 13:24:39
2025-11-28 13:24:39,714 - __main__ - INFO - ================================================================================
2025-11-28 13:24:39,722 - __main__ - INFO - 📅 입력 날짜: 2025-11-24
2025-11-28 13:24:39,723 - __main__ - INFO - ================================================================================
2025-11-28 13:24:39,723 - __main__ - INFO - 🌞 태양광 예측 자동 실행 시작 (동기식)
2025-11-28 13:24:39,723 - __main__ - INFO - 📅 실행 시간: 2025-11-28 13:24:39
2025-11-28 13:24:39,723 - __main__ - INFO - 📅 날짜 소스: 입력된 날짜
2025-11-28 13:24:39,723 - __main__ - INFO - 📅 지정 날짜: 2025-11-24
2025-11-28 13:24:39,723 - __main__ - INFO - ================================================================================
2025-11-28 13:24:39,861 - __main__ - ERROR - ❌ 모듈 import 오류: numpy.core.multiarray failed to import
Traceback (most recent call last):
  File "C:\Users\user\Desktop\bmt\solar_api\schedule_solar_AI.py", line 78, in run_prediction
    from app.core.prediction_pipeline import run_solar_prediction_pipeline
  File "C:\Users\user\Desktop\bmt\solar_api\app\core\prediction_pipeline.py", line 12, in <module>
    import pandas as pd
  File "C:\Users\user\anaconda3\Lib\site-packages\pandas\__init__.py", line 49, in <module>
    from pandas.core.api import (
  File "C:\Users\user\anaconda3\Lib\site-packages\pandas\core\api.py", line 1, in <module>
    from pandas._libs import (
  File "C:\Users\user\anaconda3\Lib\site-packages\pandas\_libs\__init__.py", line 17, in <module>
    import pandas._libs.pandas_datetime  # noqa: F401 # isort: skip # type: ignore[reportUnusedImport]
    ^^^^^^^^^^^^^^^^^^^^^^^^^^^^^^^^^^^
ImportError: numpy.core.multiarray failed to import
2025-11-28 13:24:39,862 - __main__ - ERROR - app.core.prediction_pipeline 모듈을 찾을 수 없습니다. 프로젝트 루트에서 실행하세요.
2025-11-28 13:24:39,862 - __main__ - INFO - ================================================================================
2025-11-28 13:24:39,862 - __main__ - ERROR - ================================================================================
2025-11-28 13:24:39,862 - __main__ - ERROR - Solar Prediction Scheduler Failed
2025-11-28 13:24:39,862 - __main__ - ERROR - ================================================================================
2025-11-28 13:24:39,933 - __main__ - INFO - ================================================================================
2025-11-28 13:24:39,933 - __main__ - INFO - Solar Prediction Scheduler Started
2025-11-28 13:24:39,933 - __main__ - INFO - Execution Time: 2025-11-28 13:24:39
2025-11-28 13:24:39,933 - __main__ - INFO - ================================================================================
2025-11-28 13:24:39,942 - __main__ - INFO - 📅 입력 날짜: 2025-11-25
2025-11-28 13:24:39,942 - __main__ - INFO - ================================================================================
2025-11-28 13:24:39,943 - __main__ - INFO - 🌞 태양광 예측 자동 실행 시작 (동기식)
2025-11-28 13:24:39,943 - __main__ - INFO - 📅 실행 시간: 2025-11-28 13:24:39
2025-11-28 13:24:39,943 - __main__ - INFO - 📅 날짜 소스: 입력된 날짜
2025-11-28 13:24:39,943 - __main__ - INFO - 📅 지정 날짜: 2025-11-25
2025-11-28 13:24:39,943 - __main__ - INFO - ================================================================================
2025-11-28 13:24:40,070 - __main__ - ERROR - ❌ 모듈 import 오류: numpy.core.multiarray failed to import
Traceback (most recent call last):
  File "C:\Users\user\Desktop\bmt\solar_api\schedule_solar_AI.py", line 78, in run_prediction
    from app.core.prediction_pipeline import run_solar_prediction_pipeline
  File "C:\Users\user\Desktop\bmt\solar_api\app\core\prediction_pipeline.py", line 12, in <module>
    import pandas as pd
  File "C:\Users\user\anaconda3\Lib\site-packages\pandas\__init__.py", line 49, in <module>
    from pandas.core.api import (
  File "C:\Users\user\anaconda3\Lib\site-packages\pandas\core\api.py", line 1, in <module>
    from pandas._libs import (
  File "C:\Users\user\anaconda3\Lib\site-packages\pandas\_libs\__init__.py", line 17, in <module>
    import pandas._libs.pandas_datetime  # noqa: F401 # isort: skip # type: ignore[reportUnusedImport]
    ^^^^^^^^^^^^^^^^^^^^^^^^^^^^^^^^^^^
ImportError: numpy.core.multiarray failed to import
2025-11-28 13:24:40,071 - __main__ - ERROR - app.core.prediction_pipeline 모듈을 찾을 수 없습니다. 프로젝트 루트에서 실행하세요.
2025-11-28 13:24:40,071 - __main__ - INFO - ================================================================================
2025-11-28 13:24:40,071 - __main__ - ERROR - ================================================================================
2025-11-28 13:24:40,071 - __main__ - ERROR - Solar Prediction Scheduler Failed
2025-11-28 13:24:40,071 - __main__ - ERROR - ================================================================================
2025-11-28 13:24:40,150 - __main__ - INFO - ================================================================================
2025-11-28 13:24:40,150 - __main__ - INFO - Solar Prediction Scheduler Started
2025-11-28 13:24:40,150 - __main__ - INFO - Execution Time: 2025-11-28 13:24:40
2025-11-28 13:24:40,151 - __main__ - INFO - ================================================================================
2025-11-28 13:24:40,160 - __main__ - INFO - 📅 입력 날짜: 2025-11-26
2025-11-28 13:24:40,160 - __main__ - INFO - ================================================================================
2025-11-28 13:24:40,160 - __main__ - INFO - 🌞 태양광 예측 자동 실행 시작 (동기식)
2025-11-28 13:24:40,160 - __main__ - INFO - 📅 실행 시간: 2025-11-28 13:24:40
2025-11-28 13:24:40,160 - __main__ - INFO - 📅 날짜 소스: 입력된 날짜
2025-11-28 13:24:40,160 - __main__ - INFO - 📅 지정 날짜: 2025-11-26
2025-11-28 13:24:40,160 - __main__ - INFO - ================================================================================
2025-11-28 13:24:40,285 - __main__ - INFO - ⚠️ 사용자에 의해 중단됨
2025-11-28 13:24:40,285 - __main__ - INFO - ================================================================================
2025-11-28 13:26:26,006 - __main__ - INFO - ================================================================================
2025-11-28 13:26:26,006 - __main__ - INFO - Solar Prediction Scheduler Started
2025-11-28 13:26:26,006 - __main__ - INFO - Execution Time: 2025-11-28 13:26:26
2025-11-28 13:26:26,007 - __main__ - INFO - ================================================================================
2025-11-28 13:26:26,015 - __main__ - INFO - 📅 입력 날짜: 2025-11-08
2025-11-28 13:26:26,016 - __main__ - INFO - ================================================================================
2025-11-28 13:26:26,016 - __main__ - INFO - 🌞 태양광 예측 자동 실행 시작 (동기식)
2025-11-28 13:26:26,016 - __main__ - INFO - 📅 실행 시간: 2025-11-28 13:26:26
2025-11-28 13:26:26,016 - __main__ - INFO - 📅 날짜 소스: 입력된 날짜
2025-11-28 13:26:26,016 - __main__ - INFO - 📅 지정 날짜: 2025-11-08
2025-11-28 13:26:26,016 - __main__ - INFO - ================================================================================
2025-11-28 13:26:26,379 - __main__ - INFO - 🔮 예측 로직 실행 중...
2025-11-28 13:26:26,404 - app.core.prediction_pipeline - INFO - 📅 입력 날짜 사용: 2025-11-08
2025-11-28 13:26:26,404 - app.core.prediction_pipeline - INFO - 🌞 앙상블 태양광 발전량 예측 시작: 2025-11-08
2025-11-28 13:26:26,560 - app.core.config - WARNING - config7.json not found at C:\Users\user\Desktop\bmt\solar_api\app\core\weights\config7.json. Using default values.
2025-11-28 13:26:26,562 - app.core.config - WARNING - config7.json not found at C:\Users\user\Desktop\bmt\solar_api\app\core\weights\config7.json. Using default values.
2025-11-28 13:26:29,666 - app.core.prediction_pipeline - INFO - 📅 날짜 객체 생성 완료: 2025-11-08 00:00:00
2025-11-28 13:26:29,666 - app.core.prediction_pipeline - INFO - 🎯 목표 시간대(미래 24h): 2025-11-08 23:00:00 ~ 2025-11-09 22:00:00
2025-11-28 13:26:29,666 - app.core.prediction_pipeline - INFO - 🔎 조회 범위 계산 | Solar: 2025-11-01 00:00:00 ~ 2025-11-08 22:00:00 , Weather: 2025-11-08 00:00:00 ~ 2025-11-09 22:00:00
2025-11-28 13:26:29,667 - app.core.database - INFO - 🔍 Solar SQL 조회 범위: 2025-11-01 00:00:00 ~ 2025-11-08 22:00:00
2025-11-28 13:26:29,667 - app.core.database - INFO - 🔍 Weather SQL 조회 범위: 2025-11-08 00:00:00 ~ 2025-11-09 22:00:00
2025-11-28 13:26:30,240 - app.core.database - INFO - 📊 앙상블용 태양광 데이터 조회: 3438건
2025-11-28 13:26:30,241 - app.core.database - INFO -    시간 범위: 2025-11-01 00:00:00 ~ 2025-11-08 22:00:00
2025-11-28 13:26:30,241 - app.core.database - INFO -    🔍 Solar 데이터 NaN 체크: 0개
2025-11-28 13:26:30,245 - app.core.database - INFO -    ✅ Solar 시간 연속성 OK: 191시간 연속
2025-11-28 13:26:30,248 - app.core.database - INFO - 🔍 예상 Weather 조회 범위: 2025-11-08 00:00:00 ~ 2025-11-09 22:00:00 (총 47개 시간대)
2025-11-28 13:26:30,501 - app.core.database - INFO - 📊 앙상블용 기상 데이터 조회: 47건
2025-11-28 13:26:30,502 - app.core.database - INFO -    🔍 Weather 데이터 NaN 체크: 86개
2025-11-28 13:26:30,502 - app.core.database - INFO -    시간 범위: 2025-11-08 00:00:00 ~ 2025-11-09 22:00:00
2025-11-28 13:26:30,502 - app.core.database - INFO -    📊 조회된 데이터 개수: 47개 (기대: 47개)
2025-11-28 13:26:30,502 - app.core.database - INFO -    📊 조회된 시간대 샘플 (처음 3개):
2025-11-28 13:26:30,503 - app.core.database - INFO -       [0] 2025-11-08 00:00:00
2025-11-28 13:26:30,503 - app.core.database - INFO -       [1] 2025-11-08 01:00:00
2025-11-28 13:26:30,503 - app.core.database - INFO -       [2] 2025-11-08 02:00:00
2025-11-28 13:26:30,504 - app.core.database - INFO -    ✅ Weather 시간 연속성 OK: 47시간 (기대: 47시간)
2025-11-28 13:26:30,504 - app.core.prediction_pipeline - INFO - ✅ 데이터 조회 완료 - 태양광: 3438건, 기상: 47건
2025-11-28 13:26:30,504 - app.core.preprocess - INFO - 🔍 공장 A 스케일러 경로: C:\Users\user\Desktop\bmt\solar_api\app\weights\model9\A_solar_scaler_e500_b8_p100.pkl
2025-11-28 13:26:30,522 - app.core.preprocess - INFO - ✅ 공장 A 태양광 스케일러 로드 완료
2025-11-28 13:26:30,522 - app.core.preprocess - INFO - 🔍 공장 B 스케일러 경로: C:\Users\user\Desktop\bmt\solar_api\app\weights\model9\B_solar_scaler_e500_b8_p100.pkl
2025-11-28 13:26:30,530 - app.core.preprocess - INFO - ✅ 공장 B 태양광 스케일러 로드 완료
2025-11-28 13:26:30,530 - app.core.preprocess - INFO - 🔍 공장 C 스케일러 경로: C:\Users\user\Desktop\bmt\solar_api\app\weights\model9\C_solar_scaler_e500_b8_p100.pkl
2025-11-28 13:26:30,536 - app.core.preprocess - INFO - ✅ 공장 C 태양광 스케일러 로드 완료
2025-11-28 13:26:30,536 - app.core.preprocess - INFO - 🔍 공장 Total 스케일러 경로: C:\Users\user\Desktop\bmt\solar_api\app\weights\model9\T_solar_scaler_e500_b8_p100.pkl
2025-11-28 13:26:30,537 - app.core.preprocess - INFO - ✅ 공장 Total 태양광 스케일러 로드 완료
2025-11-28 13:26:30,537 - app.core.preprocess - INFO - 🔍 기상 스케일러 경로: C:\Users\user\Desktop\bmt\solar_api\app\weights\model9\T_weather_scaler_e500_b8_p100.pkl
2025-11-28 13:26:30,543 - app.core.preprocess - INFO - ✅ 기상 스케일러 로드 완료
2025-11-28 13:26:30,543 - app.core.preprocess - INFO - 📊 Scaler에서 추출한 Solar features: ['generate_gap', 'PV_Amp']
2025-11-28 13:26:30,543 - app.core.preprocess - INFO - 📊 Scaler에서 추출한 Weather features: ['summer_peak', 'hour_cos', 'peak_hours', '1시간기온', '강수확률', '습도', '풍속', '하늘상태', 'apparent_elevation', 'is_daylight', 'morning_hours', 'evening_hours']
2025-11-28 13:26:30,550 - app.core.preprocess - INFO - 숫자형 컬럼 데이터 타입 변환 완료: ['generate_gap', 'PV_Amp']
2025-11-28 13:26:30,556 - app.core.preprocess - INFO - 🏭 ID별 공장 분류 결과:
2025-11-28 13:26:30,556 - app.core.preprocess - INFO -   A공장 (ID 1-12): 2292건, 고유 ID: [np.int64(1), np.int64(2), np.int64(3), np.int64(4), np.int64(5), np.int64(6), np.int64(7), np.int64(8), np.int64(9), np.int64(10), np.int64(11), np.int64(12)]
2025-11-28 13:26:30,556 - app.core.preprocess - INFO -   B공장 (ID 13-15): 573건, 고유 ID: [np.int64(13), np.int64(14), np.int64(15)]
2025-11-28 13:26:30,556 - app.core.preprocess - INFO -   C공장 (ID 16-18): 573건, 고유 ID: [np.int64(16), np.int64(17), np.int64(18)]
2025-11-28 13:26:30,556 - app.core.preprocess - INFO -   공장 전체 : 3438건, 고유 ID: [np.int64(1), np.int64(2), np.int64(3), np.int64(4), np.int64(5), np.int64(6), np.int64(7), np.int64(8), np.int64(9), np.int64(10), np.int64(11), np.int64(12), np.int64(13), np.int64(14), np.int64(15), np.int64(16), np.int64(17), np.int64(18)]
2025-11-28 13:26:30,559 - app.core.preprocess - INFO - 📊 집계 전 데이터: 2292건, 시간 범위: 2025-11-01 00:00:00 ~ 2025-11-08 22:00:00
2025-11-28 13:26:30,559 - app.core.preprocess - INFO - 📊 실제 집계할 컬럼: ['PV_Volt', 'PV_Amp', 'Volt_R', 'Volt_S', 'Volt_T', 'Ampe_R', 'Ampe_S', 'Ampe_T', 'Frequency', 'Today_Generation', 'generate_gap', 'Accum_Generation']
2025-11-28 13:26:30,562 - app.core.preprocess - INFO - 📊 집계 후 데이터: 191건
2025-11-28 13:26:30,563 - app.core.preprocess - INFO - 📊 집계 전 데이터: 573건, 시간 범위: 2025-11-01 00:00:00 ~ 2025-11-08 22:00:00
2025-11-28 13:26:30,563 - app.core.preprocess - INFO - 📊 실제 집계할 컬럼: ['PV_Volt', 'PV_Amp', 'Volt_R', 'Volt_S', 'Volt_T', 'Ampe_R', 'Ampe_S', 'Ampe_T', 'Frequency', 'Today_Generation', 'generate_gap', 'Accum_Generation']
2025-11-28 13:26:30,565 - app.core.preprocess - INFO - 📊 집계 후 데이터: 191건
2025-11-28 13:26:30,567 - app.core.preprocess - INFO - 📊 집계 전 데이터: 573건, 시간 범위: 2025-11-01 00:00:00 ~ 2025-11-08 22:00:00
2025-11-28 13:26:30,567 - app.core.preprocess - INFO - 📊 실제 집계할 컬럼: ['PV_Volt', 'PV_Amp', 'Volt_R', 'Volt_S', 'Volt_T', 'Ampe_R', 'Ampe_S', 'Ampe_T', 'Frequency', 'Today_Generation', 'generate_gap', 'Accum_Generation']
2025-11-28 13:26:30,569 - app.core.preprocess - INFO - 📊 집계 후 데이터: 191건
2025-11-28 13:26:30,569 - app.core.preprocess - INFO - 🏭 Factory_Total 데이터 처리 시작...
2025-11-28 13:26:30,569 - app.core.preprocess - INFO -    📊 Factory_Total 원본 데이터: 3438건
2025-11-28 13:26:30,569 - app.core.preprocess - INFO -    📈 Factory_Total ID 범위: 1 ~ 18
2025-11-28 13:26:30,569 - app.core.preprocess - INFO -    ⏰ Factory_Total 시간 범위: 2025-11-01 00:00:00 ~ 2025-11-08 22:00:00
2025-11-28 13:26:30,570 - app.core.preprocess - INFO -    ✅ generate_gap: min=0.0000, max=60.0000, mean=9.3921, count=3438
2025-11-28 13:26:30,570 - app.core.preprocess - INFO -    ✅ PV_Amp: min=0.0000, max=106.1670, mean=17.3194, count=3438
2025-11-28 13:26:30,573 - app.core.preprocess - INFO - 📊 집계 전 데이터: 3438건, 시간 범위: 2025-11-01 00:00:00 ~ 2025-11-08 22:00:00
2025-11-28 13:26:30,573 - app.core.preprocess - INFO - 📊 실제 집계할 컬럼: ['PV_Volt', 'PV_Amp', 'Volt_R', 'Volt_S', 'Volt_T', 'Ampe_R', 'Ampe_S', 'Ampe_T', 'Frequency', 'Today_Generation', 'generate_gap', 'Accum_Generation']
2025-11-28 13:26:30,576 - app.core.preprocess - INFO - 📊 집계 후 데이터: 191건
2025-11-28 13:26:30,576 - app.core.preprocess - INFO - 공장별 집계 완료
2025-11-28 13:26:30,578 - app.core.preprocess - INFO - 태양광 데이터 품질 체크 완료 - 총 3438건, 결측치 비율: 0.00%
2025-11-28 13:26:30,579 - app.core.preprocess - INFO - A 공장 전처리 완료: 191건
2025-11-28 13:26:30,579 - app.core.preprocess - INFO - B 공장 전처리 완료: 191건
2025-11-28 13:26:30,579 - app.core.preprocess - INFO - C 공장 전처리 완료: 191건
2025-11-28 13:26:30,579 - app.core.preprocess - INFO - 전체체 공장 전처리 완료: 191건
2025-11-28 13:26:30,583 - app.core.preprocess - INFO - 기상 데이터 숫자형 컬럼 타입 변환 완료: ['apparent_elevation', 'pop', 'sky', 'reh', 'wsd', 'tmp']
2025-11-28 13:26:30,585 - app.core.preprocess - INFO - 컬럼명 매핑 완료: ['tmp', 'pop', 'reh', 'wsd', 'sky', 'pty', 'pcp', 'sno', 'tmn', 'tmx', 'uuu', 'vvv', 'wav', 'vec'] → ['1시간기온', '강수확률', '습도', '풍속', '하늘상태', '강수형태', '1시간강수량', '1시간신적설', '일최저기온', '일최고기온', '동서바람성분', '남북바람성분', '파고', '풍향']
2025-11-28 13:26:30,590 - app.core.preprocess - INFO - 📊 전처리된 기상 데이터 샘플 (처음 5개):
2025-11-28 13:26:30,590 - app.core.preprocess - INFO - 기상 데이터 전처리 완료: 47건
2025-11-28 13:26:30,590 - app.core.preprocess - INFO - 기상 데이터 전처리 완료: (47, 49)
2025-11-28 13:26:30,590 - app.core.preprocess - INFO - 전처리 후 컬럼: ['tm', 'pop', 'pty', 'pcp', 'reh', 'sno', 'sky', 'tmp', 'tmn', 'tmx', 'uuu', 'vvv', 'wav', 'vec', 'wsd', 'ics', 'apparent_zenith', 'apparent_elevation', 'azimuth', 'reg_dt', '1시간기온', '강수확률', '습도', '풍속', '하늘상태', '강수형태', '1시간강수량', '1시간신적설', '일최저기온', '일최고기온', '동서바람성분', '남북바람성분', '파고', '풍향', 'hour', 'day_of_week', 'month', 'is_weekend', 'hour_sin', 'hour_cos', 'day_sin', 'day_cos', 'month_sin', 'month_cos', 'is_daylight', 'peak_hours', 'morning_hours', 'evening_hours', 'summer_peak']
2025-11-28 13:26:30,590 - app.core.prediction_pipeline - INFO - 🏭 FactoryA 시퀀스 생성 중...
2025-11-28 13:26:30,591 - app.core.preprocess - INFO - 🔍 개별 시퀀스 생성 시작
2025-11-28 13:26:30,592 - app.core.preprocess - INFO -    Solar 데이터: 191건, features: ['generate_gap', 'PV_Amp']
2025-11-28 13:26:30,593 - app.core.preprocess - INFO -    Solar 범위: 2025-11-01 00:00:00 ~ 2025-11-08 22:00:00
2025-11-28 13:26:30,593 - app.core.preprocess - INFO -    📊 generate_gap: min=0.0000, max=609.0000, mean=111.3717
2025-11-28 13:26:30,593 - app.core.preprocess - INFO -    📊 PV_Amp: min=0.0000, max=98.6042, mean=17.5245
2025-11-28 13:26:30,593 - app.core.preprocess - INFO -    Scaler에서 추출한 Weather features 사용: ['summer_peak', 'hour_cos', 'peak_hours', '1시간기온', '강수확률', '습도', '풍속', '하늘상태', 'apparent_elevation', 'is_daylight', 'morning_hours', 'evening_hours']
2025-11-28 13:26:30,593 - app.core.preprocess - INFO -    Weather DataFrame columns: ['summer_peak', 'hour_cos', 'peak_hours', '1시간기온', '강수확률', '습도', '풍속', '하늘상태', 'apparent_elevation', 'is_daylight', 'morning_hours', 'evening_hours']
2025-11-28 13:26:30,594 - app.core.preprocess - INFO -    Scaler feature names: ['summer_peak', 'hour_cos', 'peak_hours', '1시간기온', '강수확률', '습도', '풍속', '하늘상태', 'apparent_elevation', 'is_daylight', 'morning_hours', 'evening_hours']
2025-11-28 13:26:30,594 - app.core.preprocess - INFO -    Scaler 순서에 맞춰 정렬된 X_weather columns: ['summer_peak', 'hour_cos', 'peak_hours', '1시간기온', '강수확률', '습도', '풍속', '하늘상태', 'apparent_elevation', 'is_daylight', 'morning_hours', 'evening_hours']
2025-11-28 13:26:30,595 - app.core.preprocess - INFO -    Weather 데이터: 47건, features: ['summer_peak', 'hour_cos', 'peak_hours', '1시간기온', '강수확률', '습도', '풍속', '하늘상태', 'apparent_elevation', 'is_daylight', 'morning_hours', 'evening_hours']
2025-11-28 13:26:30,595 - app.core.preprocess - INFO -    Weather 범위: 2025-11-08 00:00:00 ~ 2025-11-09 22:00:00
2025-11-28 13:26:30,595 - app.core.preprocess - INFO -    Solar 최대 시퀀스: 24개
2025-11-28 13:26:30,595 - app.core.preprocess - INFO -    Weather 최대 시퀀스: 24개
2025-11-28 13:26:30,595 - app.core.preprocess - INFO -    생성 가능 시퀀스: 24개
2025-11-28 13:26:30,596 - app.core.preprocess - INFO -    ✅ 시퀀스 생성 완료: 24개
2025-11-28 13:26:30,596 - app.core.preprocess - INFO -    X_solar shape: (24, 168, 2)
2025-11-28 13:26:30,596 - app.core.preprocess - INFO -    X_weather shape: (24, 24, 12)
2025-11-28 13:26:30,596 - app.core.prediction_pipeline - INFO -    ✅ 24개 시퀀스 생성
2025-11-28 13:26:30,596 - app.core.prediction_pipeline - INFO - 🏭 FactoryB 시퀀스 생성 중...
2025-11-28 13:26:30,597 - app.core.preprocess - INFO - 🔍 개별 시퀀스 생성 시작
2025-11-28 13:26:30,598 - app.core.preprocess - INFO -    Solar 데이터: 191건, features: ['generate_gap', 'PV_Amp']
2025-11-28 13:26:30,598 - app.core.preprocess - INFO -    Solar 범위: 2025-11-01 00:00:00 ~ 2025-11-08 22:00:00
2025-11-28 13:26:30,598 - app.core.preprocess - INFO -    📊 generate_gap: min=0.0000, max=160.0000, mean=29.4921
2025-11-28 13:26:30,598 - app.core.preprocess - INFO -    📊 PV_Amp: min=0.0000, max=96.2223, mean=17.0022
2025-11-28 13:26:30,599 - app.core.preprocess - INFO -    Scaler에서 추출한 Weather features 사용: ['summer_peak', 'hour_cos', 'peak_hours', '1시간기온', '강수확률', '습도', '풍속', '하늘상태', 'apparent_elevation', 'is_daylight', 'morning_hours', 'evening_hours']
2025-11-28 13:26:30,599 - app.core.preprocess - INFO -    Weather DataFrame columns: ['summer_peak', 'hour_cos', 'peak_hours', '1시간기온', '강수확률', '습도', '풍속', '하늘상태', 'apparent_elevation', 'is_daylight', 'morning_hours', 'evening_hours']
2025-11-28 13:26:30,599 - app.core.preprocess - INFO -    Scaler feature names: ['summer_peak', 'hour_cos', 'peak_hours', '1시간기온', '강수확률', '습도', '풍속', '하늘상태', 'apparent_elevation', 'is_daylight', 'morning_hours', 'evening_hours']
2025-11-28 13:26:30,599 - app.core.preprocess - INFO -    Scaler 순서에 맞춰 정렬된 X_weather columns: ['summer_peak', 'hour_cos', 'peak_hours', '1시간기온', '강수확률', '습도', '풍속', '하늘상태', 'apparent_elevation', 'is_daylight', 'morning_hours', 'evening_hours']
2025-11-28 13:26:30,600 - app.core.preprocess - INFO -    Weather 데이터: 47건, features: ['summer_peak', 'hour_cos', 'peak_hours', '1시간기온', '강수확률', '습도', '풍속', '하늘상태', 'apparent_elevation', 'is_daylight', 'morning_hours', 'evening_hours']
2025-11-28 13:26:30,600 - app.core.preprocess - INFO -    Weather 범위: 2025-11-08 00:00:00 ~ 2025-11-09 22:00:00
2025-11-28 13:26:30,601 - app.core.preprocess - INFO -    Solar 최대 시퀀스: 24개
2025-11-28 13:26:30,601 - app.core.preprocess - INFO -    Weather 최대 시퀀스: 24개
2025-11-28 13:26:30,601 - app.core.preprocess - INFO -    생성 가능 시퀀스: 24개
2025-11-28 13:26:30,601 - app.core.preprocess - INFO -    ✅ 시퀀스 생성 완료: 24개
2025-11-28 13:26:30,601 - app.core.preprocess - INFO -    X_solar shape: (24, 168, 2)
2025-11-28 13:26:30,601 - app.core.preprocess - INFO -    X_weather shape: (24, 24, 12)
2025-11-28 13:26:30,601 - app.core.prediction_pipeline - INFO -    ✅ 24개 시퀀스 생성
2025-11-28 13:26:30,601 - app.core.prediction_pipeline - INFO - 🏭 FactoryC 시퀀스 생성 중...
2025-11-28 13:26:30,602 - app.core.preprocess - INFO - 🔍 개별 시퀀스 생성 시작
2025-11-28 13:26:30,603 - app.core.preprocess - INFO -    Solar 데이터: 191건, features: ['generate_gap', 'PV_Amp']
2025-11-28 13:26:30,603 - app.core.preprocess - INFO -    Solar 범위: 2025-11-01 00:00:00 ~ 2025-11-08 22:00:00
2025-11-28 13:26:30,603 - app.core.preprocess - INFO -    📊 generate_gap: min=0.0000, max=152.0000, mean=28.1937
2025-11-28 13:26:30,604 - app.core.preprocess - INFO -    📊 PV_Amp: min=0.0000, max=90.7780, mean=16.8163
2025-11-28 13:26:30,604 - app.core.preprocess - INFO -    Scaler에서 추출한 Weather features 사용: ['summer_peak', 'hour_cos', 'peak_hours', '1시간기온', '강수확률', '습도', '풍속', '하늘상태', 'apparent_elevation', 'is_daylight', 'morning_hours', 'evening_hours']
2025-11-28 13:26:30,604 - app.core.preprocess - INFO -    Weather DataFrame columns: ['summer_peak', 'hour_cos', 'peak_hours', '1시간기온', '강수확률', '습도', '풍속', '하늘상태', 'apparent_elevation', 'is_daylight', 'morning_hours', 'evening_hours']
2025-11-28 13:26:30,604 - app.core.preprocess - INFO -    Scaler feature names: ['summer_peak', 'hour_cos', 'peak_hours', '1시간기온', '강수확률', '습도', '풍속', '하늘상태', 'apparent_elevation', 'is_daylight', 'morning_hours', 'evening_hours']
2025-11-28 13:26:30,605 - app.core.preprocess - INFO -    Scaler 순서에 맞춰 정렬된 X_weather columns: ['summer_peak', 'hour_cos', 'peak_hours', '1시간기온', '강수확률', '습도', '풍속', '하늘상태', 'apparent_elevation', 'is_daylight', 'morning_hours', 'evening_hours']
2025-11-28 13:26:30,605 - app.core.preprocess - INFO -    Weather 데이터: 47건, features: ['summer_peak', 'hour_cos', 'peak_hours', '1시간기온', '강수확률', '습도', '풍속', '하늘상태', 'apparent_elevation', 'is_daylight', 'morning_hours', 'evening_hours']
2025-11-28 13:26:30,605 - app.core.preprocess - INFO -    Weather 범위: 2025-11-08 00:00:00 ~ 2025-11-09 22:00:00
2025-11-28 13:26:30,606 - app.core.preprocess - INFO -    Solar 최대 시퀀스: 24개
2025-11-28 13:26:30,606 - app.core.preprocess - INFO -    Weather 최대 시퀀스: 24개
2025-11-28 13:26:30,606 - app.core.preprocess - INFO -    생성 가능 시퀀스: 24개
2025-11-28 13:26:30,606 - app.core.preprocess - INFO -    ✅ 시퀀스 생성 완료: 24개
2025-11-28 13:26:30,606 - app.core.preprocess - INFO -    X_solar shape: (24, 168, 2)
2025-11-28 13:26:30,606 - app.core.preprocess - INFO -    X_weather shape: (24, 24, 12)
2025-11-28 13:26:30,606 - app.core.prediction_pipeline - INFO -    ✅ 24개 시퀀스 생성
2025-11-28 13:26:30,606 - app.core.prediction_pipeline - INFO - 🏭 Factory_Total 시퀀스 생성 중...
2025-11-28 13:26:30,607 - app.core.preprocess - INFO - 🔍 개별 시퀀스 생성 시작
2025-11-28 13:26:30,608 - app.core.preprocess - INFO -    Solar 데이터: 191건, features: ['generate_gap', 'PV_Amp']
2025-11-28 13:26:30,608 - app.core.preprocess - INFO -    Solar 범위: 2025-11-01 00:00:00 ~ 2025-11-08 22:00:00
2025-11-28 13:26:30,608 - app.core.preprocess - INFO -    📊 generate_gap: min=0.0000, max=921.0000, mean=169.0576
2025-11-28 13:26:30,608 - app.core.preprocess - INFO -    📊 PV_Amp: min=0.0000, max=96.9028, mean=17.3194
2025-11-28 13:26:30,609 - app.core.preprocess - INFO -    Scaler에서 추출한 Weather features 사용: ['summer_peak', 'hour_cos', 'peak_hours', '1시간기온', '강수확률', '습도', '풍속', '하늘상태', 'apparent_elevation', 'is_daylight', 'morning_hours', 'evening_hours']
2025-11-28 13:26:30,609 - app.core.preprocess - INFO -    Weather DataFrame columns: ['summer_peak', 'hour_cos', 'peak_hours', '1시간기온', '강수확률', '습도', '풍속', '하늘상태', 'apparent_elevation', 'is_daylight', 'morning_hours', 'evening_hours']
2025-11-28 13:26:30,609 - app.core.preprocess - INFO -    Scaler feature names: ['summer_peak', 'hour_cos', 'peak_hours', '1시간기온', '강수확률', '습도', '풍속', '하늘상태', 'apparent_elevation', 'is_daylight', 'morning_hours', 'evening_hours']
2025-11-28 13:26:30,609 - app.core.preprocess - INFO -    Scaler 순서에 맞춰 정렬된 X_weather columns: ['summer_peak', 'hour_cos', 'peak_hours', '1시간기온', '강수확률', '습도', '풍속', '하늘상태', 'apparent_elevation', 'is_daylight', 'morning_hours', 'evening_hours']
2025-11-28 13:26:30,610 - app.core.preprocess - INFO -    Weather 데이터: 47건, features: ['summer_peak', 'hour_cos', 'peak_hours', '1시간기온', '강수확률', '습도', '풍속', '하늘상태', 'apparent_elevation', 'is_daylight', 'morning_hours', 'evening_hours']
2025-11-28 13:26:30,610 - app.core.preprocess - INFO -    Weather 범위: 2025-11-08 00:00:00 ~ 2025-11-09 22:00:00
2025-11-28 13:26:30,610 - app.core.preprocess - INFO -    Solar 최대 시퀀스: 24개
2025-11-28 13:26:30,610 - app.core.preprocess - INFO -    Weather 최대 시퀀스: 24개
2025-11-28 13:26:30,612 - app.core.preprocess - INFO -    생성 가능 시퀀스: 24개
2025-11-28 13:26:30,612 - app.core.preprocess - INFO -    ✅ 시퀀스 생성 완료: 24개
2025-11-28 13:26:30,612 - app.core.preprocess - INFO -    X_solar shape: (24, 168, 2)
2025-11-28 13:26:30,612 - app.core.preprocess - INFO -    X_weather shape: (24, 24, 12)
2025-11-28 13:26:30,612 - app.core.prediction_pipeline - INFO -    ✅ 24개 시퀀스 생성
2025-11-28 13:26:30,612 - app.models.predictor - INFO - 예측 서비스 초기화 시작...
2025-11-28 13:26:31,237 - app.models.predictor - INFO - 공장 전체 모델 로드 완료: C:\Users\user\Desktop\bmt\solar_api\app\weights\model9\T_multimodal_solar_model_e500_b8_p100.keras
2025-11-28 13:26:31,244 - app.models.predictor - INFO - A공장 모델 로드 완료: C:\Users\user\Desktop\bmt\solar_api\app\weights\model9\A_multimodal_solar_model_e500_b8_p100.keras
2025-11-28 13:26:31,245 - app.models.predictor - INFO - B공장 모델 로드 완료: C:\Users\user\Desktop\bmt\solar_api\app\weights\model9\B_multimodal_solar_model_e500_b8_p100.keras
2025-11-28 13:26:31,249 - app.models.predictor - INFO - C공장 모델 로드 완료: C:\Users\user\Desktop\bmt\solar_api\app\weights\model9\C_multimodal_solar_model_e500_b8_p100.keras
2025-11-28 13:26:31,249 - app.models.predictor - INFO - ✅ 모든 공장 모델 로드 완료 (A, B, C, Total)
2025-11-28 13:26:31,249 - app.models.predictor - WARNING - 메타데이터 파일이 없어 기본값으로 설정했습니다. (찾는 경로: C:\Users\user\Desktop\bmt\solar_api\app\weights\model9\T_multimodal_solar_model_e500_b8_p100_v6_metadata.json)
2025-11-28 13:26:31,250 - app.models.predictor - INFO - ✅ 예측 서비스 초기화 완료
2025-11-28 13:26:31,250 - app.core.postprocess - INFO - 후처리기 초기화 시작...
2025-11-28 13:26:31,259 - app.core.postprocess - INFO - A동 출력 스케일러 로드 완료: C:\Users\user\Desktop\bmt\solar_api\app\weights\model9\A_target_scaler_e500_b8_p100.pkl
2025-11-28 13:26:31,263 - app.core.postprocess - INFO - B동 출력 스케일러 로드 완료: C:\Users\user\Desktop\bmt\solar_api\app\weights\model9\B_target_scaler_e500_b8_p100.pkl
2025-11-28 13:26:31,264 - app.core.postprocess - INFO - C동 출력 스케일러 로드 완료: C:\Users\user\Desktop\bmt\solar_api\app\weights\model9\C_target_scaler_e500_b8_p100.pkl
2025-11-28 13:26:31,270 - app.core.postprocess - INFO - 공장 전체 출력 스케일러 로드 완료: C:\Users\user\Desktop\bmt\solar_api\app\weights\model9\T_target_scaler_e500_b8_p100.pkl
2025-11-28 13:26:31,270 - app.core.postprocess - INFO - ✅ 후처리기 초기화 완료
2025-11-28 13:26:31,270 - app.core.prediction_pipeline - INFO - 🔮 A동: 24개 시퀀스 배치 예측 중...
2025-11-28 13:26:31,271 - app.models.predictor - INFO - 🔮 AI 모델 예측 시작 (FactoryA)...
2025-11-28 13:26:31,990 - app.models.predictor - INFO - ✅ 예측 완료: (24, 24, 1), 처리시간: 0.72초
2025-11-28 13:26:32,120 - app.core.prediction_pipeline - INFO -    예측 완료: (24, 24, 1)
2025-11-28 13:26:32,120 - app.core.prediction_pipeline - INFO -    ✅ A동 예측 데이터 준비 완료: 24개 시퀀스
2025-11-28 13:26:32,120 - app.core.prediction_pipeline - INFO - 🔮 B동: 24개 시퀀스 배치 예측 중...
2025-11-28 13:26:32,120 - app.models.predictor - INFO - 🔮 AI 모델 예측 시작 (FactoryB)...
2025-11-28 13:26:32,794 - app.models.predictor - INFO - ✅ 예측 완료: (24, 24, 1), 처리시간: 0.67초
2025-11-28 13:26:32,794 - app.core.prediction_pipeline - INFO -    예측 완료: (24, 24, 1)
2025-11-28 13:26:32,796 - app.core.prediction_pipeline - INFO -    ✅ B동 예측 데이터 준비 완료: 24개 시퀀스
2025-11-28 13:26:32,796 - app.core.prediction_pipeline - INFO - 🔮 C동: 24개 시퀀스 배치 예측 중...
2025-11-28 13:26:32,796 - app.models.predictor - INFO - 🔮 AI 모델 예측 시작 (FactoryC)...
2025-11-28 13:26:33,475 - app.models.predictor - INFO - ✅ 예측 완료: (24, 24, 1), 처리시간: 0.68초
2025-11-28 13:26:33,475 - app.core.prediction_pipeline - INFO -    예측 완료: (24, 24, 1)
2025-11-28 13:26:33,476 - app.core.prediction_pipeline - INFO -    ✅ C동 예측 데이터 준비 완료: 24개 시퀀스
2025-11-28 13:26:33,476 - app.core.prediction_pipeline - INFO - 🔮 _Total동: 24개 시퀀스 배치 예측 중...
2025-11-28 13:26:33,476 - app.models.predictor - INFO - 🔮 AI 모델 예측 시작 (Factory_Total)...
2025-11-28 13:26:34,170 - app.models.predictor - INFO - ✅ 예측 완료: (24, 24, 1), 처리시간: 0.69초
2025-11-28 13:26:34,170 - app.core.prediction_pipeline - INFO -    예측 완료: (24, 24, 1)
2025-11-28 13:26:34,171 - app.core.prediction_pipeline - INFO -    ✅ _Total동 예측 데이터 준비 완료: 24개 시퀀스
2025-11-28 13:26:34,171 - app.core.prediction_pipeline - INFO - 🔄 앙상블 평균 시작...
2025-11-28 13:26:34,172 - app.core.postprocess - INFO - 🔄 앙상블 평균 시작: 2025-11-08 23:00:00 ~ 2025-11-09 22:00:00
2025-11-28 13:26:34,172 - app.core.postprocess - INFO -    A동: 24개 시퀀스, shape=(24, 24)
2025-11-28 13:26:34,172 - app.core.postprocess - INFO -    역정규화 완료: (24, 24)
2025-11-28 13:26:34,196 - app.core.postprocess - INFO - ✅ A동 앙상블 완료: 24개 시간대, 평균 48.21
2025-11-28 13:26:34,197 - app.core.postprocess - INFO -    B동: 24개 시퀀스, shape=(24, 24)
2025-11-28 13:26:34,197 - app.core.postprocess - INFO -    역정규화 완료: (24, 24)
2025-11-28 13:26:34,220 - app.core.postprocess - INFO - ✅ B동 앙상블 완료: 24개 시간대, 평균 17.45
2025-11-28 13:26:34,220 - app.core.postprocess - INFO -    C동: 24개 시퀀스, shape=(24, 24)
2025-11-28 13:26:34,221 - app.core.postprocess - INFO -    역정규화 완료: (24, 24)
2025-11-28 13:26:34,244 - app.core.postprocess - INFO - ✅ C동 앙상블 완료: 24개 시간대, 평균 15.99
2025-11-28 13:26:34,244 - app.core.postprocess - INFO -    Total동: 24개 시퀀스, shape=(24, 24)
2025-11-28 13:26:34,245 - app.core.postprocess - INFO -    역정규화 완료: (24, 24)
2025-11-28 13:26:34,267 - app.core.postprocess - INFO - ✅ Total동 앙상블 완료: 24개 시간대, 평균 77.66
2025-11-28 13:26:34,267 - app.core.postprocess - INFO - ✅ 앙상블 평균 완료
2025-11-28 13:26:34,267 - app.core.prediction_pipeline - INFO - ✅ 4개 공장, 앙상블 예측 완료
2025-11-28 13:26:34,267 - app.core.prediction_pipeline - INFO - 💾 예측 결과 데이터베이스 저장 시작...
2025-11-28 13:26:34,268 - app.core.db_saver - INFO - 💾 시간별 예측 결과 저장 시작...
2025-11-28 13:26:34,268 - app.core.db_saver - INFO - 📊 저장 테이블: tb_solar_hour
2025-11-28 13:26:34,268 - app.core.db_saver - INFO - 📊 ID 매핑: {'FactoryA': 1, 'A': 1, 'FactoryB': 13, 'B': 13, 'FactoryC': 16, 'C': 16, 'Factory_Total': 1, '_Total': 1}
2025-11-28 13:26:34,268 - app.core.db_saver - INFO - 📊 등록 시간 (reg_dt): 2025-11-28 13:26:34.268969
2025-11-28 13:26:34,270 - app.core.db_saver - INFO - 📊 A 데이터: 시간 24개, 예측값 24개
2025-11-28 13:26:34,277 - app.core.db_saver - INFO - 📊 레코드 생성 완료: 24건 (ID=1)
2025-11-28 13:26:34,397 - app.core.db_saver - INFO - ✅ A: 24건 UPSERT 완료 (ID=1)
2025-11-28 13:26:34,397 - app.core.db_saver - INFO - 📊 B 데이터: 시간 24개, 예측값 24개
2025-11-28 13:26:34,405 - app.core.db_saver - INFO - 📊 레코드 생성 완료: 24건 (ID=13)
2025-11-28 13:26:34,522 - app.core.db_saver - INFO - ✅ B: 24건 UPSERT 완료 (ID=13)
2025-11-28 13:26:34,522 - app.core.db_saver - INFO - 📊 C 데이터: 시간 24개, 예측값 24개
2025-11-28 13:26:34,529 - app.core.db_saver - INFO - 📊 레코드 생성 완료: 24건 (ID=16)
2025-11-28 13:26:34,647 - app.core.db_saver - INFO - ✅ C: 24건 UPSERT 완료 (ID=16)
2025-11-28 13:26:34,647 - app.core.db_saver - WARNING - ⚠️ Total은 ID 매핑에 없습니다. 건너뜁니다.
2025-11-28 13:26:34,647 - app.core.db_saver - INFO - 📊 시간별 전체 저장 완료: 72건 (공장별: {'A': 24, 'B': 24, 'C': 24})
2025-11-28 13:26:34,648 - app.core.prediction_pipeline - INFO - ✅ 시간별 데이터 저장 완료: {'A': 24, 'B': 24, 'C': 24}
2025-11-28 13:26:34,648 - app.core.prediction_pipeline - INFO - 💾 일간 합계 tb_solar_day 저장 시작...
2025-11-28 13:26:34,648 - app.core.db_saver - INFO - 📊 일간 합계 저장 시작 (Factory_Total만 저장)...
2025-11-28 13:26:34,648 - app.core.db_saver - INFO - 📊 저장 테이블: tb_solar_day
2025-11-28 13:26:34,648 - app.core.db_saver - INFO - 📊 기준 날짜: 2025-11-09 00:00:00
2025-11-28 13:26:34,649 - app.core.db_saver - INFO - 📊 등록 시간 (reg_dt): 2025-11-28 13:26:34.649653
2025-11-28 13:26:34,649 - app.core.db_saver - INFO - 📊 Factory_Total 합계: 1863.7414
2025-11-28 13:26:34,649 - app.core.db_saver - INFO - 📊 레코드 생성: ID=1, ymdhms=2025-11-09 00:00:00, YEAR=2025, forecast_quantity=1863.7414, reg_dt=2025-11-28 13:26:34.649653
2025-11-28 13:26:34,764 - app.core.db_saver - INFO - ✅ Factory_Total 일간 합계 저장 완료: 1건 @ 2025-11-09 00:00:00 | reg_dt: 2025-11-28 13:26:34.649653
2025-11-28 13:26:34,765 - app.core.prediction_pipeline - INFO - ✅ 일간 합계 저장 완료: {'Factory_Total': 1863.7414}
2025-11-28 13:26:34,766 - app.core.prediction_pipeline - INFO - ✅ 앙상블 태양광 발전량 예측 완료
2025-11-28 13:26:34,766 - __main__ - INFO - ✅ 예측 실행 성공!
2025-11-28 13:26:34,767 - __main__ - INFO - 📊 예측 날짜: 2025-11-08 00:00:00
2025-11-28 13:26:34,767 - __main__ - INFO - 📊 예측 범위: 2025-11-08 23:00:00 ~ 2025-11-09 22:00:00
2025-11-28 13:26:34,767 - __main__ - INFO - 💾 시간별 데이터 저장: 72건
2025-11-28 13:26:34,767 - __main__ - INFO -    - A: 24건
2025-11-28 13:26:34,767 - __main__ - INFO -    - B: 24건
2025-11-28 13:26:34,767 - __main__ - INFO -    - C: 24건
2025-11-28 13:26:34,767 - __main__ - INFO - 💾 일간 합계 저장:
2025-11-28 13:26:34,767 - __main__ - INFO -    - Factory_Total: 1863.74
2025-11-28 13:26:34,768 - __main__ - INFO - ================================================================================
2025-11-28 13:26:34,768 - __main__ - INFO - 🎉 예측 완료 및 데이터베이스 저장 성공!
2025-11-28 13:26:34,768 - __main__ - INFO - ================================================================================
2025-11-28 13:26:34,768 - __main__ - INFO - ================================================================================
2025-11-28 13:26:34,768 - __main__ - INFO - Solar Prediction Scheduler Completed Successfully
2025-11-28 13:26:34,768 - __main__ - INFO - ================================================================================
2025-11-28 13:28:33,480 - __main__ - INFO - ================================================================================
2025-11-28 13:28:33,480 - __main__ - INFO - Solar Prediction Scheduler Started
2025-11-28 13:28:33,480 - __main__ - INFO - Execution Time: 2025-11-28 13:28:33
2025-11-28 13:28:33,480 - __main__ - INFO - ================================================================================
2025-11-28 13:28:33,487 - __main__ - INFO - ================================================================================
2025-11-28 13:28:33,488 - __main__ - INFO - 🌞 태양광 예측 자동 실행 시작 (동기식)
2025-11-28 13:28:33,488 - __main__ - INFO - 📅 실행 시간: 2025-11-28 13:28:33
2025-11-28 13:28:33,488 - __main__ - INFO - 📅 날짜 소스: 자동 생성
2025-11-28 13:28:33,488 - __main__ - INFO - 📅 오늘 날짜 자동 사용
2025-11-28 13:28:33,488 - __main__ - INFO - ================================================================================
2025-11-28 13:28:33,883 - __main__ - INFO - 🔮 예측 로직 실행 중...
2025-11-28 13:28:33,909 - app.core.prediction_pipeline - INFO - 📅 오늘 날짜 자동 설정 (KST): 2025-11-28
2025-11-28 13:28:33,909 - app.core.prediction_pipeline - INFO - 🌞 앙상블 태양광 발전량 예측 시작: 2025-11-28
2025-11-28 13:28:34,086 - app.core.config - WARNING - config7.json not found at C:\Users\user\Desktop\bmt\solar_api\app\core\weights\config7.json. Using default values.
2025-11-28 13:28:34,088 - app.core.config - WARNING - config7.json not found at C:\Users\user\Desktop\bmt\solar_api\app\core\weights\config7.json. Using default values.
2025-11-28 13:28:37,562 - app.core.prediction_pipeline - INFO - 📅 날짜 객체 생성 완료: 2025-11-28 00:00:00
2025-11-28 13:28:37,562 - app.core.prediction_pipeline - INFO - 🎯 목표 시간대(미래 24h): 2025-11-28 23:00:00 ~ 2025-11-29 22:00:00
2025-11-28 13:28:37,562 - app.core.prediction_pipeline - INFO - 🔎 조회 범위 계산 | Solar: 2025-11-21 00:00:00 ~ 2025-11-28 22:00:00 , Weather: 2025-11-28 00:00:00 ~ 2025-11-29 22:00:00
2025-11-28 13:28:37,562 - app.core.database - INFO - 🔍 Solar SQL 조회 범위: 2025-11-21 00:00:00 ~ 2025-11-28 22:00:00
2025-11-28 13:28:37,562 - app.core.database - INFO - 🔍 Weather SQL 조회 범위: 2025-11-28 00:00:00 ~ 2025-11-29 22:00:00
2025-11-28 13:28:38,123 - app.core.database - INFO - 📊 앙상블용 태양광 데이터 조회: 2934건
2025-11-28 13:28:38,124 - app.core.database - INFO -    시간 범위: 2025-11-21 00:00:00 ~ 2025-11-27 18:00:00
2025-11-28 13:28:38,124 - app.core.database - INFO -    🔍 Solar 데이터 NaN 체크: 0개
2025-11-28 13:28:38,128 - app.core.database - INFO -    ✅ Solar 시간 연속성 OK: 163시간 연속
2025-11-28 13:28:38,130 - app.core.database - INFO - 🔍 예상 Weather 조회 범위: 2025-11-28 00:00:00 ~ 2025-11-29 22:00:00 (총 47개 시간대)
2025-11-28 13:28:38,377 - app.core.database - INFO - 📊 앙상블용 기상 데이터 조회: 47건
2025-11-28 13:28:38,378 - app.core.database - INFO -    🔍 Weather 데이터 NaN 체크: 184개
2025-11-28 13:28:38,378 - app.core.database - INFO -    시간 범위: 2025-11-28 00:00:00 ~ 2025-11-29 22:00:00
2025-11-28 13:28:38,378 - app.core.database - INFO -    📊 조회된 데이터 개수: 47개 (기대: 47개)
2025-11-28 13:28:38,378 - app.core.database - INFO -    📊 조회된 시간대 샘플 (처음 3개):
2025-11-28 13:28:38,378 - app.core.database - INFO -       [0] 2025-11-28 00:00:00
2025-11-28 13:28:38,379 - app.core.database - INFO -       [1] 2025-11-28 01:00:00
2025-11-28 13:28:38,379 - app.core.database - INFO -       [2] 2025-11-28 02:00:00
2025-11-28 13:28:38,379 - app.core.database - INFO -    ✅ Weather 시간 연속성 OK: 47시간 (기대: 47시간)
2025-11-28 13:28:38,379 - app.core.prediction_pipeline - INFO - ✅ 데이터 조회 완료 - 태양광: 2934건, 기상: 47건
2025-11-28 13:28:38,380 - app.core.preprocess - INFO - 🔍 공장 A 스케일러 경로: C:\Users\user\Desktop\bmt\solar_api\app\weights\model9\A_solar_scaler_e500_b8_p100.pkl
2025-11-28 13:28:38,391 - app.core.preprocess - INFO - ✅ 공장 A 태양광 스케일러 로드 완료
2025-11-28 13:28:38,391 - app.core.preprocess - INFO - 🔍 공장 B 스케일러 경로: C:\Users\user\Desktop\bmt\solar_api\app\weights\model9\B_solar_scaler_e500_b8_p100.pkl
2025-11-28 13:28:38,392 - app.core.preprocess - INFO - ✅ 공장 B 태양광 스케일러 로드 완료
2025-11-28 13:28:38,392 - app.core.preprocess - INFO - 🔍 공장 C 스케일러 경로: C:\Users\user\Desktop\bmt\solar_api\app\weights\model9\C_solar_scaler_e500_b8_p100.pkl
2025-11-28 13:28:38,392 - app.core.preprocess - INFO - ✅ 공장 C 태양광 스케일러 로드 완료
2025-11-28 13:28:38,392 - app.core.preprocess - INFO - 🔍 공장 Total 스케일러 경로: C:\Users\user\Desktop\bmt\solar_api\app\weights\model9\T_solar_scaler_e500_b8_p100.pkl
2025-11-28 13:28:38,393 - app.core.preprocess - INFO - ✅ 공장 Total 태양광 스케일러 로드 완료
2025-11-28 13:28:38,393 - app.core.preprocess - INFO - 🔍 기상 스케일러 경로: C:\Users\user\Desktop\bmt\solar_api\app\weights\model9\T_weather_scaler_e500_b8_p100.pkl
2025-11-28 13:28:38,393 - app.core.preprocess - INFO - ✅ 기상 스케일러 로드 완료
2025-11-28 13:28:38,394 - app.core.preprocess - INFO - 📊 Scaler에서 추출한 Solar features: ['generate_gap', 'PV_Amp']
2025-11-28 13:28:38,394 - app.core.preprocess - INFO - 📊 Scaler에서 추출한 Weather features: ['summer_peak', 'hour_cos', 'peak_hours', '1시간기온', '강수확률', '습도', '풍속', '하늘상태', 'apparent_elevation', 'is_daylight', 'morning_hours', 'evening_hours']
2025-11-28 13:28:38,400 - app.core.preprocess - INFO - 숫자형 컬럼 데이터 타입 변환 완료: ['generate_gap', 'PV_Amp']
2025-11-28 13:28:38,406 - app.core.preprocess - INFO - 🏭 ID별 공장 분류 결과:
2025-11-28 13:28:38,406 - app.core.preprocess - INFO -   A공장 (ID 1-12): 1956건, 고유 ID: [np.int64(1), np.int64(2), np.int64(3), np.int64(4), np.int64(5), np.int64(6), np.int64(7), np.int64(8), np.int64(9), np.int64(10), np.int64(11), np.int64(12)]
2025-11-28 13:28:38,406 - app.core.preprocess - INFO -   B공장 (ID 13-15): 489건, 고유 ID: [np.int64(13), np.int64(14), np.int64(15)]
2025-11-28 13:28:38,406 - app.core.preprocess - INFO -   C공장 (ID 16-18): 489건, 고유 ID: [np.int64(16), np.int64(17), np.int64(18)]
2025-11-28 13:28:38,406 - app.core.preprocess - INFO -   공장 전체 : 2934건, 고유 ID: [np.int64(1), np.int64(2), np.int64(3), np.int64(4), np.int64(5), np.int64(6), np.int64(7), np.int64(8), np.int64(9), np.int64(10), np.int64(11), np.int64(12), np.int64(13), np.int64(14), np.int64(15), np.int64(16), np.int64(17), np.int64(18)]
2025-11-28 13:28:38,408 - app.core.preprocess - INFO - 📊 집계 전 데이터: 1956건, 시간 범위: 2025-11-21 00:00:00 ~ 2025-11-27 18:00:00
2025-11-28 13:28:38,408 - app.core.preprocess - INFO - 📊 실제 집계할 컬럼: ['PV_Volt', 'PV_Amp', 'Volt_R', 'Volt_S', 'Volt_T', 'Ampe_R', 'Ampe_S', 'Ampe_T', 'Frequency', 'Today_Generation', 'generate_gap', 'Accum_Generation']
2025-11-28 13:28:38,411 - app.core.preprocess - INFO - 📊 집계 후 데이터: 163건
2025-11-28 13:28:38,412 - app.core.preprocess - INFO - 📊 집계 전 데이터: 489건, 시간 범위: 2025-11-21 00:00:00 ~ 2025-11-27 18:00:00
2025-11-28 13:28:38,412 - app.core.preprocess - INFO - 📊 실제 집계할 컬럼: ['PV_Volt', 'PV_Amp', 'Volt_R', 'Volt_S', 'Volt_T', 'Ampe_R', 'Ampe_S', 'Ampe_T', 'Frequency', 'Today_Generation', 'generate_gap', 'Accum_Generation']
2025-11-28 13:28:38,414 - app.core.preprocess - INFO - 📊 집계 후 데이터: 163건
2025-11-28 13:28:38,415 - app.core.preprocess - INFO - 📊 집계 전 데이터: 489건, 시간 범위: 2025-11-21 00:00:00 ~ 2025-11-27 18:00:00
2025-11-28 13:28:38,415 - app.core.preprocess - INFO - 📊 실제 집계할 컬럼: ['PV_Volt', 'PV_Amp', 'Volt_R', 'Volt_S', 'Volt_T', 'Ampe_R', 'Ampe_S', 'Ampe_T', 'Frequency', 'Today_Generation', 'generate_gap', 'Accum_Generation']
2025-11-28 13:28:38,418 - app.core.preprocess - INFO - 📊 집계 후 데이터: 163건
2025-11-28 13:28:38,418 - app.core.preprocess - INFO - 🏭 Factory_Total 데이터 처리 시작...
2025-11-28 13:28:38,418 - app.core.preprocess - INFO -    📊 Factory_Total 원본 데이터: 2934건
2025-11-28 13:28:38,419 - app.core.preprocess - INFO -    📈 Factory_Total ID 범위: 1 ~ 18
2025-11-28 13:28:38,419 - app.core.preprocess - INFO -    ⏰ Factory_Total 시간 범위: 2025-11-21 00:00:00 ~ 2025-11-27 18:00:00
2025-11-28 13:28:38,419 - app.core.preprocess - INFO -    ✅ generate_gap: min=0.0000, max=52.0000, mean=9.5719, count=2934
2025-11-28 13:28:38,420 - app.core.preprocess - INFO -    ✅ PV_Amp: min=0.0000, max=88.8330, mean=17.1597, count=2934
2025-11-28 13:28:38,422 - app.core.preprocess - INFO - 📊 집계 전 데이터: 2934건, 시간 범위: 2025-11-21 00:00:00 ~ 2025-11-27 18:00:00
2025-11-28 13:28:38,422 - app.core.preprocess - INFO - 📊 실제 집계할 컬럼: ['PV_Volt', 'PV_Amp', 'Volt_R', 'Volt_S', 'Volt_T', 'Ampe_R', 'Ampe_S', 'Ampe_T', 'Frequency', 'Today_Generation', 'generate_gap', 'Accum_Generation']
2025-11-28 13:28:38,424 - app.core.preprocess - INFO - 📊 집계 후 데이터: 163건
2025-11-28 13:28:38,424 - app.core.preprocess - INFO - 공장별 집계 완료
2025-11-28 13:28:38,426 - app.core.preprocess - INFO - 태양광 데이터 품질 체크 완료 - 총 2934건, 결측치 비율: 0.00%
2025-11-28 13:28:38,427 - app.core.preprocess - INFO - A 공장 전처리 완료: 163건
2025-11-28 13:28:38,427 - app.core.preprocess - INFO - B 공장 전처리 완료: 163건
2025-11-28 13:28:38,427 - app.core.preprocess - INFO - C 공장 전처리 완료: 163건
2025-11-28 13:28:38,427 - app.core.preprocess - INFO - 전체체 공장 전처리 완료: 163건
2025-11-28 13:28:38,430 - app.core.preprocess - INFO - 기상 데이터 숫자형 컬럼 타입 변환 완료: ['wsd', 'reh', 'apparent_elevation', 'pop', 'tmp', 'sky']
2025-11-28 13:28:38,432 - app.core.preprocess - INFO - 컬럼명 매핑 완료: ['tmp', 'pop', 'reh', 'wsd', 'sky', 'pty', 'pcp', 'sno', 'tmn', 'tmx', 'uuu', 'vvv', 'wav', 'vec'] → ['1시간기온', '강수확률', '습도', '풍속', '하늘상태', '강수형태', '1시간강수량', '1시간신적설', '일최저기온', '일최고기온', '동서바람성분', '남북바람성분', '파고', '풍향']
2025-11-28 13:28:38,450 - app.core.preprocess - INFO - 📊 전처리된 기상 데이터 샘플 (처음 5개):
2025-11-28 13:28:38,450 - app.core.preprocess - INFO - 기상 데이터 전처리 완료: 47건
2025-11-28 13:28:38,450 - app.core.preprocess - INFO - 기상 데이터 전처리 완료: (47, 49)
2025-11-28 13:28:38,451 - app.core.preprocess - INFO - 전처리 후 컬럼: ['tm', 'pop', 'pty', 'pcp', 'reh', 'sno', 'sky', 'tmp', 'tmn', 'tmx', 'uuu', 'vvv', 'wav', 'vec', 'wsd', 'ics', 'apparent_zenith', 'apparent_elevation', 'azimuth', 'reg_dt', '1시간기온', '강수확률', '습도', '풍속', '하늘상태', '강수형태', '1시간강수량', '1시간신적설', '일최저기온', '일최고기온', '동서바람성분', '남북바람성분', '파고', '풍향', 'hour', 'day_of_week', 'month', 'is_weekend', 'hour_sin', 'hour_cos', 'day_sin', 'day_cos', 'month_sin', 'month_cos', 'is_daylight', 'peak_hours', 'morning_hours', 'evening_hours', 'summer_peak']
2025-11-28 13:28:38,451 - app.core.prediction_pipeline - INFO - 🏭 FactoryA 시퀀스 생성 중...
2025-11-28 13:28:38,451 - app.core.preprocess - INFO - 🔍 개별 시퀀스 생성 시작
2025-11-28 13:28:38,453 - app.core.preprocess - INFO -    Solar 데이터: 163건, features: ['generate_gap', 'PV_Amp']
2025-11-28 13:28:38,453 - app.core.preprocess - INFO -    Solar 범위: 2025-11-21 00:00:00 ~ 2025-11-27 18:00:00
2025-11-28 13:28:38,453 - app.core.preprocess - INFO -    📊 generate_gap: min=0.0000, max=523.0000, mean=114.0736
2025-11-28 13:28:38,453 - app.core.preprocess - INFO -    📊 PV_Amp: min=0.0000, max=81.6458, mean=17.4503
2025-11-28 13:28:38,453 - app.core.preprocess - INFO -    Scaler에서 추출한 Weather features 사용: ['summer_peak', 'hour_cos', 'peak_hours', '1시간기온', '강수확률', '습도', '풍속', '하늘상태', 'apparent_elevation', 'is_daylight', 'morning_hours', 'evening_hours']
2025-11-28 13:28:38,454 - app.core.preprocess - INFO -    Weather DataFrame columns: ['summer_peak', 'hour_cos', 'peak_hours', '1시간기온', '강수확률', '습도', '풍속', '하늘상태', 'apparent_elevation', 'is_daylight', 'morning_hours', 'evening_hours']
2025-11-28 13:28:38,454 - app.core.preprocess - INFO -    Scaler feature names: ['summer_peak', 'hour_cos', 'peak_hours', '1시간기온', '강수확률', '습도', '풍속', '하늘상태', 'apparent_elevation', 'is_daylight', 'morning_hours', 'evening_hours']
2025-11-28 13:28:38,454 - app.core.preprocess - INFO -    Scaler 순서에 맞춰 정렬된 X_weather columns: ['summer_peak', 'hour_cos', 'peak_hours', '1시간기온', '강수확률', '습도', '풍속', '하늘상태', 'apparent_elevation', 'is_daylight', 'morning_hours', 'evening_hours']
2025-11-28 13:28:38,455 - app.core.preprocess - INFO -    Weather 데이터: 47건, features: ['summer_peak', 'hour_cos', 'peak_hours', '1시간기온', '강수확률', '습도', '풍속', '하늘상태', 'apparent_elevation', 'is_daylight', 'morning_hours', 'evening_hours']
2025-11-28 13:28:38,455 - app.core.preprocess - INFO -    Weather 범위: 2025-11-28 00:00:00 ~ 2025-11-29 22:00:00
2025-11-28 13:28:38,455 - app.core.preprocess - INFO -    Solar 최대 시퀀스: -4개
2025-11-28 13:28:38,455 - app.core.preprocess - INFO -    Weather 최대 시퀀스: 24개
2025-11-28 13:28:38,455 - app.core.preprocess - INFO -    생성 가능 시퀀스: -4개
2025-11-28 13:28:38,456 - app.core.preprocess - ERROR -    ❌ 시퀀스 생성 불가!
2025-11-28 13:28:38,456 - app.core.prediction_pipeline - INFO -    ✅ 0개 시퀀스 생성
2025-11-28 13:28:38,456 - app.core.prediction_pipeline - INFO - 🏭 FactoryB 시퀀스 생성 중...
2025-11-28 13:28:38,457 - app.core.preprocess - INFO - 🔍 개별 시퀀스 생성 시작
2025-11-28 13:28:38,457 - app.core.preprocess - INFO -    Solar 데이터: 163건, features: ['generate_gap', 'PV_Amp']
2025-11-28 13:28:38,458 - app.core.preprocess - INFO -    Solar 범위: 2025-11-21 00:00:00 ~ 2025-11-27 18:00:00
2025-11-28 13:28:38,458 - app.core.preprocess - INFO -    📊 generate_gap: min=0.0000, max=129.0000, mean=29.4601
2025-11-28 13:28:38,458 - app.core.preprocess - INFO -    📊 PV_Amp: min=0.0000, max=75.3057, mean=16.4083
2025-11-28 13:28:38,458 - app.core.preprocess - INFO -    Scaler에서 추출한 Weather features 사용: ['summer_peak', 'hour_cos', 'peak_hours', '1시간기온', '강수확률', '습도', '풍속', '하늘상태', 'apparent_elevation', 'is_daylight', 'morning_hours', 'evening_hours']
2025-11-28 13:28:38,458 - app.core.preprocess - INFO -    Weather DataFrame columns: ['summer_peak', 'hour_cos', 'peak_hours', '1시간기온', '강수확률', '습도', '풍속', '하늘상태', 'apparent_elevation', 'is_daylight', 'morning_hours', 'evening_hours']
2025-11-28 13:28:38,459 - app.core.preprocess - INFO -    Scaler feature names: ['summer_peak', 'hour_cos', 'peak_hours', '1시간기온', '강수확률', '습도', '풍속', '하늘상태', 'apparent_elevation', 'is_daylight', 'morning_hours', 'evening_hours']
2025-11-28 13:28:38,459 - app.core.preprocess - INFO -    Scaler 순서에 맞춰 정렬된 X_weather columns: ['summer_peak', 'hour_cos', 'peak_hours', '1시간기온', '강수확률', '습도', '풍속', '하늘상태', 'apparent_elevation', 'is_daylight', 'morning_hours', 'evening_hours']
2025-11-28 13:28:38,460 - app.core.preprocess - INFO -    Weather 데이터: 47건, features: ['summer_peak', 'hour_cos', 'peak_hours', '1시간기온', '강수확률', '습도', '풍속', '하늘상태', 'apparent_elevation', 'is_daylight', 'morning_hours', 'evening_hours']
2025-11-28 13:28:38,460 - app.core.preprocess - INFO -    Weather 범위: 2025-11-28 00:00:00 ~ 2025-11-29 22:00:00
2025-11-28 13:28:38,460 - app.core.preprocess - INFO -    Solar 최대 시퀀스: -4개
2025-11-28 13:28:38,460 - app.core.preprocess - INFO -    Weather 최대 시퀀스: 24개
2025-11-28 13:28:38,460 - app.core.preprocess - INFO -    생성 가능 시퀀스: -4개
2025-11-28 13:28:38,460 - app.core.preprocess - ERROR -    ❌ 시퀀스 생성 불가!
2025-11-28 13:28:38,460 - app.core.prediction_pipeline - INFO -    ✅ 0개 시퀀스 생성
2025-11-28 13:28:38,461 - app.core.prediction_pipeline - INFO - 🏭 FactoryC 시퀀스 생성 중...
2025-11-28 13:28:38,461 - app.core.preprocess - INFO - 🔍 개별 시퀀스 생성 시작
2025-11-28 13:28:38,462 - app.core.preprocess - INFO -    Solar 데이터: 163건, features: ['generate_gap', 'PV_Amp']
2025-11-28 13:28:38,462 - app.core.preprocess - INFO -    Solar 범위: 2025-11-21 00:00:00 ~ 2025-11-27 18:00:00
2025-11-28 13:28:38,462 - app.core.preprocess - INFO -    📊 generate_gap: min=0.0000, max=131.0000, mean=28.7607
2025-11-28 13:28:38,463 - app.core.preprocess - INFO -    📊 PV_Amp: min=0.0000, max=75.5000, mean=16.7486
2025-11-28 13:28:38,463 - app.core.preprocess - INFO -    Scaler에서 추출한 Weather features 사용: ['summer_peak', 'hour_cos', 'peak_hours', '1시간기온', '강수확률', '습도', '풍속', '하늘상태', 'apparent_elevation', 'is_daylight', 'morning_hours', 'evening_hours']
2025-11-28 13:28:38,463 - app.core.preprocess - INFO -    Weather DataFrame columns: ['summer_peak', 'hour_cos', 'peak_hours', '1시간기온', '강수확률', '습도', '풍속', '하늘상태', 'apparent_elevation', 'is_daylight', 'morning_hours', 'evening_hours']
2025-11-28 13:28:38,463 - app.core.preprocess - INFO -    Scaler feature names: ['summer_peak', 'hour_cos', 'peak_hours', '1시간기온', '강수확률', '습도', '풍속', '하늘상태', 'apparent_elevation', 'is_daylight', 'morning_hours', 'evening_hours']
2025-11-28 13:28:38,464 - app.core.preprocess - INFO -    Scaler 순서에 맞춰 정렬된 X_weather columns: ['summer_peak', 'hour_cos', 'peak_hours', '1시간기온', '강수확률', '습도', '풍속', '하늘상태', 'apparent_elevation', 'is_daylight', 'morning_hours', 'evening_hours']
2025-11-28 13:28:38,464 - app.core.preprocess - INFO -    Weather 데이터: 47건, features: ['summer_peak', 'hour_cos', 'peak_hours', '1시간기온', '강수확률', '습도', '풍속', '하늘상태', 'apparent_elevation', 'is_daylight', 'morning_hours', 'evening_hours']
2025-11-28 13:28:38,465 - app.core.preprocess - INFO -    Weather 범위: 2025-11-28 00:00:00 ~ 2025-11-29 22:00:00
2025-11-28 13:28:38,465 - app.core.preprocess - INFO -    Solar 최대 시퀀스: -4개
2025-11-28 13:28:38,465 - app.core.preprocess - INFO -    Weather 최대 시퀀스: 24개
2025-11-28 13:28:38,465 - app.core.preprocess - INFO -    생성 가능 시퀀스: -4개
2025-11-28 13:28:38,465 - app.core.preprocess - ERROR -    ❌ 시퀀스 생성 불가!
2025-11-28 13:28:38,465 - app.core.prediction_pipeline - INFO -    ✅ 0개 시퀀스 생성
2025-11-28 13:28:38,465 - app.core.prediction_pipeline - INFO - 🏭 Factory_Total 시퀀스 생성 중...
2025-11-28 13:28:38,466 - app.core.preprocess - INFO - 🔍 개별 시퀀스 생성 시작
2025-11-28 13:28:38,467 - app.core.preprocess - INFO -    Solar 데이터: 163건, features: ['generate_gap', 'PV_Amp']
2025-11-28 13:28:38,467 - app.core.preprocess - INFO -    Solar 범위: 2025-11-21 00:00:00 ~ 2025-11-27 18:00:00
2025-11-28 13:28:38,467 - app.core.preprocess - INFO -    📊 generate_gap: min=0.0000, max=769.0000, mean=172.2945
2025-11-28 13:28:38,468 - app.core.preprocess - INFO -    📊 PV_Amp: min=0.0000, max=79.3935, mean=17.1597
2025-11-28 13:28:38,468 - app.core.preprocess - INFO -    Scaler에서 추출한 Weather features 사용: ['summer_peak', 'hour_cos', 'peak_hours', '1시간기온', '강수확률', '습도', '풍속', '하늘상태', 'apparent_elevation', 'is_daylight', 'morning_hours', 'evening_hours']
2025-11-28 13:28:38,468 - app.core.preprocess - INFO -    Weather DataFrame columns: ['summer_peak', 'hour_cos', 'peak_hours', '1시간기온', '강수확률', '습도', '풍속', '하늘상태', 'apparent_elevation', 'is_daylight', 'morning_hours', 'evening_hours']
2025-11-28 13:28:38,469 - app.core.preprocess - INFO -    Scaler feature names: ['summer_peak', 'hour_cos', 'peak_hours', '1시간기온', '강수확률', '습도', '풍속', '하늘상태', 'apparent_elevation', 'is_daylight', 'morning_hours', 'evening_hours']
2025-11-28 13:28:38,469 - app.core.preprocess - INFO -    Scaler 순서에 맞춰 정렬된 X_weather columns: ['summer_peak', 'hour_cos', 'peak_hours', '1시간기온', '강수확률', '습도', '풍속', '하늘상태', 'apparent_elevation', 'is_daylight', 'morning_hours', 'evening_hours']
2025-11-28 13:28:38,470 - app.core.preprocess - INFO -    Weather 데이터: 47건, features: ['summer_peak', 'hour_cos', 'peak_hours', '1시간기온', '강수확률', '습도', '풍속', '하늘상태', 'apparent_elevation', 'is_daylight', 'morning_hours', 'evening_hours']
2025-11-28 13:28:38,470 - app.core.preprocess - INFO -    Weather 범위: 2025-11-28 00:00:00 ~ 2025-11-29 22:00:00
2025-11-28 13:28:38,470 - app.core.preprocess - INFO -    Solar 최대 시퀀스: -4개
2025-11-28 13:28:38,470 - app.core.preprocess - INFO -    Weather 최대 시퀀스: 24개
2025-11-28 13:28:38,470 - app.core.preprocess - INFO -    생성 가능 시퀀스: -4개
2025-11-28 13:28:38,471 - app.core.preprocess - ERROR -    ❌ 시퀀스 생성 불가!
2025-11-28 13:28:38,471 - app.core.prediction_pipeline - INFO -    ✅ 0개 시퀀스 생성
2025-11-28 13:28:38,471 - app.models.predictor - INFO - 예측 서비스 초기화 시작...
2025-11-28 13:28:39,265 - app.models.predictor - INFO - A공장 모델 로드 완료: C:\Users\user\Desktop\bmt\solar_api\app\weights\model9\A_multimodal_solar_model_e500_b8_p100.keras
2025-11-28 13:28:39,266 - app.models.predictor - INFO - C공장 모델 로드 완료: C:\Users\user\Desktop\bmt\solar_api\app\weights\model9\C_multimodal_solar_model_e500_b8_p100.keras
2025-11-28 13:28:39,268 - app.models.predictor - INFO - 공장 전체 모델 로드 완료: C:\Users\user\Desktop\bmt\solar_api\app\weights\model9\T_multimodal_solar_model_e500_b8_p100.keras
2025-11-28 13:28:39,271 - app.models.predictor - INFO - B공장 모델 로드 완료: C:\Users\user\Desktop\bmt\solar_api\app\weights\model9\B_multimodal_solar_model_e500_b8_p100.keras
2025-11-28 13:28:39,271 - app.models.predictor - INFO - ✅ 모든 공장 모델 로드 완료 (A, B, C, Total)
2025-11-28 13:28:39,271 - app.models.predictor - WARNING - 메타데이터 파일이 없어 기본값으로 설정했습니다. (찾는 경로: C:\Users\user\Desktop\bmt\solar_api\app\weights\model9\T_multimodal_solar_model_e500_b8_p100_v6_metadata.json)
2025-11-28 13:28:39,271 - app.models.predictor - INFO - ✅ 예측 서비스 초기화 완료
2025-11-28 13:28:39,272 - app.core.postprocess - INFO - 후처리기 초기화 시작...
2025-11-28 13:28:39,272 - app.core.postprocess - INFO - A동 출력 스케일러 로드 완료: C:\Users\user\Desktop\bmt\solar_api\app\weights\model9\A_target_scaler_e500_b8_p100.pkl
2025-11-28 13:28:39,273 - app.core.postprocess - INFO - B동 출력 스케일러 로드 완료: C:\Users\user\Desktop\bmt\solar_api\app\weights\model9\B_target_scaler_e500_b8_p100.pkl
2025-11-28 13:28:39,273 - app.core.postprocess - INFO - C동 출력 스케일러 로드 완료: C:\Users\user\Desktop\bmt\solar_api\app\weights\model9\C_target_scaler_e500_b8_p100.pkl
2025-11-28 13:28:39,274 - app.core.postprocess - INFO - 공장 전체 출력 스케일러 로드 완료: C:\Users\user\Desktop\bmt\solar_api\app\weights\model9\T_target_scaler_e500_b8_p100.pkl
2025-11-28 13:28:39,274 - app.core.postprocess - INFO - ✅ 후처리기 초기화 완료
2025-11-28 13:28:39,274 - app.core.prediction_pipeline - INFO - 🔮 A동: 0개 시퀀스 배치 예측 중...
2025-11-28 13:28:39,274 - app.models.predictor - INFO - 🔮 AI 모델 예측 시작 (FactoryA)...
2025-11-28 13:28:39,317 - app.models.predictor - ERROR - 예측 수행 실패: math domain error
2025-11-28 13:28:39,319 - app.core.prediction_pipeline - ERROR - [Pipeline] 예측 파이프라인 오류: 예측 수행 실패: math domain error
Traceback (most recent call last):
  File "C:\Users\user\Desktop\bmt\solar_api\app\models\predictor.py", line 172, in predict
    predictions = await self._predict_async(x_solar_feature, x_weather_feature, model)
                  ^^^^^^^^^^^^^^^^^^^^^^^^^^^^^^^^^^^^^^^^^^^^^^^^^^^^^^^^^^^^^^^^^^^^
  File "C:\Users\user\Desktop\bmt\solar_api\app\models\predictor.py", line 198, in _predict_async
    return await loop.run_in_executor(None, _predict)
           ^^^^^^^^^^^^^^^^^^^^^^^^^^^^^^^^^^^^^^^^^^
  File "C:\Users\user\anaconda3\envs\bmt_solar\Lib\concurrent\futures\thread.py", line 58, in run
    result = self.fn(*self.args, **self.kwargs)
             ^^^^^^^^^^^^^^^^^^^^^^^^^^^^^^^^^^
  File "C:\Users\user\Desktop\bmt\solar_api\app\models\predictor.py", line 193, in _predict
    predictions = model.predict([X_solar, X_weather])
                  ^^^^^^^^^^^^^^^^^^^^^^^^^^^^^^^^^^^
  File "C:\Users\user\anaconda3\envs\bmt_solar\Lib\site-packages\keras\src\utils\traceback_utils.py", line 122, in error_handler
    raise e.with_traceback(filtered_tb) from None
  File "C:\Users\user\anaconda3\envs\bmt_solar\Lib\site-packages\keras\src\utils\progbar.py", line 122, in update
    numdigits = int(math.log10(self.target)) + 1
                    ^^^^^^^^^^^^^^^^^^^^^^^
ValueError: math domain error

During handling of the above exception, another exception occurred:

Traceback (most recent call last):
  File "C:\Users\user\Desktop\bmt\solar_api\app\core\prediction_pipeline.py", line 53, in run_solar_prediction_pipeline
    result = asyncio.run(_run_async_prediction(target_date_str, today, kst))
             ^^^^^^^^^^^^^^^^^^^^^^^^^^^^^^^^^^^^^^^^^^^^^^^^^^^^^^^^^^^^^^^
  File "C:\Users\user\anaconda3\envs\bmt_solar\Lib\asyncio\runners.py", line 194, in run
    return runner.run(main)
           ^^^^^^^^^^^^^^^^
  File "C:\Users\user\anaconda3\envs\bmt_solar\Lib\asyncio\runners.py", line 118, in run
    return self._loop.run_until_complete(task)
           ^^^^^^^^^^^^^^^^^^^^^^^^^^^^^^^^^^^
  File "C:\Users\user\anaconda3\envs\bmt_solar\Lib\asyncio\base_events.py", line 687, in run_until_complete
    return future.result()
           ^^^^^^^^^^^^^^^
  File "C:\Users\user\Desktop\bmt\solar_api\app\core\prediction_pipeline.py", line 197, in _run_async_prediction
    pred_result = await predictor.predict(X_solar_batch, X_weather_batch, factory_name=factory_name)
                  ^^^^^^^^^^^^^^^^^^^^^^^^^^^^^^^^^^^^^^^^^^^^^^^^^^^^^^^^^^^^^^^^^^^^^^^^^^^^^^^^^^
  File "C:\Users\user\Desktop\bmt\solar_api\app\models\predictor.py", line 187, in predict
    raise PredictionError(f"예측 수행 실패: {str(e)}")
app.core.exceptions.PredictionError: 예측 수행 실패: math domain error
2025-11-28 13:28:39,332 - __main__ - ERROR - ❌ 예상치 못한 오류 발생: 예측 수행 실패: math domain error
Traceback (most recent call last):
  File "C:\Users\user\Desktop\bmt\solar_api\app\models\predictor.py", line 172, in predict
    predictions = await self._predict_async(x_solar_feature, x_weather_feature, model)
                  ^^^^^^^^^^^^^^^^^^^^^^^^^^^^^^^^^^^^^^^^^^^^^^^^^^^^^^^^^^^^^^^^^^^^
  File "C:\Users\user\Desktop\bmt\solar_api\app\models\predictor.py", line 198, in _predict_async
    return await loop.run_in_executor(None, _predict)
           ^^^^^^^^^^^^^^^^^^^^^^^^^^^^^^^^^^^^^^^^^^
  File "C:\Users\user\anaconda3\envs\bmt_solar\Lib\concurrent\futures\thread.py", line 58, in run
    result = self.fn(*self.args, **self.kwargs)
             ^^^^^^^^^^^^^^^^^^^^^^^^^^^^^^^^^^
  File "C:\Users\user\Desktop\bmt\solar_api\app\models\predictor.py", line 193, in _predict
    predictions = model.predict([X_solar, X_weather])
                  ^^^^^^^^^^^^^^^^^^^^^^^^^^^^^^^^^^^
  File "C:\Users\user\anaconda3\envs\bmt_solar\Lib\site-packages\keras\src\utils\traceback_utils.py", line 122, in error_handler
    raise e.with_traceback(filtered_tb) from None
  File "C:\Users\user\anaconda3\envs\bmt_solar\Lib\site-packages\keras\src\utils\progbar.py", line 122, in update
    numdigits = int(math.log10(self.target)) + 1
                    ^^^^^^^^^^^^^^^^^^^^^^^
ValueError: math domain error

During handling of the above exception, another exception occurred:

Traceback (most recent call last):
  File "C:\Users\user\Desktop\bmt\solar_api\schedule_solar_AI.py", line 81, in run_prediction
    result = run_solar_prediction_pipeline(target_date_str=target_date)
             ^^^^^^^^^^^^^^^^^^^^^^^^^^^^^^^^^^^^^^^^^^^^^^^^^^^^^^^^^^
  File "C:\Users\user\Desktop\bmt\solar_api\app\core\prediction_pipeline.py", line 53, in run_solar_prediction_pipeline
    result = asyncio.run(_run_async_prediction(target_date_str, today, kst))
             ^^^^^^^^^^^^^^^^^^^^^^^^^^^^^^^^^^^^^^^^^^^^^^^^^^^^^^^^^^^^^^^
  File "C:\Users\user\anaconda3\envs\bmt_solar\Lib\asyncio\runners.py", line 194, in run
    return runner.run(main)
           ^^^^^^^^^^^^^^^^
  File "C:\Users\user\anaconda3\envs\bmt_solar\Lib\asyncio\runners.py", line 118, in run
    return self._loop.run_until_complete(task)
           ^^^^^^^^^^^^^^^^^^^^^^^^^^^^^^^^^^^
  File "C:\Users\user\anaconda3\envs\bmt_solar\Lib\asyncio\base_events.py", line 687, in run_until_complete
    return future.result()
           ^^^^^^^^^^^^^^^
  File "C:\Users\user\Desktop\bmt\solar_api\app\core\prediction_pipeline.py", line 197, in _run_async_prediction
    pred_result = await predictor.predict(X_solar_batch, X_weather_batch, factory_name=factory_name)
                  ^^^^^^^^^^^^^^^^^^^^^^^^^^^^^^^^^^^^^^^^^^^^^^^^^^^^^^^^^^^^^^^^^^^^^^^^^^^^^^^^^^
  File "C:\Users\user\Desktop\bmt\solar_api\app\models\predictor.py", line 187, in predict
    raise PredictionError(f"예측 수행 실패: {str(e)}")
app.core.exceptions.PredictionError: 예측 수행 실패: math domain error
2025-11-28 13:28:39,332 - __main__ - INFO - ================================================================================
2025-11-28 13:28:39,334 - __main__ - ERROR - ================================================================================
2025-11-28 13:28:39,334 - __main__ - ERROR - Solar Prediction Scheduler Failed
2025-11-28 13:28:39,334 - __main__ - ERROR - ================================================================================
2025-11-28 13:30:17,363 - __main__ - INFO - ================================================================================
2025-11-28 13:30:17,364 - __main__ - INFO - Solar Prediction Scheduler Started
2025-11-28 13:30:17,364 - __main__ - INFO - Execution Time: 2025-11-28 13:30:17
2025-11-28 13:30:17,364 - __main__ - INFO - ================================================================================
2025-11-28 13:30:17,372 - __main__ - INFO - ================================================================================
2025-11-28 13:30:17,372 - __main__ - INFO - 🌞 태양광 예측 자동 실행 시작 (동기식)
2025-11-28 13:30:17,372 - __main__ - INFO - 📅 실행 시간: 2025-11-28 13:30:17
2025-11-28 13:30:17,372 - __main__ - INFO - 📅 날짜 소스: 자동 생성
2025-11-28 13:30:17,372 - __main__ - INFO - 📅 오늘 날짜 자동 사용
2025-11-28 13:30:17,372 - __main__ - INFO - ================================================================================
2025-11-28 13:30:17,756 - __main__ - INFO - 🔮 예측 로직 실행 중...
2025-11-28 13:30:17,780 - app.core.prediction_pipeline - INFO - 📅 오늘 날짜 자동 설정 (KST): 2025-11-28
2025-11-28 13:30:17,780 - app.core.prediction_pipeline - INFO - 🌞 앙상블 태양광 발전량 예측 시작: 2025-11-28
2025-11-28 13:30:17,938 - app.core.config - WARNING - config7.json not found at C:\Users\user\Desktop\bmt\solar_api\app\core\weights\config7.json. Using default values.
2025-11-28 13:30:17,941 - app.core.config - WARNING - config7.json not found at C:\Users\user\Desktop\bmt\solar_api\app\core\weights\config7.json. Using default values.
2025-11-28 13:30:21,156 - app.core.prediction_pipeline - INFO - 📅 날짜 객체 생성 완료: 2025-11-28 00:00:00
2025-11-28 13:30:21,156 - app.core.prediction_pipeline - INFO - 🎯 목표 시간대(미래 24h): 2025-11-28 23:00:00 ~ 2025-11-29 22:00:00
2025-11-28 13:30:21,156 - app.core.prediction_pipeline - INFO - 🔎 조회 범위 계산 | Solar: 2025-11-21 00:00:00 ~ 2025-11-28 22:00:00 , Weather: 2025-11-28 00:00:00 ~ 2025-11-29 22:00:00
2025-11-28 13:30:21,156 - app.core.database - INFO - 🔍 Solar SQL 조회 범위: 2025-11-21 00:00:00 ~ 2025-11-28 22:00:00
2025-11-28 13:30:21,156 - app.core.database - INFO - 🔍 Weather SQL 조회 범위: 2025-11-28 00:00:00 ~ 2025-11-29 22:00:00
2025-11-28 13:30:21,709 - app.core.database - INFO - 📊 앙상블용 태양광 데이터 조회: 2934건
2025-11-28 13:30:21,709 - app.core.database - INFO -    시간 범위: 2025-11-21 00:00:00 ~ 2025-11-27 18:00:00
2025-11-28 13:30:21,710 - app.core.database - INFO -    🔍 Solar 데이터 NaN 체크: 0개
2025-11-28 13:30:21,713 - app.core.database - INFO -    ✅ Solar 시간 연속성 OK: 163시간 연속
2025-11-28 13:30:21,716 - app.core.database - INFO - 🔍 예상 Weather 조회 범위: 2025-11-28 00:00:00 ~ 2025-11-29 22:00:00 (총 47개 시간대)
2025-11-28 13:30:21,964 - app.core.database - INFO - 📊 앙상블용 기상 데이터 조회: 47건
2025-11-28 13:30:21,964 - app.core.database - INFO -    🔍 Weather 데이터 NaN 체크: 184개
2025-11-28 13:30:21,965 - app.core.database - INFO -    시간 범위: 2025-11-28 00:00:00 ~ 2025-11-29 22:00:00
2025-11-28 13:30:21,965 - app.core.database - INFO -    📊 조회된 데이터 개수: 47개 (기대: 47개)
2025-11-28 13:30:21,965 - app.core.database - INFO -    📊 조회된 시간대 샘플 (처음 3개):
2025-11-28 13:30:21,965 - app.core.database - INFO -       [0] 2025-11-28 00:00:00
2025-11-28 13:30:21,965 - app.core.database - INFO -       [1] 2025-11-28 01:00:00
2025-11-28 13:30:21,965 - app.core.database - INFO -       [2] 2025-11-28 02:00:00
2025-11-28 13:30:21,967 - app.core.database - INFO -    ✅ Weather 시간 연속성 OK: 47시간 (기대: 47시간)
2025-11-28 13:30:21,967 - app.core.prediction_pipeline - INFO - ✅ 데이터 조회 완료 - 태양광: 2934건, 기상: 47건
2025-11-28 13:30:21,967 - app.core.preprocess - INFO - 🔍 공장 A 스케일러 경로: C:\Users\user\Desktop\bmt\solar_api\app\weights\model9\A_solar_scaler_e500_b8_p100.pkl
2025-11-28 13:30:21,978 - app.core.preprocess - INFO - ✅ 공장 A 태양광 스케일러 로드 완료
2025-11-28 13:30:21,978 - app.core.preprocess - INFO - 🔍 공장 B 스케일러 경로: C:\Users\user\Desktop\bmt\solar_api\app\weights\model9\B_solar_scaler_e500_b8_p100.pkl
2025-11-28 13:30:21,978 - app.core.preprocess - INFO - ✅ 공장 B 태양광 스케일러 로드 완료
2025-11-28 13:30:21,978 - app.core.preprocess - INFO - 🔍 공장 C 스케일러 경로: C:\Users\user\Desktop\bmt\solar_api\app\weights\model9\C_solar_scaler_e500_b8_p100.pkl
2025-11-28 13:30:21,979 - app.core.preprocess - INFO - ✅ 공장 C 태양광 스케일러 로드 완료
2025-11-28 13:30:21,979 - app.core.preprocess - INFO - 🔍 공장 Total 스케일러 경로: C:\Users\user\Desktop\bmt\solar_api\app\weights\model9\T_solar_scaler_e500_b8_p100.pkl
2025-11-28 13:30:21,980 - app.core.preprocess - INFO - ✅ 공장 Total 태양광 스케일러 로드 완료
2025-11-28 13:30:21,980 - app.core.preprocess - INFO - 🔍 기상 스케일러 경로: C:\Users\user\Desktop\bmt\solar_api\app\weights\model9\T_weather_scaler_e500_b8_p100.pkl
2025-11-28 13:30:21,980 - app.core.preprocess - INFO - ✅ 기상 스케일러 로드 완료
2025-11-28 13:30:21,980 - app.core.preprocess - INFO - 📊 Scaler에서 추출한 Solar features: ['generate_gap', 'PV_Amp']
2025-11-28 13:30:21,980 - app.core.preprocess - INFO - 📊 Scaler에서 추출한 Weather features: ['summer_peak', 'hour_cos', 'peak_hours', '1시간기온', '강수확률', '습도', '풍속', '하늘상태', 'apparent_elevation', 'is_daylight', 'morning_hours', 'evening_hours']
2025-11-28 13:30:21,987 - app.core.preprocess - INFO - 숫자형 컬럼 데이터 타입 변환 완료: ['generate_gap', 'PV_Amp']
2025-11-28 13:30:21,993 - app.core.preprocess - INFO - 🏭 ID별 공장 분류 결과:
2025-11-28 13:30:21,993 - app.core.preprocess - INFO -   A공장 (ID 1-12): 1956건, 고유 ID: [np.int64(1), np.int64(2), np.int64(3), np.int64(4), np.int64(5), np.int64(6), np.int64(7), np.int64(8), np.int64(9), np.int64(10), np.int64(11), np.int64(12)]
2025-11-28 13:30:21,993 - app.core.preprocess - INFO -   B공장 (ID 13-15): 489건, 고유 ID: [np.int64(13), np.int64(14), np.int64(15)]
2025-11-28 13:30:21,994 - app.core.preprocess - INFO -   C공장 (ID 16-18): 489건, 고유 ID: [np.int64(16), np.int64(17), np.int64(18)]
2025-11-28 13:30:21,994 - app.core.preprocess - INFO -   공장 전체 : 2934건, 고유 ID: [np.int64(1), np.int64(2), np.int64(3), np.int64(4), np.int64(5), np.int64(6), np.int64(7), np.int64(8), np.int64(9), np.int64(10), np.int64(11), np.int64(12), np.int64(13), np.int64(14), np.int64(15), np.int64(16), np.int64(17), np.int64(18)]
2025-11-28 13:30:21,996 - app.core.preprocess - INFO - 📊 집계 전 데이터: 1956건, 시간 범위: 2025-11-21 00:00:00 ~ 2025-11-27 18:00:00
2025-11-28 13:30:21,996 - app.core.preprocess - INFO - 📊 실제 집계할 컬럼: ['PV_Volt', 'PV_Amp', 'Volt_R', 'Volt_S', 'Volt_T', 'Ampe_R', 'Ampe_S', 'Ampe_T', 'Frequency', 'Today_Generation', 'generate_gap', 'Accum_Generation']
2025-11-28 13:30:21,998 - app.core.preprocess - INFO - 📊 집계 후 데이터: 163건
2025-11-28 13:30:21,999 - app.core.preprocess - INFO - 📊 집계 전 데이터: 489건, 시간 범위: 2025-11-21 00:00:00 ~ 2025-11-27 18:00:00
2025-11-28 13:30:21,999 - app.core.preprocess - INFO - 📊 실제 집계할 컬럼: ['PV_Volt', 'PV_Amp', 'Volt_R', 'Volt_S', 'Volt_T', 'Ampe_R', 'Ampe_S', 'Ampe_T', 'Frequency', 'Today_Generation', 'generate_gap', 'Accum_Generation']
2025-11-28 13:30:22,002 - app.core.preprocess - INFO - 📊 집계 후 데이터: 163건
2025-11-28 13:30:22,003 - app.core.preprocess - INFO - 📊 집계 전 데이터: 489건, 시간 범위: 2025-11-21 00:00:00 ~ 2025-11-27 18:00:00
2025-11-28 13:30:22,004 - app.core.preprocess - INFO - 📊 실제 집계할 컬럼: ['PV_Volt', 'PV_Amp', 'Volt_R', 'Volt_S', 'Volt_T', 'Ampe_R', 'Ampe_S', 'Ampe_T', 'Frequency', 'Today_Generation', 'generate_gap', 'Accum_Generation']
2025-11-28 13:30:22,006 - app.core.preprocess - INFO - 📊 집계 후 데이터: 163건
2025-11-28 13:30:22,006 - app.core.preprocess - INFO - 🏭 Factory_Total 데이터 처리 시작...
2025-11-28 13:30:22,006 - app.core.preprocess - INFO -    📊 Factory_Total 원본 데이터: 2934건
2025-11-28 13:30:22,006 - app.core.preprocess - INFO -    📈 Factory_Total ID 범위: 1 ~ 18
2025-11-28 13:30:22,006 - app.core.preprocess - INFO -    ⏰ Factory_Total 시간 범위: 2025-11-21 00:00:00 ~ 2025-11-27 18:00:00
2025-11-28 13:30:22,007 - app.core.preprocess - INFO -    ✅ generate_gap: min=0.0000, max=52.0000, mean=9.5719, count=2934
2025-11-28 13:30:22,007 - app.core.preprocess - INFO -    ✅ PV_Amp: min=0.0000, max=88.8330, mean=17.1597, count=2934
2025-11-28 13:30:22,009 - app.core.preprocess - INFO - 📊 집계 전 데이터: 2934건, 시간 범위: 2025-11-21 00:00:00 ~ 2025-11-27 18:00:00
2025-11-28 13:30:22,010 - app.core.preprocess - INFO - 📊 실제 집계할 컬럼: ['PV_Volt', 'PV_Amp', 'Volt_R', 'Volt_S', 'Volt_T', 'Ampe_R', 'Ampe_S', 'Ampe_T', 'Frequency', 'Today_Generation', 'generate_gap', 'Accum_Generation']
2025-11-28 13:30:22,012 - app.core.preprocess - INFO - 📊 집계 후 데이터: 163건
2025-11-28 13:30:22,012 - app.core.preprocess - INFO - 공장별 집계 완료
2025-11-28 13:30:22,014 - app.core.preprocess - INFO - 태양광 데이터 품질 체크 완료 - 총 2934건, 결측치 비율: 0.00%
2025-11-28 13:30:22,014 - app.core.preprocess - INFO - A 공장 전처리 완료: 163건
2025-11-28 13:30:22,014 - app.core.preprocess - INFO - B 공장 전처리 완료: 163건
2025-11-28 13:30:22,014 - app.core.preprocess - INFO - C 공장 전처리 완료: 163건
2025-11-28 13:30:22,014 - app.core.preprocess - INFO - 전체체 공장 전처리 완료: 163건
2025-11-28 13:30:22,018 - app.core.preprocess - INFO - 기상 데이터 숫자형 컬럼 타입 변환 완료: ['wsd', 'pop', 'tmp', 'sky', 'reh', 'apparent_elevation']
2025-11-28 13:30:22,020 - app.core.preprocess - INFO - 컬럼명 매핑 완료: ['tmp', 'pop', 'reh', 'wsd', 'sky', 'pty', 'pcp', 'sno', 'tmn', 'tmx', 'uuu', 'vvv', 'wav', 'vec'] → ['1시간기온', '강수확률', '습도', '풍속', '하늘상태', '강수형태', '1시간강수량', '1시간신적설', '일최저기온', '일최고기온', '동서바람성분', '남북바람성분', '파고', '풍향']
2025-11-28 13:30:22,027 - app.core.preprocess - INFO - 📊 전처리된 기상 데이터 샘플 (처음 5개):
2025-11-28 13:30:22,027 - app.core.preprocess - INFO - 기상 데이터 전처리 완료: 47건
2025-11-28 13:30:22,027 - app.core.preprocess - INFO - 기상 데이터 전처리 완료: (47, 49)
2025-11-28 13:30:22,027 - app.core.preprocess - INFO - 전처리 후 컬럼: ['tm', 'pop', 'pty', 'pcp', 'reh', 'sno', 'sky', 'tmp', 'tmn', 'tmx', 'uuu', 'vvv', 'wav', 'vec', 'wsd', 'ics', 'apparent_zenith', 'apparent_elevation', 'azimuth', 'reg_dt', '1시간기온', '강수확률', '습도', '풍속', '하늘상태', '강수형태', '1시간강수량', '1시간신적설', '일최저기온', '일최고기온', '동서바람성분', '남북바람성분', '파고', '풍향', 'hour', 'day_of_week', 'month', 'is_weekend', 'hour_sin', 'hour_cos', 'day_sin', 'day_cos', 'month_sin', 'month_cos', 'is_daylight', 'peak_hours', 'morning_hours', 'evening_hours', 'summer_peak']
2025-11-28 13:30:22,027 - app.core.prediction_pipeline - INFO - 🏭 FactoryA 시퀀스 생성 중...
2025-11-28 13:30:22,028 - app.core.preprocess - INFO - 🔍 개별 시퀀스 생성 시작
2025-11-28 13:30:22,029 - app.core.preprocess - INFO -    Solar 데이터: 163건, features: ['generate_gap', 'PV_Amp']
2025-11-28 13:30:22,029 - app.core.preprocess - INFO -    Solar 범위: 2025-11-21 00:00:00 ~ 2025-11-27 18:00:00
2025-11-28 13:30:22,030 - app.core.preprocess - INFO -    📊 generate_gap: min=0.0000, max=523.0000, mean=114.0736
2025-11-28 13:30:22,030 - app.core.preprocess - INFO -    📊 PV_Amp: min=0.0000, max=81.6458, mean=17.4503
2025-11-28 13:30:22,030 - app.core.preprocess - INFO -    Scaler에서 추출한 Weather features 사용: ['summer_peak', 'hour_cos', 'peak_hours', '1시간기온', '강수확률', '습도', '풍속', '하늘상태', 'apparent_elevation', 'is_daylight', 'morning_hours', 'evening_hours']
2025-11-28 13:30:22,030 - app.core.preprocess - INFO -    Weather DataFrame columns: ['summer_peak', 'hour_cos', 'peak_hours', '1시간기온', '강수확률', '습도', '풍속', '하늘상태', 'apparent_elevation', 'is_daylight', 'morning_hours', 'evening_hours']
2025-11-28 13:30:22,030 - app.core.preprocess - INFO -    Scaler feature names: ['summer_peak', 'hour_cos', 'peak_hours', '1시간기온', '강수확률', '습도', '풍속', '하늘상태', 'apparent_elevation', 'is_daylight', 'morning_hours', 'evening_hours']
2025-11-28 13:30:22,031 - app.core.preprocess - INFO -    Scaler 순서에 맞춰 정렬된 X_weather columns: ['summer_peak', 'hour_cos', 'peak_hours', '1시간기온', '강수확률', '습도', '풍속', '하늘상태', 'apparent_elevation', 'is_daylight', 'morning_hours', 'evening_hours']
2025-11-28 13:30:22,032 - app.core.preprocess - INFO -    Weather 데이터: 47건, features: ['summer_peak', 'hour_cos', 'peak_hours', '1시간기온', '강수확률', '습도', '풍속', '하늘상태', 'apparent_elevation', 'is_daylight', 'morning_hours', 'evening_hours']
2025-11-28 13:30:22,032 - app.core.preprocess - INFO -    Weather 범위: 2025-11-28 00:00:00 ~ 2025-11-29 22:00:00
2025-11-28 13:30:22,032 - app.core.preprocess - INFO -    Solar 최대 시퀀스: -4개
2025-11-28 13:30:22,032 - app.core.preprocess - INFO -    Weather 최대 시퀀스: 24개
2025-11-28 13:30:22,032 - app.core.preprocess - INFO -    생성 가능 시퀀스: -4개
2025-11-28 13:30:22,032 - app.core.preprocess - ERROR -    ❌ 시퀀스 생성 불가!
2025-11-28 13:30:22,032 - app.core.prediction_pipeline - INFO -    ✅ 0개 시퀀스 생성
2025-11-28 13:30:22,033 - app.core.prediction_pipeline - INFO - 🏭 FactoryB 시퀀스 생성 중...
2025-11-28 13:30:22,033 - app.core.preprocess - INFO - 🔍 개별 시퀀스 생성 시작
2025-11-28 13:30:22,034 - app.core.preprocess - INFO -    Solar 데이터: 163건, features: ['generate_gap', 'PV_Amp']
2025-11-28 13:30:22,035 - app.core.preprocess - INFO -    Solar 범위: 2025-11-21 00:00:00 ~ 2025-11-27 18:00:00
2025-11-28 13:30:22,035 - app.core.preprocess - INFO -    📊 generate_gap: min=0.0000, max=129.0000, mean=29.4601
2025-11-28 13:30:22,035 - app.core.preprocess - INFO -    📊 PV_Amp: min=0.0000, max=75.3057, mean=16.4083
2025-11-28 13:30:22,035 - app.core.preprocess - INFO -    Scaler에서 추출한 Weather features 사용: ['summer_peak', 'hour_cos', 'peak_hours', '1시간기온', '강수확률', '습도', '풍속', '하늘상태', 'apparent_elevation', 'is_daylight', 'morning_hours', 'evening_hours']
2025-11-28 13:30:22,036 - app.core.preprocess - INFO -    Weather DataFrame columns: ['summer_peak', 'hour_cos', 'peak_hours', '1시간기온', '강수확률', '습도', '풍속', '하늘상태', 'apparent_elevation', 'is_daylight', 'morning_hours', 'evening_hours']
2025-11-28 13:30:22,036 - app.core.preprocess - INFO -    Scaler feature names: ['summer_peak', 'hour_cos', 'peak_hours', '1시간기온', '강수확률', '습도', '풍속', '하늘상태', 'apparent_elevation', 'is_daylight', 'morning_hours', 'evening_hours']
2025-11-28 13:30:22,036 - app.core.preprocess - INFO -    Scaler 순서에 맞춰 정렬된 X_weather columns: ['summer_peak', 'hour_cos', 'peak_hours', '1시간기온', '강수확률', '습도', '풍속', '하늘상태', 'apparent_elevation', 'is_daylight', 'morning_hours', 'evening_hours']
2025-11-28 13:30:22,037 - app.core.preprocess - INFO -    Weather 데이터: 47건, features: ['summer_peak', 'hour_cos', 'peak_hours', '1시간기온', '강수확률', '습도', '풍속', '하늘상태', 'apparent_elevation', 'is_daylight', 'morning_hours', 'evening_hours']
2025-11-28 13:30:22,037 - app.core.preprocess - INFO -    Weather 범위: 2025-11-28 00:00:00 ~ 2025-11-29 22:00:00
2025-11-28 13:30:22,037 - app.core.preprocess - INFO -    Solar 최대 시퀀스: -4개
2025-11-28 13:30:22,037 - app.core.preprocess - INFO -    Weather 최대 시퀀스: 24개
2025-11-28 13:30:22,037 - app.core.preprocess - INFO -    생성 가능 시퀀스: -4개
2025-11-28 13:30:22,038 - app.core.preprocess - ERROR -    ❌ 시퀀스 생성 불가!
2025-11-28 13:30:22,038 - app.core.prediction_pipeline - INFO -    ✅ 0개 시퀀스 생성
2025-11-28 13:30:22,038 - app.core.prediction_pipeline - INFO - 🏭 FactoryC 시퀀스 생성 중...
2025-11-28 13:30:22,039 - app.core.preprocess - INFO - 🔍 개별 시퀀스 생성 시작
2025-11-28 13:30:22,039 - app.core.preprocess - INFO -    Solar 데이터: 163건, features: ['generate_gap', 'PV_Amp']
2025-11-28 13:30:22,040 - app.core.preprocess - INFO -    Solar 범위: 2025-11-21 00:00:00 ~ 2025-11-27 18:00:00
2025-11-28 13:30:22,040 - app.core.preprocess - INFO -    📊 generate_gap: min=0.0000, max=131.0000, mean=28.7607
2025-11-28 13:30:22,040 - app.core.preprocess - INFO -    📊 PV_Amp: min=0.0000, max=75.5000, mean=16.7486
2025-11-28 13:30:22,040 - app.core.preprocess - INFO -    Scaler에서 추출한 Weather features 사용: ['summer_peak', 'hour_cos', 'peak_hours', '1시간기온', '강수확률', '습도', '풍속', '하늘상태', 'apparent_elevation', 'is_daylight', 'morning_hours', 'evening_hours']
2025-11-28 13:30:22,040 - app.core.preprocess - INFO -    Weather DataFrame columns: ['summer_peak', 'hour_cos', 'peak_hours', '1시간기온', '강수확률', '습도', '풍속', '하늘상태', 'apparent_elevation', 'is_daylight', 'morning_hours', 'evening_hours']
2025-11-28 13:30:22,041 - app.core.preprocess - INFO -    Scaler feature names: ['summer_peak', 'hour_cos', 'peak_hours', '1시간기온', '강수확률', '습도', '풍속', '하늘상태', 'apparent_elevation', 'is_daylight', 'morning_hours', 'evening_hours']
2025-11-28 13:30:22,041 - app.core.preprocess - INFO -    Scaler 순서에 맞춰 정렬된 X_weather columns: ['summer_peak', 'hour_cos', 'peak_hours', '1시간기온', '강수확률', '습도', '풍속', '하늘상태', 'apparent_elevation', 'is_daylight', 'morning_hours', 'evening_hours']
2025-11-28 13:30:22,042 - app.core.preprocess - INFO -    Weather 데이터: 47건, features: ['summer_peak', 'hour_cos', 'peak_hours', '1시간기온', '강수확률', '습도', '풍속', '하늘상태', 'apparent_elevation', 'is_daylight', 'morning_hours', 'evening_hours']
2025-11-28 13:30:22,042 - app.core.preprocess - INFO -    Weather 범위: 2025-11-28 00:00:00 ~ 2025-11-29 22:00:00
2025-11-28 13:30:22,042 - app.core.preprocess - INFO -    Solar 최대 시퀀스: -4개
2025-11-28 13:30:22,042 - app.core.preprocess - INFO -    Weather 최대 시퀀스: 24개
2025-11-28 13:30:22,042 - app.core.preprocess - INFO -    생성 가능 시퀀스: -4개
2025-11-28 13:30:22,042 - app.core.preprocess - ERROR -    ❌ 시퀀스 생성 불가!
2025-11-28 13:30:22,042 - app.core.prediction_pipeline - INFO -    ✅ 0개 시퀀스 생성
2025-11-28 13:30:22,042 - app.core.prediction_pipeline - INFO - 🏭 Factory_Total 시퀀스 생성 중...
2025-11-28 13:30:22,043 - app.core.preprocess - INFO - 🔍 개별 시퀀스 생성 시작
2025-11-28 13:30:22,044 - app.core.preprocess - INFO -    Solar 데이터: 163건, features: ['generate_gap', 'PV_Amp']
2025-11-28 13:30:22,044 - app.core.preprocess - INFO -    Solar 범위: 2025-11-21 00:00:00 ~ 2025-11-27 18:00:00
2025-11-28 13:30:22,044 - app.core.preprocess - INFO -    📊 generate_gap: min=0.0000, max=769.0000, mean=172.2945
2025-11-28 13:30:22,045 - app.core.preprocess - INFO -    📊 PV_Amp: min=0.0000, max=79.3935, mean=17.1597
2025-11-28 13:30:22,045 - app.core.preprocess - INFO -    Scaler에서 추출한 Weather features 사용: ['summer_peak', 'hour_cos', 'peak_hours', '1시간기온', '강수확률', '습도', '풍속', '하늘상태', 'apparent_elevation', 'is_daylight', 'morning_hours', 'evening_hours']
2025-11-28 13:30:22,045 - app.core.preprocess - INFO -    Weather DataFrame columns: ['summer_peak', 'hour_cos', 'peak_hours', '1시간기온', '강수확률', '습도', '풍속', '하늘상태', 'apparent_elevation', 'is_daylight', 'morning_hours', 'evening_hours']
2025-11-28 13:30:22,045 - app.core.preprocess - INFO -    Scaler feature names: ['summer_peak', 'hour_cos', 'peak_hours', '1시간기온', '강수확률', '습도', '풍속', '하늘상태', 'apparent_elevation', 'is_daylight', 'morning_hours', 'evening_hours']
2025-11-28 13:30:22,046 - app.core.preprocess - INFO -    Scaler 순서에 맞춰 정렬된 X_weather columns: ['summer_peak', 'hour_cos', 'peak_hours', '1시간기온', '강수확률', '습도', '풍속', '하늘상태', 'apparent_elevation', 'is_daylight', 'morning_hours', 'evening_hours']
2025-11-28 13:30:22,046 - app.core.preprocess - INFO -    Weather 데이터: 47건, features: ['summer_peak', 'hour_cos', 'peak_hours', '1시간기온', '강수확률', '습도', '풍속', '하늘상태', 'apparent_elevation', 'is_daylight', 'morning_hours', 'evening_hours']
2025-11-28 13:30:22,047 - app.core.preprocess - INFO -    Weather 범위: 2025-11-28 00:00:00 ~ 2025-11-29 22:00:00
2025-11-28 13:30:22,047 - app.core.preprocess - INFO -    Solar 최대 시퀀스: -4개
2025-11-28 13:30:22,047 - app.core.preprocess - INFO -    Weather 최대 시퀀스: 24개
2025-11-28 13:30:22,047 - app.core.preprocess - INFO -    생성 가능 시퀀스: -4개
2025-11-28 13:30:22,047 - app.core.preprocess - ERROR -    ❌ 시퀀스 생성 불가!
2025-11-28 13:30:22,047 - app.core.prediction_pipeline - INFO -    ✅ 0개 시퀀스 생성
2025-11-28 13:30:22,047 - app.models.predictor - INFO - 예측 서비스 초기화 시작...
2025-11-28 13:30:22,773 - app.models.predictor - INFO - B공장 모델 로드 완료: C:\Users\user\Desktop\bmt\solar_api\app\weights\model9\B_multimodal_solar_model_e500_b8_p100.keras
2025-11-28 13:30:22,773 - app.models.predictor - INFO - 공장 전체 모델 로드 완료: C:\Users\user\Desktop\bmt\solar_api\app\weights\model9\T_multimodal_solar_model_e500_b8_p100.keras
2025-11-28 13:30:22,774 - app.models.predictor - INFO - A공장 모델 로드 완료: C:\Users\user\Desktop\bmt\solar_api\app\weights\model9\A_multimodal_solar_model_e500_b8_p100.keras
2025-11-28 13:30:22,779 - app.models.predictor - INFO - C공장 모델 로드 완료: C:\Users\user\Desktop\bmt\solar_api\app\weights\model9\C_multimodal_solar_model_e500_b8_p100.keras
2025-11-28 13:30:22,779 - app.models.predictor - INFO - ✅ 모든 공장 모델 로드 완료 (A, B, C, Total)
2025-11-28 13:30:22,779 - app.models.predictor - WARNING - 메타데이터 파일이 없어 기본값으로 설정했습니다. (찾는 경로: C:\Users\user\Desktop\bmt\solar_api\app\weights\model9\T_multimodal_solar_model_e500_b8_p100_v6_metadata.json)
2025-11-28 13:30:22,780 - app.models.predictor - INFO - ✅ 예측 서비스 초기화 완료
2025-11-28 13:30:22,780 - app.core.postprocess - INFO - 후처리기 초기화 시작...
2025-11-28 13:30:22,780 - app.core.postprocess - INFO - A동 출력 스케일러 로드 완료: C:\Users\user\Desktop\bmt\solar_api\app\weights\model9\A_target_scaler_e500_b8_p100.pkl
2025-11-28 13:30:22,781 - app.core.postprocess - INFO - B동 출력 스케일러 로드 완료: C:\Users\user\Desktop\bmt\solar_api\app\weights\model9\B_target_scaler_e500_b8_p100.pkl
2025-11-28 13:30:22,781 - app.core.postprocess - INFO - C동 출력 스케일러 로드 완료: C:\Users\user\Desktop\bmt\solar_api\app\weights\model9\C_target_scaler_e500_b8_p100.pkl
2025-11-28 13:30:22,782 - app.core.postprocess - INFO - 공장 전체 출력 스케일러 로드 완료: C:\Users\user\Desktop\bmt\solar_api\app\weights\model9\T_target_scaler_e500_b8_p100.pkl
2025-11-28 13:30:22,782 - app.core.postprocess - INFO - ✅ 후처리기 초기화 완료
2025-11-28 13:30:22,782 - app.core.prediction_pipeline - INFO - 🔮 A동: 0개 시퀀스 배치 예측 중...
2025-11-28 13:30:22,782 - app.models.predictor - INFO - 🔮 AI 모델 예측 시작 (FactoryA)...
2025-11-28 13:30:22,826 - app.models.predictor - ERROR - 예측 수행 실패: math domain error
2025-11-28 13:30:22,827 - app.core.prediction_pipeline - ERROR - [Pipeline] 예측 파이프라인 오류: 예측 수행 실패: math domain error
Traceback (most recent call last):
  File "C:\Users\user\Desktop\bmt\solar_api\app\models\predictor.py", line 172, in predict
    predictions = await self._predict_async(x_solar_feature, x_weather_feature, model)
                  ^^^^^^^^^^^^^^^^^^^^^^^^^^^^^^^^^^^^^^^^^^^^^^^^^^^^^^^^^^^^^^^^^^^^
  File "C:\Users\user\Desktop\bmt\solar_api\app\models\predictor.py", line 198, in _predict_async
    return await loop.run_in_executor(None, _predict)
           ^^^^^^^^^^^^^^^^^^^^^^^^^^^^^^^^^^^^^^^^^^
  File "C:\Users\user\anaconda3\envs\bmt_solar\Lib\concurrent\futures\thread.py", line 58, in run
    result = self.fn(*self.args, **self.kwargs)
             ^^^^^^^^^^^^^^^^^^^^^^^^^^^^^^^^^^
  File "C:\Users\user\Desktop\bmt\solar_api\app\models\predictor.py", line 193, in _predict
    predictions = model.predict([X_solar, X_weather])
                  ^^^^^^^^^^^^^^^^^^^^^^^^^^^^^^^^^^^
  File "C:\Users\user\anaconda3\envs\bmt_solar\Lib\site-packages\keras\src\utils\traceback_utils.py", line 122, in error_handler
    raise e.with_traceback(filtered_tb) from None
  File "C:\Users\user\anaconda3\envs\bmt_solar\Lib\site-packages\keras\src\utils\progbar.py", line 122, in update
    numdigits = int(math.log10(self.target)) + 1
                    ^^^^^^^^^^^^^^^^^^^^^^^
ValueError: math domain error

During handling of the above exception, another exception occurred:

Traceback (most recent call last):
  File "C:\Users\user\Desktop\bmt\solar_api\app\core\prediction_pipeline.py", line 53, in run_solar_prediction_pipeline
    result = asyncio.run(_run_async_prediction(target_date_str, today, kst))
             ^^^^^^^^^^^^^^^^^^^^^^^^^^^^^^^^^^^^^^^^^^^^^^^^^^^^^^^^^^^^^^^
  File "C:\Users\user\anaconda3\envs\bmt_solar\Lib\asyncio\runners.py", line 194, in run
    return runner.run(main)
           ^^^^^^^^^^^^^^^^
  File "C:\Users\user\anaconda3\envs\bmt_solar\Lib\asyncio\runners.py", line 118, in run
    return self._loop.run_until_complete(task)
           ^^^^^^^^^^^^^^^^^^^^^^^^^^^^^^^^^^^
  File "C:\Users\user\anaconda3\envs\bmt_solar\Lib\asyncio\base_events.py", line 687, in run_until_complete
    return future.result()
           ^^^^^^^^^^^^^^^
  File "C:\Users\user\Desktop\bmt\solar_api\app\core\prediction_pipeline.py", line 197, in _run_async_prediction
    pred_result = await predictor.predict(X_solar_batch, X_weather_batch, factory_name=factory_name)
                  ^^^^^^^^^^^^^^^^^^^^^^^^^^^^^^^^^^^^^^^^^^^^^^^^^^^^^^^^^^^^^^^^^^^^^^^^^^^^^^^^^^
  File "C:\Users\user\Desktop\bmt\solar_api\app\models\predictor.py", line 187, in predict
    raise PredictionError(f"예측 수행 실패: {str(e)}")
app.core.exceptions.PredictionError: 예측 수행 실패: math domain error
2025-11-28 13:30:22,830 - __main__ - ERROR - ❌ 예상치 못한 오류 발생: 예측 수행 실패: math domain error
Traceback (most recent call last):
  File "C:\Users\user\Desktop\bmt\solar_api\app\models\predictor.py", line 172, in predict
    predictions = await self._predict_async(x_solar_feature, x_weather_feature, model)
                  ^^^^^^^^^^^^^^^^^^^^^^^^^^^^^^^^^^^^^^^^^^^^^^^^^^^^^^^^^^^^^^^^^^^^
  File "C:\Users\user\Desktop\bmt\solar_api\app\models\predictor.py", line 198, in _predict_async
    return await loop.run_in_executor(None, _predict)
           ^^^^^^^^^^^^^^^^^^^^^^^^^^^^^^^^^^^^^^^^^^
  File "C:\Users\user\anaconda3\envs\bmt_solar\Lib\concurrent\futures\thread.py", line 58, in run
    result = self.fn(*self.args, **self.kwargs)
             ^^^^^^^^^^^^^^^^^^^^^^^^^^^^^^^^^^
  File "C:\Users\user\Desktop\bmt\solar_api\app\models\predictor.py", line 193, in _predict
    predictions = model.predict([X_solar, X_weather])
                  ^^^^^^^^^^^^^^^^^^^^^^^^^^^^^^^^^^^
  File "C:\Users\user\anaconda3\envs\bmt_solar\Lib\site-packages\keras\src\utils\traceback_utils.py", line 122, in error_handler
    raise e.with_traceback(filtered_tb) from None
  File "C:\Users\user\anaconda3\envs\bmt_solar\Lib\site-packages\keras\src\utils\progbar.py", line 122, in update
    numdigits = int(math.log10(self.target)) + 1
                    ^^^^^^^^^^^^^^^^^^^^^^^
ValueError: math domain error

During handling of the above exception, another exception occurred:

Traceback (most recent call last):
  File "C:\Users\user\Desktop\bmt\solar_api\schedule_solar_AI.py", line 81, in run_prediction
    result = run_solar_prediction_pipeline(target_date_str=target_date)
             ^^^^^^^^^^^^^^^^^^^^^^^^^^^^^^^^^^^^^^^^^^^^^^^^^^^^^^^^^^
  File "C:\Users\user\Desktop\bmt\solar_api\app\core\prediction_pipeline.py", line 53, in run_solar_prediction_pipeline
    result = asyncio.run(_run_async_prediction(target_date_str, today, kst))
             ^^^^^^^^^^^^^^^^^^^^^^^^^^^^^^^^^^^^^^^^^^^^^^^^^^^^^^^^^^^^^^^
  File "C:\Users\user\anaconda3\envs\bmt_solar\Lib\asyncio\runners.py", line 194, in run
    return runner.run(main)
           ^^^^^^^^^^^^^^^^
  File "C:\Users\user\anaconda3\envs\bmt_solar\Lib\asyncio\runners.py", line 118, in run
    return self._loop.run_until_complete(task)
           ^^^^^^^^^^^^^^^^^^^^^^^^^^^^^^^^^^^
  File "C:\Users\user\anaconda3\envs\bmt_solar\Lib\asyncio\base_events.py", line 687, in run_until_complete
    return future.result()
           ^^^^^^^^^^^^^^^
  File "C:\Users\user\Desktop\bmt\solar_api\app\core\prediction_pipeline.py", line 197, in _run_async_prediction
    pred_result = await predictor.predict(X_solar_batch, X_weather_batch, factory_name=factory_name)
                  ^^^^^^^^^^^^^^^^^^^^^^^^^^^^^^^^^^^^^^^^^^^^^^^^^^^^^^^^^^^^^^^^^^^^^^^^^^^^^^^^^^
  File "C:\Users\user\Desktop\bmt\solar_api\app\models\predictor.py", line 187, in predict
    raise PredictionError(f"예측 수행 실패: {str(e)}")
app.core.exceptions.PredictionError: 예측 수행 실패: math domain error
2025-11-28 13:30:22,831 - __main__ - INFO - ================================================================================
2025-11-28 13:30:22,831 - __main__ - ERROR - ================================================================================
2025-11-28 13:30:22,831 - __main__ - ERROR - Solar Prediction Scheduler Failed
2025-11-28 13:30:22,832 - __main__ - ERROR - ================================================================================
2025-11-28 13:31:24,291 - __main__ - INFO - ================================================================================
2025-11-28 13:31:24,291 - __main__ - INFO - Solar Prediction Scheduler Started
2025-11-28 13:31:24,291 - __main__ - INFO - Execution Time: 2025-11-28 13:31:24
2025-11-28 13:31:24,291 - __main__ - INFO - ================================================================================
2025-11-28 13:31:24,300 - __main__ - INFO - 📅 입력 날짜: 2025-11-08
2025-11-28 13:31:24,300 - __main__ - INFO - ================================================================================
2025-11-28 13:31:24,300 - __main__ - INFO - 🌞 태양광 예측 자동 실행 시작 (동기식)
2025-11-28 13:31:24,301 - __main__ - INFO - 📅 실행 시간: 2025-11-28 13:31:24
2025-11-28 13:31:24,301 - __main__ - INFO - 📅 날짜 소스: 입력된 날짜
2025-11-28 13:31:24,301 - __main__ - INFO - 📅 지정 날짜: 2025-11-08
2025-11-28 13:31:24,301 - __main__ - INFO - ================================================================================
2025-11-28 13:31:24,665 - __main__ - INFO - 🔮 예측 로직 실행 중...
2025-11-28 13:31:24,689 - app.core.prediction_pipeline - INFO - 📅 입력 날짜 사용: 2025-11-08
2025-11-28 13:31:24,689 - app.core.prediction_pipeline - INFO - 🌞 앙상블 태양광 발전량 예측 시작: 2025-11-08
2025-11-28 13:31:24,845 - app.core.config - WARNING - config7.json not found at C:\Users\user\Desktop\bmt\solar_api\app\core\weights\config7.json. Using default values.
2025-11-28 13:31:24,847 - app.core.config - WARNING - config7.json not found at C:\Users\user\Desktop\bmt\solar_api\app\core\weights\config7.json. Using default values.
2025-11-28 13:31:27,952 - app.core.prediction_pipeline - INFO - 📅 날짜 객체 생성 완료: 2025-11-08 00:00:00
2025-11-28 13:31:27,953 - app.core.prediction_pipeline - INFO - 🎯 목표 시간대(미래 24h): 2025-11-08 23:00:00 ~ 2025-11-09 22:00:00
2025-11-28 13:31:27,953 - app.core.prediction_pipeline - INFO - 🔎 조회 범위 계산 | Solar: 2025-11-01 00:00:00 ~ 2025-11-08 22:00:00 , Weather: 2025-11-08 00:00:00 ~ 2025-11-09 22:00:00
2025-11-28 13:31:27,953 - app.core.database - INFO - 🔍 Solar SQL 조회 범위: 2025-11-01 00:00:00 ~ 2025-11-08 22:00:00
2025-11-28 13:31:27,953 - app.core.database - INFO - 🔍 Weather SQL 조회 범위: 2025-11-08 00:00:00 ~ 2025-11-09 22:00:00
2025-11-28 13:31:28,520 - app.core.database - INFO - 📊 앙상블용 태양광 데이터 조회: 3438건
2025-11-28 13:31:28,521 - app.core.database - INFO -    시간 범위: 2025-11-01 00:00:00 ~ 2025-11-08 22:00:00
2025-11-28 13:31:28,521 - app.core.database - INFO -    🔍 Solar 데이터 NaN 체크: 0개
2025-11-28 13:31:28,525 - app.core.database - INFO -    ✅ Solar 시간 연속성 OK: 191시간 연속
2025-11-28 13:31:28,528 - app.core.database - INFO - 🔍 예상 Weather 조회 범위: 2025-11-08 00:00:00 ~ 2025-11-09 22:00:00 (총 47개 시간대)
2025-11-28 13:31:28,776 - app.core.database - INFO - 📊 앙상블용 기상 데이터 조회: 47건
2025-11-28 13:31:28,777 - app.core.database - INFO -    🔍 Weather 데이터 NaN 체크: 86개
2025-11-28 13:31:28,777 - app.core.database - INFO -    시간 범위: 2025-11-08 00:00:00 ~ 2025-11-09 22:00:00
2025-11-28 13:31:28,778 - app.core.database - INFO -    📊 조회된 데이터 개수: 47개 (기대: 47개)
2025-11-28 13:31:28,778 - app.core.database - INFO -    📊 조회된 시간대 샘플 (처음 3개):
2025-11-28 13:31:28,778 - app.core.database - INFO -       [0] 2025-11-08 00:00:00
2025-11-28 13:31:28,778 - app.core.database - INFO -       [1] 2025-11-08 01:00:00
2025-11-28 13:31:28,778 - app.core.database - INFO -       [2] 2025-11-08 02:00:00
2025-11-28 13:31:28,779 - app.core.database - INFO -    ✅ Weather 시간 연속성 OK: 47시간 (기대: 47시간)
2025-11-28 13:31:28,779 - app.core.prediction_pipeline - INFO - ✅ 데이터 조회 완료 - 태양광: 3438건, 기상: 47건
2025-11-28 13:31:28,779 - app.core.preprocess - INFO - 🔍 공장 A 스케일러 경로: C:\Users\user\Desktop\bmt\solar_api\app\weights\model9\A_solar_scaler_e500_b8_p100.pkl
2025-11-28 13:31:28,792 - app.core.preprocess - INFO - ✅ 공장 A 태양광 스케일러 로드 완료
2025-11-28 13:31:28,792 - app.core.preprocess - INFO - 🔍 공장 B 스케일러 경로: C:\Users\user\Desktop\bmt\solar_api\app\weights\model9\B_solar_scaler_e500_b8_p100.pkl
2025-11-28 13:31:28,792 - app.core.preprocess - INFO - ✅ 공장 B 태양광 스케일러 로드 완료
2025-11-28 13:31:28,792 - app.core.preprocess - INFO - 🔍 공장 C 스케일러 경로: C:\Users\user\Desktop\bmt\solar_api\app\weights\model9\C_solar_scaler_e500_b8_p100.pkl
2025-11-28 13:31:28,793 - app.core.preprocess - INFO - ✅ 공장 C 태양광 스케일러 로드 완료
2025-11-28 13:31:28,793 - app.core.preprocess - INFO - 🔍 공장 Total 스케일러 경로: C:\Users\user\Desktop\bmt\solar_api\app\weights\model9\T_solar_scaler_e500_b8_p100.pkl
2025-11-28 13:31:28,794 - app.core.preprocess - INFO - ✅ 공장 Total 태양광 스케일러 로드 완료
2025-11-28 13:31:28,794 - app.core.preprocess - INFO - 🔍 기상 스케일러 경로: C:\Users\user\Desktop\bmt\solar_api\app\weights\model9\T_weather_scaler_e500_b8_p100.pkl
2025-11-28 13:31:28,794 - app.core.preprocess - INFO - ✅ 기상 스케일러 로드 완료
2025-11-28 13:31:28,795 - app.core.preprocess - INFO - 📊 Scaler에서 추출한 Solar features: ['generate_gap', 'PV_Amp']
2025-11-28 13:31:28,795 - app.core.preprocess - INFO - 📊 Scaler에서 추출한 Weather features: ['summer_peak', 'hour_cos', 'peak_hours', '1시간기온', '강수확률', '습도', '풍속', '하늘상태', 'apparent_elevation', 'is_daylight', 'morning_hours', 'evening_hours']
2025-11-28 13:31:28,802 - app.core.preprocess - INFO - 숫자형 컬럼 데이터 타입 변환 완료: ['generate_gap', 'PV_Amp']
2025-11-28 13:31:28,807 - app.core.preprocess - INFO - 🏭 ID별 공장 분류 결과:
2025-11-28 13:31:28,808 - app.core.preprocess - INFO -   A공장 (ID 1-12): 2292건, 고유 ID: [np.int64(1), np.int64(2), np.int64(3), np.int64(4), np.int64(5), np.int64(6), np.int64(7), np.int64(8), np.int64(9), np.int64(10), np.int64(11), np.int64(12)]
2025-11-28 13:31:28,808 - app.core.preprocess - INFO -   B공장 (ID 13-15): 573건, 고유 ID: [np.int64(13), np.int64(14), np.int64(15)]
2025-11-28 13:31:28,808 - app.core.preprocess - INFO -   C공장 (ID 16-18): 573건, 고유 ID: [np.int64(16), np.int64(17), np.int64(18)]
2025-11-28 13:31:28,808 - app.core.preprocess - INFO -   공장 전체 : 3438건, 고유 ID: [np.int64(1), np.int64(2), np.int64(3), np.int64(4), np.int64(5), np.int64(6), np.int64(7), np.int64(8), np.int64(9), np.int64(10), np.int64(11), np.int64(12), np.int64(13), np.int64(14), np.int64(15), np.int64(16), np.int64(17), np.int64(18)]
2025-11-28 13:31:28,810 - app.core.preprocess - INFO - 📊 집계 전 데이터: 2292건, 시간 범위: 2025-11-01 00:00:00 ~ 2025-11-08 22:00:00
2025-11-28 13:31:28,810 - app.core.preprocess - INFO - 📊 실제 집계할 컬럼: ['PV_Volt', 'PV_Amp', 'Volt_R', 'Volt_S', 'Volt_T', 'Ampe_R', 'Ampe_S', 'Ampe_T', 'Frequency', 'Today_Generation', 'generate_gap', 'Accum_Generation']
2025-11-28 13:31:28,813 - app.core.preprocess - INFO - 📊 집계 후 데이터: 191건
2025-11-28 13:31:28,814 - app.core.preprocess - INFO - 📊 집계 전 데이터: 573건, 시간 범위: 2025-11-01 00:00:00 ~ 2025-11-08 22:00:00
2025-11-28 13:31:28,814 - app.core.preprocess - INFO - 📊 실제 집계할 컬럼: ['PV_Volt', 'PV_Amp', 'Volt_R', 'Volt_S', 'Volt_T', 'Ampe_R', 'Ampe_S', 'Ampe_T', 'Frequency', 'Today_Generation', 'generate_gap', 'Accum_Generation']
2025-11-28 13:31:28,816 - app.core.preprocess - INFO - 📊 집계 후 데이터: 191건
2025-11-28 13:31:28,817 - app.core.preprocess - INFO - 📊 집계 전 데이터: 573건, 시간 범위: 2025-11-01 00:00:00 ~ 2025-11-08 22:00:00
2025-11-28 13:31:28,817 - app.core.preprocess - INFO - 📊 실제 집계할 컬럼: ['PV_Volt', 'PV_Amp', 'Volt_R', 'Volt_S', 'Volt_T', 'Ampe_R', 'Ampe_S', 'Ampe_T', 'Frequency', 'Today_Generation', 'generate_gap', 'Accum_Generation']
2025-11-28 13:31:28,819 - app.core.preprocess - INFO - 📊 집계 후 데이터: 191건
2025-11-28 13:31:28,819 - app.core.preprocess - INFO - 🏭 Factory_Total 데이터 처리 시작...
2025-11-28 13:31:28,820 - app.core.preprocess - INFO -    📊 Factory_Total 원본 데이터: 3438건
2025-11-28 13:31:28,820 - app.core.preprocess - INFO -    📈 Factory_Total ID 범위: 1 ~ 18
2025-11-28 13:31:28,820 - app.core.preprocess - INFO -    ⏰ Factory_Total 시간 범위: 2025-11-01 00:00:00 ~ 2025-11-08 22:00:00
2025-11-28 13:31:28,820 - app.core.preprocess - INFO -    ✅ generate_gap: min=0.0000, max=60.0000, mean=9.3921, count=3438
2025-11-28 13:31:28,822 - app.core.preprocess - INFO -    ✅ PV_Amp: min=0.0000, max=106.1670, mean=17.3194, count=3438
2025-11-28 13:31:28,824 - app.core.preprocess - INFO - 📊 집계 전 데이터: 3438건, 시간 범위: 2025-11-01 00:00:00 ~ 2025-11-08 22:00:00
2025-11-28 13:31:28,825 - app.core.preprocess - INFO - 📊 실제 집계할 컬럼: ['PV_Volt', 'PV_Amp', 'Volt_R', 'Volt_S', 'Volt_T', 'Ampe_R', 'Ampe_S', 'Ampe_T', 'Frequency', 'Today_Generation', 'generate_gap', 'Accum_Generation']
2025-11-28 13:31:28,827 - app.core.preprocess - INFO - 📊 집계 후 데이터: 191건
2025-11-28 13:31:28,827 - app.core.preprocess - INFO - 공장별 집계 완료
2025-11-28 13:31:28,829 - app.core.preprocess - INFO - 태양광 데이터 품질 체크 완료 - 총 3438건, 결측치 비율: 0.00%
2025-11-28 13:31:28,829 - app.core.preprocess - INFO - A 공장 전처리 완료: 191건
2025-11-28 13:31:28,829 - app.core.preprocess - INFO - B 공장 전처리 완료: 191건
2025-11-28 13:31:28,830 - app.core.preprocess - INFO - C 공장 전처리 완료: 191건
2025-11-28 13:31:28,830 - app.core.preprocess - INFO - 전체체 공장 전처리 완료: 191건
2025-11-28 13:31:28,833 - app.core.preprocess - INFO - 기상 데이터 숫자형 컬럼 타입 변환 완료: ['pop', 'sky', 'apparent_elevation', 'wsd', 'tmp', 'reh']
2025-11-28 13:31:28,835 - app.core.preprocess - INFO - 컬럼명 매핑 완료: ['tmp', 'pop', 'reh', 'wsd', 'sky', 'pty', 'pcp', 'sno', 'tmn', 'tmx', 'uuu', 'vvv', 'wav', 'vec'] → ['1시간기온', '강수확률', '습도', '풍속', '하늘상태', '강수형태', '1시간강수량', '1시간신적설', '일최저기온', '일최고기온', '동서바람성분', '남북바람성분', '파고', '풍향']
2025-11-28 13:31:28,840 - app.core.preprocess - INFO - 📊 전처리된 기상 데이터 샘플 (처음 5개):
2025-11-28 13:31:28,840 - app.core.preprocess - INFO - 기상 데이터 전처리 완료: 47건
2025-11-28 13:31:28,840 - app.core.preprocess - INFO - 기상 데이터 전처리 완료: (47, 49)
2025-11-28 13:31:28,841 - app.core.preprocess - INFO - 전처리 후 컬럼: ['tm', 'pop', 'pty', 'pcp', 'reh', 'sno', 'sky', 'tmp', 'tmn', 'tmx', 'uuu', 'vvv', 'wav', 'vec', 'wsd', 'ics', 'apparent_zenith', 'apparent_elevation', 'azimuth', 'reg_dt', '1시간기온', '강수확률', '습도', '풍속', '하늘상태', '강수형태', '1시간강수량', '1시간신적설', '일최저기온', '일최고기온', '동서바람성분', '남북바람성분', '파고', '풍향', 'hour', 'day_of_week', 'month', 'is_weekend', 'hour_sin', 'hour_cos', 'day_sin', 'day_cos', 'month_sin', 'month_cos', 'is_daylight', 'peak_hours', 'morning_hours', 'evening_hours', 'summer_peak']
2025-11-28 13:31:28,841 - app.core.prediction_pipeline - INFO - 🏭 FactoryA 시퀀스 생성 중...
2025-11-28 13:31:28,841 - app.core.preprocess - INFO - 🔍 개별 시퀀스 생성 시작
2025-11-28 13:31:28,842 - app.core.preprocess - INFO -    Solar 데이터: 191건, features: ['generate_gap', 'PV_Amp']
2025-11-28 13:31:28,843 - app.core.preprocess - INFO -    Solar 범위: 2025-11-01 00:00:00 ~ 2025-11-08 22:00:00
2025-11-28 13:31:28,843 - app.core.preprocess - INFO -    📊 generate_gap: min=0.0000, max=609.0000, mean=111.3717
2025-11-28 13:31:28,843 - app.core.preprocess - INFO -    📊 PV_Amp: min=0.0000, max=98.6042, mean=17.5245
2025-11-28 13:31:28,843 - app.core.preprocess - INFO -    Scaler에서 추출한 Weather features 사용: ['summer_peak', 'hour_cos', 'peak_hours', '1시간기온', '강수확률', '습도', '풍속', '하늘상태', 'apparent_elevation', 'is_daylight', 'morning_hours', 'evening_hours']
2025-11-28 13:31:28,843 - app.core.preprocess - INFO -    Weather DataFrame columns: ['summer_peak', 'hour_cos', 'peak_hours', '1시간기온', '강수확률', '습도', '풍속', '하늘상태', 'apparent_elevation', 'is_daylight', 'morning_hours', 'evening_hours']
2025-11-28 13:31:28,844 - app.core.preprocess - INFO -    Scaler feature names: ['summer_peak', 'hour_cos', 'peak_hours', '1시간기온', '강수확률', '습도', '풍속', '하늘상태', 'apparent_elevation', 'is_daylight', 'morning_hours', 'evening_hours']
2025-11-28 13:31:28,844 - app.core.preprocess - INFO -    Scaler 순서에 맞춰 정렬된 X_weather columns: ['summer_peak', 'hour_cos', 'peak_hours', '1시간기온', '강수확률', '습도', '풍속', '하늘상태', 'apparent_elevation', 'is_daylight', 'morning_hours', 'evening_hours']
2025-11-28 13:31:28,845 - app.core.preprocess - INFO -    Weather 데이터: 47건, features: ['summer_peak', 'hour_cos', 'peak_hours', '1시간기온', '강수확률', '습도', '풍속', '하늘상태', 'apparent_elevation', 'is_daylight', 'morning_hours', 'evening_hours']
2025-11-28 13:31:28,845 - app.core.preprocess - INFO -    Weather 범위: 2025-11-08 00:00:00 ~ 2025-11-09 22:00:00
2025-11-28 13:31:28,845 - app.core.preprocess - INFO -    Solar 최대 시퀀스: 24개
2025-11-28 13:31:28,845 - app.core.preprocess - INFO -    Weather 최대 시퀀스: 24개
2025-11-28 13:31:28,845 - app.core.preprocess - INFO -    생성 가능 시퀀스: 24개
2025-11-28 13:31:28,845 - app.core.preprocess - INFO -    ✅ 시퀀스 생성 완료: 24개
2025-11-28 13:31:28,845 - app.core.preprocess - INFO -    X_solar shape: (24, 168, 2)
2025-11-28 13:31:28,846 - app.core.preprocess - INFO -    X_weather shape: (24, 24, 12)
2025-11-28 13:31:28,846 - app.core.prediction_pipeline - INFO -    ✅ 24개 시퀀스 생성
2025-11-28 13:31:28,846 - app.core.prediction_pipeline - INFO - 🏭 FactoryB 시퀀스 생성 중...
2025-11-28 13:31:28,847 - app.core.preprocess - INFO - 🔍 개별 시퀀스 생성 시작
2025-11-28 13:31:28,847 - app.core.preprocess - INFO -    Solar 데이터: 191건, features: ['generate_gap', 'PV_Amp']
2025-11-28 13:31:28,847 - app.core.preprocess - INFO -    Solar 범위: 2025-11-01 00:00:00 ~ 2025-11-08 22:00:00
2025-11-28 13:31:28,848 - app.core.preprocess - INFO -    📊 generate_gap: min=0.0000, max=160.0000, mean=29.4921
2025-11-28 13:31:28,848 - app.core.preprocess - INFO -    📊 PV_Amp: min=0.0000, max=96.2223, mean=17.0022
2025-11-28 13:31:28,848 - app.core.preprocess - INFO -    Scaler에서 추출한 Weather features 사용: ['summer_peak', 'hour_cos', 'peak_hours', '1시간기온', '강수확률', '습도', '풍속', '하늘상태', 'apparent_elevation', 'is_daylight', 'morning_hours', 'evening_hours']
2025-11-28 13:31:28,848 - app.core.preprocess - INFO -    Weather DataFrame columns: ['summer_peak', 'hour_cos', 'peak_hours', '1시간기온', '강수확률', '습도', '풍속', '하늘상태', 'apparent_elevation', 'is_daylight', 'morning_hours', 'evening_hours']
2025-11-28 13:31:28,848 - app.core.preprocess - INFO -    Scaler feature names: ['summer_peak', 'hour_cos', 'peak_hours', '1시간기온', '강수확률', '습도', '풍속', '하늘상태', 'apparent_elevation', 'is_daylight', 'morning_hours', 'evening_hours']
2025-11-28 13:31:28,850 - app.core.preprocess - INFO -    Scaler 순서에 맞춰 정렬된 X_weather columns: ['summer_peak', 'hour_cos', 'peak_hours', '1시간기온', '강수확률', '습도', '풍속', '하늘상태', 'apparent_elevation', 'is_daylight', 'morning_hours', 'evening_hours']
2025-11-28 13:31:28,850 - app.core.preprocess - INFO -    Weather 데이터: 47건, features: ['summer_peak', 'hour_cos', 'peak_hours', '1시간기온', '강수확률', '습도', '풍속', '하늘상태', 'apparent_elevation', 'is_daylight', 'morning_hours', 'evening_hours']
2025-11-28 13:31:28,851 - app.core.preprocess - INFO -    Weather 범위: 2025-11-08 00:00:00 ~ 2025-11-09 22:00:00
2025-11-28 13:31:28,851 - app.core.preprocess - INFO -    Solar 최대 시퀀스: 24개
2025-11-28 13:31:28,851 - app.core.preprocess - INFO -    Weather 최대 시퀀스: 24개
2025-11-28 13:31:28,851 - app.core.preprocess - INFO -    생성 가능 시퀀스: 24개
2025-11-28 13:31:28,851 - app.core.preprocess - INFO -    ✅ 시퀀스 생성 완료: 24개
2025-11-28 13:31:28,851 - app.core.preprocess - INFO -    X_solar shape: (24, 168, 2)
2025-11-28 13:31:28,851 - app.core.preprocess - INFO -    X_weather shape: (24, 24, 12)
2025-11-28 13:31:28,851 - app.core.prediction_pipeline - INFO -    ✅ 24개 시퀀스 생성
2025-11-28 13:31:28,851 - app.core.prediction_pipeline - INFO - 🏭 FactoryC 시퀀스 생성 중...
2025-11-28 13:31:28,852 - app.core.preprocess - INFO - 🔍 개별 시퀀스 생성 시작
2025-11-28 13:31:28,853 - app.core.preprocess - INFO -    Solar 데이터: 191건, features: ['generate_gap', 'PV_Amp']
2025-11-28 13:31:28,853 - app.core.preprocess - INFO -    Solar 범위: 2025-11-01 00:00:00 ~ 2025-11-08 22:00:00
2025-11-28 13:31:28,853 - app.core.preprocess - INFO -    📊 generate_gap: min=0.0000, max=152.0000, mean=28.1937
2025-11-28 13:31:28,854 - app.core.preprocess - INFO -    📊 PV_Amp: min=0.0000, max=90.7780, mean=16.8163
2025-11-28 13:31:28,854 - app.core.preprocess - INFO -    Scaler에서 추출한 Weather features 사용: ['summer_peak', 'hour_cos', 'peak_hours', '1시간기온', '강수확률', '습도', '풍속', '하늘상태', 'apparent_elevation', 'is_daylight', 'morning_hours', 'evening_hours']
2025-11-28 13:31:28,854 - app.core.preprocess - INFO -    Weather DataFrame columns: ['summer_peak', 'hour_cos', 'peak_hours', '1시간기온', '강수확률', '습도', '풍속', '하늘상태', 'apparent_elevation', 'is_daylight', 'morning_hours', 'evening_hours']
2025-11-28 13:31:28,854 - app.core.preprocess - INFO -    Scaler feature names: ['summer_peak', 'hour_cos', 'peak_hours', '1시간기온', '강수확률', '습도', '풍속', '하늘상태', 'apparent_elevation', 'is_daylight', 'morning_hours', 'evening_hours']
2025-11-28 13:31:28,854 - app.core.preprocess - INFO -    Scaler 순서에 맞춰 정렬된 X_weather columns: ['summer_peak', 'hour_cos', 'peak_hours', '1시간기온', '강수확률', '습도', '풍속', '하늘상태', 'apparent_elevation', 'is_daylight', 'morning_hours', 'evening_hours']
2025-11-28 13:31:28,855 - app.core.preprocess - INFO -    Weather 데이터: 47건, features: ['summer_peak', 'hour_cos', 'peak_hours', '1시간기온', '강수확률', '습도', '풍속', '하늘상태', 'apparent_elevation', 'is_daylight', 'morning_hours', 'evening_hours']
2025-11-28 13:31:28,855 - app.core.preprocess - INFO -    Weather 범위: 2025-11-08 00:00:00 ~ 2025-11-09 22:00:00
2025-11-28 13:31:28,855 - app.core.preprocess - INFO -    Solar 최대 시퀀스: 24개
2025-11-28 13:31:28,856 - app.core.preprocess - INFO -    Weather 최대 시퀀스: 24개
2025-11-28 13:31:28,856 - app.core.preprocess - INFO -    생성 가능 시퀀스: 24개
2025-11-28 13:31:28,856 - app.core.preprocess - INFO -    ✅ 시퀀스 생성 완료: 24개
2025-11-28 13:31:28,856 - app.core.preprocess - INFO -    X_solar shape: (24, 168, 2)
2025-11-28 13:31:28,856 - app.core.preprocess - INFO -    X_weather shape: (24, 24, 12)
2025-11-28 13:31:28,856 - app.core.prediction_pipeline - INFO -    ✅ 24개 시퀀스 생성
2025-11-28 13:31:28,856 - app.core.prediction_pipeline - INFO - 🏭 Factory_Total 시퀀스 생성 중...
2025-11-28 13:31:28,857 - app.core.preprocess - INFO - 🔍 개별 시퀀스 생성 시작
2025-11-28 13:31:28,858 - app.core.preprocess - INFO -    Solar 데이터: 191건, features: ['generate_gap', 'PV_Amp']
2025-11-28 13:31:28,858 - app.core.preprocess - INFO -    Solar 범위: 2025-11-01 00:00:00 ~ 2025-11-08 22:00:00
2025-11-28 13:31:28,858 - app.core.preprocess - INFO -    📊 generate_gap: min=0.0000, max=921.0000, mean=169.0576
2025-11-28 13:31:28,859 - app.core.preprocess - INFO -    📊 PV_Amp: min=0.0000, max=96.9028, mean=17.3194
2025-11-28 13:31:28,859 - app.core.preprocess - INFO -    Scaler에서 추출한 Weather features 사용: ['summer_peak', 'hour_cos', 'peak_hours', '1시간기온', '강수확률', '습도', '풍속', '하늘상태', 'apparent_elevation', 'is_daylight', 'morning_hours', 'evening_hours']
2025-11-28 13:31:28,859 - app.core.preprocess - INFO -    Weather DataFrame columns: ['summer_peak', 'hour_cos', 'peak_hours', '1시간기온', '강수확률', '습도', '풍속', '하늘상태', 'apparent_elevation', 'is_daylight', 'morning_hours', 'evening_hours']
2025-11-28 13:31:28,859 - app.core.preprocess - INFO -    Scaler feature names: ['summer_peak', 'hour_cos', 'peak_hours', '1시간기온', '강수확률', '습도', '풍속', '하늘상태', 'apparent_elevation', 'is_daylight', 'morning_hours', 'evening_hours']
2025-11-28 13:31:28,860 - app.core.preprocess - INFO -    Scaler 순서에 맞춰 정렬된 X_weather columns: ['summer_peak', 'hour_cos', 'peak_hours', '1시간기온', '강수확률', '습도', '풍속', '하늘상태', 'apparent_elevation', 'is_daylight', 'morning_hours', 'evening_hours']
2025-11-28 13:31:28,860 - app.core.preprocess - INFO -    Weather 데이터: 47건, features: ['summer_peak', 'hour_cos', 'peak_hours', '1시간기온', '강수확률', '습도', '풍속', '하늘상태', 'apparent_elevation', 'is_daylight', 'morning_hours', 'evening_hours']
2025-11-28 13:31:28,861 - app.core.preprocess - INFO -    Weather 범위: 2025-11-08 00:00:00 ~ 2025-11-09 22:00:00
2025-11-28 13:31:28,861 - app.core.preprocess - INFO -    Solar 최대 시퀀스: 24개
2025-11-28 13:31:28,861 - app.core.preprocess - INFO -    Weather 최대 시퀀스: 24개
2025-11-28 13:31:28,861 - app.core.preprocess - INFO -    생성 가능 시퀀스: 24개
2025-11-28 13:31:28,861 - app.core.preprocess - INFO -    ✅ 시퀀스 생성 완료: 24개
2025-11-28 13:31:28,861 - app.core.preprocess - INFO -    X_solar shape: (24, 168, 2)
2025-11-28 13:31:28,861 - app.core.preprocess - INFO -    X_weather shape: (24, 24, 12)
2025-11-28 13:31:28,861 - app.core.prediction_pipeline - INFO -    ✅ 24개 시퀀스 생성
2025-11-28 13:31:28,862 - app.models.predictor - INFO - 예측 서비스 초기화 시작...
2025-11-28 13:31:29,473 - app.models.predictor - INFO - B공장 모델 로드 완료: C:\Users\user\Desktop\bmt\solar_api\app\weights\model9\B_multimodal_solar_model_e500_b8_p100.keras
2025-11-28 13:31:29,479 - app.models.predictor - INFO - 공장 전체 모델 로드 완료: C:\Users\user\Desktop\bmt\solar_api\app\weights\model9\T_multimodal_solar_model_e500_b8_p100.keras
2025-11-28 13:31:29,483 - app.models.predictor - INFO - C공장 모델 로드 완료: C:\Users\user\Desktop\bmt\solar_api\app\weights\model9\C_multimodal_solar_model_e500_b8_p100.keras
2025-11-28 13:31:29,484 - app.models.predictor - INFO - A공장 모델 로드 완료: C:\Users\user\Desktop\bmt\solar_api\app\weights\model9\A_multimodal_solar_model_e500_b8_p100.keras
2025-11-28 13:31:29,484 - app.models.predictor - INFO - ✅ 모든 공장 모델 로드 완료 (A, B, C, Total)
2025-11-28 13:31:29,485 - app.models.predictor - WARNING - 메타데이터 파일이 없어 기본값으로 설정했습니다. (찾는 경로: C:\Users\user\Desktop\bmt\solar_api\app\weights\model9\T_multimodal_solar_model_e500_b8_p100_v6_metadata.json)
2025-11-28 13:31:29,485 - app.models.predictor - INFO - ✅ 예측 서비스 초기화 완료
2025-11-28 13:31:29,485 - app.core.postprocess - INFO - 후처리기 초기화 시작...
2025-11-28 13:31:29,486 - app.core.postprocess - INFO - A동 출력 스케일러 로드 완료: C:\Users\user\Desktop\bmt\solar_api\app\weights\model9\A_target_scaler_e500_b8_p100.pkl
2025-11-28 13:31:29,486 - app.core.postprocess - INFO - B동 출력 스케일러 로드 완료: C:\Users\user\Desktop\bmt\solar_api\app\weights\model9\B_target_scaler_e500_b8_p100.pkl
2025-11-28 13:31:29,486 - app.core.postprocess - INFO - C동 출력 스케일러 로드 완료: C:\Users\user\Desktop\bmt\solar_api\app\weights\model9\C_target_scaler_e500_b8_p100.pkl
2025-11-28 13:31:29,487 - app.core.postprocess - INFO - 공장 전체 출력 스케일러 로드 완료: C:\Users\user\Desktop\bmt\solar_api\app\weights\model9\T_target_scaler_e500_b8_p100.pkl
2025-11-28 13:31:29,487 - app.core.postprocess - INFO - ✅ 후처리기 초기화 완료
2025-11-28 13:31:29,487 - app.core.prediction_pipeline - INFO - 🔮 A동: 24개 시퀀스 배치 예측 중...
2025-11-28 13:31:29,487 - app.models.predictor - INFO - 🔮 AI 모델 예측 시작 (FactoryA)...
2025-11-28 13:31:30,207 - app.models.predictor - INFO - ✅ 예측 완료: (24, 24, 1), 처리시간: 0.72초
2025-11-28 13:31:30,207 - app.core.prediction_pipeline - INFO -    예측 완료: (24, 24, 1)
2025-11-28 13:31:30,207 - app.core.prediction_pipeline - INFO -    ✅ A동 예측 데이터 준비 완료: 24개 시퀀스
2025-11-28 13:31:30,207 - app.core.prediction_pipeline - INFO - 🔮 B동: 24개 시퀀스 배치 예측 중...
2025-11-28 13:31:30,208 - app.models.predictor - INFO - 🔮 AI 모델 예측 시작 (FactoryB)...
2025-11-28 13:31:31,010 - app.models.predictor - INFO - ✅ 예측 완료: (24, 24, 1), 처리시간: 0.80초
2025-11-28 13:31:31,010 - app.core.prediction_pipeline - INFO -    예측 완료: (24, 24, 1)
2025-11-28 13:31:31,011 - app.core.prediction_pipeline - INFO -    ✅ B동 예측 데이터 준비 완료: 24개 시퀀스
2025-11-28 13:31:31,011 - app.core.prediction_pipeline - INFO - 🔮 C동: 24개 시퀀스 배치 예측 중...
2025-11-28 13:31:31,011 - app.models.predictor - INFO - 🔮 AI 모델 예측 시작 (FactoryC)...
2025-11-28 13:31:31,685 - app.models.predictor - INFO - ✅ 예측 완료: (24, 24, 1), 처리시간: 0.67초
2025-11-28 13:31:31,686 - app.core.prediction_pipeline - INFO -    예측 완료: (24, 24, 1)
2025-11-28 13:31:31,686 - app.core.prediction_pipeline - INFO -    ✅ C동 예측 데이터 준비 완료: 24개 시퀀스
2025-11-28 13:31:31,686 - app.core.prediction_pipeline - INFO - 🔮 _Total동: 24개 시퀀스 배치 예측 중...
2025-11-28 13:31:31,686 - app.models.predictor - INFO - 🔮 AI 모델 예측 시작 (Factory_Total)...
2025-11-28 13:31:32,357 - app.models.predictor - INFO - ✅ 예측 완료: (24, 24, 1), 처리시간: 0.67초
2025-11-28 13:31:32,357 - app.core.prediction_pipeline - INFO -    예측 완료: (24, 24, 1)
2025-11-28 13:31:32,357 - app.core.prediction_pipeline - INFO -    ✅ _Total동 예측 데이터 준비 완료: 24개 시퀀스
2025-11-28 13:31:32,357 - app.core.prediction_pipeline - INFO - 🔄 앙상블 평균 시작...
2025-11-28 13:31:32,359 - app.core.postprocess - INFO - 🔄 앙상블 평균 시작: 2025-11-08 23:00:00 ~ 2025-11-09 22:00:00
2025-11-28 13:31:32,359 - app.core.postprocess - INFO -    A동: 24개 시퀀스, shape=(24, 24)
2025-11-28 13:31:32,359 - app.core.postprocess - INFO -    역정규화 완료: (24, 24)
2025-11-28 13:31:32,383 - app.core.postprocess - INFO - ✅ A동 앙상블 완료: 24개 시간대, 평균 48.21
2025-11-28 13:31:32,383 - app.core.postprocess - INFO -    B동: 24개 시퀀스, shape=(24, 24)
2025-11-28 13:31:32,384 - app.core.postprocess - INFO -    역정규화 완료: (24, 24)
2025-11-28 13:31:32,406 - app.core.postprocess - INFO - ✅ B동 앙상블 완료: 24개 시간대, 평균 17.45
2025-11-28 13:31:32,406 - app.core.postprocess - INFO -    C동: 24개 시퀀스, shape=(24, 24)
2025-11-28 13:31:32,406 - app.core.postprocess - INFO -    역정규화 완료: (24, 24)
2025-11-28 13:31:32,429 - app.core.postprocess - INFO - ✅ C동 앙상블 완료: 24개 시간대, 평균 15.99
2025-11-28 13:31:32,429 - app.core.postprocess - INFO -    Total동: 24개 시퀀스, shape=(24, 24)
2025-11-28 13:31:32,429 - app.core.postprocess - INFO -    역정규화 완료: (24, 24)
2025-11-28 13:31:32,453 - app.core.postprocess - INFO - ✅ Total동 앙상블 완료: 24개 시간대, 평균 77.66
2025-11-28 13:31:32,453 - app.core.postprocess - INFO - ✅ 앙상블 평균 완료
2025-11-28 13:31:32,453 - app.core.prediction_pipeline - INFO - ✅ 4개 공장, 앙상블 예측 완료
2025-11-28 13:31:32,453 - app.core.prediction_pipeline - INFO - 💾 예측 결과 데이터베이스 저장 시작...
2025-11-28 13:31:32,454 - app.core.db_saver - INFO - 💾 시간별 예측 결과 저장 시작...
2025-11-28 13:31:32,455 - app.core.db_saver - INFO - 📊 저장 테이블: tb_solar_hour
2025-11-28 13:31:32,455 - app.core.db_saver - INFO - 📊 ID 매핑: {'FactoryA': 1, 'A': 1, 'FactoryB': 13, 'B': 13, 'FactoryC': 16, 'C': 16, 'Factory_Total': 1, '_Total': 1}
2025-11-28 13:31:32,455 - app.core.db_saver - INFO - 📊 등록 시간 (reg_dt): 2025-11-28 13:31:32.455253
2025-11-28 13:31:32,455 - app.core.db_saver - INFO - 📊 A 데이터: 시간 24개, 예측값 24개
2025-11-28 13:31:32,462 - app.core.db_saver - INFO - 📊 레코드 생성 완료: 24건 (ID=1)
2025-11-28 13:31:32,587 - app.core.db_saver - INFO - ✅ A: 24건 UPSERT 완료 (ID=1)
2025-11-28 13:31:32,587 - app.core.db_saver - INFO - 📊 B 데이터: 시간 24개, 예측값 24개
2025-11-28 13:31:32,595 - app.core.db_saver - INFO - 📊 레코드 생성 완료: 24건 (ID=13)
2025-11-28 13:31:32,712 - app.core.db_saver - INFO - ✅ B: 24건 UPSERT 완료 (ID=13)
2025-11-28 13:31:32,712 - app.core.db_saver - INFO - 📊 C 데이터: 시간 24개, 예측값 24개
2025-11-28 13:31:32,720 - app.core.db_saver - INFO - 📊 레코드 생성 완료: 24건 (ID=16)
2025-11-28 13:31:32,836 - app.core.db_saver - INFO - ✅ C: 24건 UPSERT 완료 (ID=16)
2025-11-28 13:31:32,836 - app.core.db_saver - WARNING - ⚠️ Total은 ID 매핑에 없습니다. 건너뜁니다.
2025-11-28 13:31:32,836 - app.core.db_saver - INFO - 📊 시간별 전체 저장 완료: 72건 (공장별: {'A': 24, 'B': 24, 'C': 24})
2025-11-28 13:31:32,836 - app.core.prediction_pipeline - INFO - ✅ 시간별 데이터 저장 완료: {'A': 24, 'B': 24, 'C': 24}
2025-11-28 13:31:32,836 - app.core.prediction_pipeline - INFO - 💾 일간 합계 tb_solar_day 저장 시작...
2025-11-28 13:31:32,836 - app.core.db_saver - INFO - 📊 일간 합계 저장 시작 (Factory_Total만 저장)...
2025-11-28 13:31:32,836 - app.core.db_saver - INFO - 📊 저장 테이블: tb_solar_day
2025-11-28 13:31:32,837 - app.core.db_saver - INFO - 📊 기준 날짜: 2025-11-09 00:00:00
2025-11-28 13:31:32,837 - app.core.db_saver - INFO - 📊 등록 시간 (reg_dt): 2025-11-28 13:31:32.837783
2025-11-28 13:31:32,837 - app.core.db_saver - INFO - 📊 Factory_Total 합계: 1863.7414
2025-11-28 13:31:32,837 - app.core.db_saver - INFO - 📊 레코드 생성: ID=1, ymdhms=2025-11-09 00:00:00, YEAR=2025, forecast_quantity=1863.7414, reg_dt=2025-11-28 13:31:32.837783
2025-11-28 13:31:32,952 - app.core.db_saver - INFO - ✅ Factory_Total 일간 합계 저장 완료: 1건 @ 2025-11-09 00:00:00 | reg_dt: 2025-11-28 13:31:32.837783
2025-11-28 13:31:32,952 - app.core.prediction_pipeline - INFO - ✅ 일간 합계 저장 완료: {'Factory_Total': 1863.7414}
2025-11-28 13:31:32,954 - app.core.prediction_pipeline - INFO - ✅ 앙상블 태양광 발전량 예측 완료
2025-11-28 13:31:32,954 - __main__ - INFO - ✅ 예측 실행 성공!
2025-11-28 13:31:32,954 - __main__ - INFO - 📊 예측 날짜: 2025-11-08 00:00:00
2025-11-28 13:31:32,955 - __main__ - INFO - 📊 예측 범위: 2025-11-08 23:00:00 ~ 2025-11-09 22:00:00
2025-11-28 13:31:32,955 - __main__ - INFO - 💾 시간별 데이터 저장: 72건
2025-11-28 13:31:32,955 - __main__ - INFO -    - A: 24건
2025-11-28 13:31:32,955 - __main__ - INFO -    - B: 24건
2025-11-28 13:31:32,955 - __main__ - INFO -    - C: 24건
2025-11-28 13:31:32,955 - __main__ - INFO - 💾 일간 합계 저장:
2025-11-28 13:31:32,955 - __main__ - INFO -    - Factory_Total: 1863.74
2025-11-28 13:31:32,955 - __main__ - INFO - ================================================================================
2025-11-28 13:31:32,955 - __main__ - INFO - 🎉 예측 완료 및 데이터베이스 저장 성공!
2025-11-28 13:31:32,956 - __main__ - INFO - ================================================================================
2025-11-28 13:31:32,956 - __main__ - INFO - ================================================================================
2025-11-28 13:31:32,956 - __main__ - INFO - Solar Prediction Scheduler Completed Successfully
2025-11-28 13:31:32,956 - __main__ - INFO - ================================================================================
2025-11-28 13:37:01,420 - __main__ - INFO - ================================================================================
2025-11-28 13:37:01,420 - __main__ - INFO - Solar Prediction Scheduler Started
2025-11-28 13:37:01,420 - __main__ - INFO - Execution Time: 2025-11-28 13:37:01
2025-11-28 13:37:01,420 - __main__ - INFO - ================================================================================
2025-11-28 13:37:01,428 - __main__ - INFO - ================================================================================
2025-11-28 13:37:01,429 - __main__ - INFO - 🌞 태양광 예측 자동 실행 시작 (동기식)
2025-11-28 13:37:01,429 - __main__ - INFO - 📅 실행 시간: 2025-11-28 13:37:01
2025-11-28 13:37:01,429 - __main__ - INFO - 📅 날짜 소스: 자동 생성
2025-11-28 13:37:01,429 - __main__ - INFO - 📅 오늘 날짜 자동 사용
2025-11-28 13:37:01,429 - __main__ - INFO - ================================================================================
2025-11-28 13:37:02,004 - __main__ - INFO - 🔮 예측 로직 실행 중...
2025-11-28 13:37:02,033 - app.core.prediction_pipeline - INFO - 📅 오늘 날짜 자동 설정 (KST): 2025-11-28
2025-11-28 13:37:02,033 - app.core.prediction_pipeline - INFO - 🌞 앙상블 태양광 발전량 예측 시작: 2025-11-28
2025-11-28 13:37:02,220 - app.core.config - WARNING - config7.json not found at C:\Users\Administrator\Desktop\api\AI_scripts\solar_api\app\core\weights\config7.json. Using default values.
2025-11-28 13:37:02,223 - app.core.config - WARNING - config7.json not found at C:\Users\Administrator\Desktop\api\AI_scripts\solar_api\app\core\weights\config7.json. Using default values.
2025-11-28 13:37:05,650 - matplotlib.font_manager - INFO - generated new fontManager
2025-11-28 13:37:07,101 - app.core.prediction_pipeline - INFO - 📅 날짜 객체 생성 완료: 2025-11-28 00:00:00
2025-11-28 13:37:07,101 - app.core.prediction_pipeline - INFO - 🎯 목표 시간대(미래 24h): 2025-11-28 23:00:00 ~ 2025-11-29 22:00:00
2025-11-28 13:37:07,102 - app.core.prediction_pipeline - INFO - 🔎 조회 범위 계산 | Solar: 2025-11-21 00:00:00 ~ 2025-11-28 22:00:00 , Weather: 2025-11-28 00:00:00 ~ 2025-11-29 22:00:00
2025-11-28 13:37:07,102 - app.core.database - INFO - 🔍 Solar SQL 조회 범위: 2025-11-21 00:00:00 ~ 2025-11-28 22:00:00
2025-11-28 13:37:07,102 - app.core.database - INFO - 🔍 Weather SQL 조회 범위: 2025-11-28 00:00:00 ~ 2025-11-29 22:00:00
2025-11-28 13:37:07,460 - app.core.database - INFO - 📊 앙상블용 태양광 데이터 조회: 2934건
2025-11-28 13:37:07,462 - app.core.database - INFO -    시간 범위: 2025-11-21 00:00:00 ~ 2025-11-27 18:00:00
2025-11-28 13:37:07,464 - app.core.database - INFO -    🔍 Solar 데이터 NaN 체크: 0개
2025-11-28 13:37:07,477 - app.core.database - INFO -    ✅ Solar 시간 연속성 OK: 163시간 연속
2025-11-28 13:37:07,485 - app.core.database - INFO - 🔍 예상 Weather 조회 범위: 2025-11-28 00:00:00 ~ 2025-11-29 22:00:00 (총 47개 시간대)
2025-11-28 13:37:07,520 - app.core.database - INFO - 📊 앙상블용 기상 데이터 조회: 47건
2025-11-28 13:37:07,523 - app.core.database - INFO -    🔍 Weather 데이터 NaN 체크: 184개
2025-11-28 13:37:07,524 - app.core.database - INFO -    시간 범위: 2025-11-28 00:00:00 ~ 2025-11-29 22:00:00
2025-11-28 13:37:07,525 - app.core.database - INFO -    📊 조회된 데이터 개수: 47개 (기대: 47개)
2025-11-28 13:37:07,526 - app.core.database - INFO -    📊 조회된 시간대 샘플 (처음 3개):
2025-11-28 13:37:07,527 - app.core.database - INFO -       [0] 2025-11-28 00:00:00
2025-11-28 13:37:07,528 - app.core.database - INFO -       [1] 2025-11-28 01:00:00
2025-11-28 13:37:07,528 - app.core.database - INFO -       [2] 2025-11-28 02:00:00
2025-11-28 13:37:07,531 - app.core.database - INFO -    ✅ Weather 시간 연속성 OK: 47시간 (기대: 47시간)
2025-11-28 13:37:07,532 - app.core.prediction_pipeline - INFO - ✅ 데이터 조회 완료 - 태양광: 2934건, 기상: 47건
2025-11-28 13:37:07,533 - app.core.preprocess - INFO - 🔍 공장 A 스케일러 경로: C:\Users\Administrator\Desktop\api\AI_scripts\solar_api\app\weights\model9\A_solar_scaler_e500_b8_p100.pkl
2025-11-28 13:37:07,552 - app.core.preprocess - INFO - ✅ 공장 A 태양광 스케일러 로드 완료
2025-11-28 13:37:07,552 - app.core.preprocess - INFO - 🔍 공장 B 스케일러 경로: C:\Users\Administrator\Desktop\api\AI_scripts\solar_api\app\weights\model9\B_solar_scaler_e500_b8_p100.pkl
2025-11-28 13:37:07,554 - app.core.preprocess - INFO - ✅ 공장 B 태양광 스케일러 로드 완료
2025-11-28 13:37:07,554 - app.core.preprocess - INFO - 🔍 공장 C 스케일러 경로: C:\Users\Administrator\Desktop\api\AI_scripts\solar_api\app\weights\model9\C_solar_scaler_e500_b8_p100.pkl
2025-11-28 13:37:07,557 - app.core.preprocess - INFO - ✅ 공장 C 태양광 스케일러 로드 완료
2025-11-28 13:37:07,557 - app.core.preprocess - INFO - 🔍 공장 Total 스케일러 경로: C:\Users\Administrator\Desktop\api\AI_scripts\solar_api\app\weights\model9\T_solar_scaler_e500_b8_p100.pkl
2025-11-28 13:37:07,558 - app.core.preprocess - INFO - ✅ 공장 Total 태양광 스케일러 로드 완료
2025-11-28 13:37:07,559 - app.core.preprocess - INFO - 🔍 기상 스케일러 경로: C:\Users\Administrator\Desktop\api\AI_scripts\solar_api\app\weights\model9\T_weather_scaler_e500_b8_p100.pkl
2025-11-28 13:37:07,562 - app.core.preprocess - INFO - ✅ 기상 스케일러 로드 완료
2025-11-28 13:37:07,562 - app.core.preprocess - INFO - 📊 Scaler에서 추출한 Solar features: ['generate_gap', 'PV_Amp']
2025-11-28 13:37:07,563 - app.core.preprocess - INFO - 📊 Scaler에서 추출한 Weather features: ['summer_peak', 'hour_cos', 'peak_hours', '1시간기온', '강수확률', '습도', '풍속', '하늘상태', 'apparent_elevation', 'is_daylight', 'morning_hours', 'evening_hours']
2025-11-28 13:37:07,581 - app.core.preprocess - INFO - 숫자형 컬럼 데이터 타입 변환 완료: ['generate_gap', 'PV_Amp']
2025-11-28 13:37:07,598 - app.core.preprocess - INFO - 🏭 ID별 공장 분류 결과:
2025-11-28 13:37:07,599 - app.core.preprocess - INFO -   A공장 (ID 1-12): 1956건, 고유 ID: [np.int64(1), np.int64(2), np.int64(3), np.int64(4), np.int64(5), np.int64(6), np.int64(7), np.int64(8), np.int64(9), np.int64(10), np.int64(11), np.int64(12)]
2025-11-28 13:37:07,600 - app.core.preprocess - INFO -   B공장 (ID 13-15): 489건, 고유 ID: [np.int64(13), np.int64(14), np.int64(15)]
2025-11-28 13:37:07,601 - app.core.preprocess - INFO -   C공장 (ID 16-18): 489건, 고유 ID: [np.int64(16), np.int64(17), np.int64(18)]
2025-11-28 13:37:07,602 - app.core.preprocess - INFO -   공장 전체 : 2934건, 고유 ID: [np.int64(1), np.int64(2), np.int64(3), np.int64(4), np.int64(5), np.int64(6), np.int64(7), np.int64(8), np.int64(9), np.int64(10), np.int64(11), np.int64(12), np.int64(13), np.int64(14), np.int64(15), np.int64(16), np.int64(17), np.int64(18)]
2025-11-28 13:37:07,606 - app.core.preprocess - INFO - 📊 집계 전 데이터: 1956건, 시간 범위: 2025-11-21 00:00:00 ~ 2025-11-27 18:00:00
2025-11-28 13:37:07,607 - app.core.preprocess - INFO - 📊 실제 집계할 컬럼: ['PV_Volt', 'PV_Amp', 'Volt_R', 'Volt_S', 'Volt_T', 'Ampe_R', 'Ampe_S', 'Ampe_T', 'Frequency', 'Today_Generation', 'generate_gap', 'Accum_Generation']
2025-11-28 13:37:07,612 - app.core.preprocess - INFO - 📊 집계 후 데이터: 163건
2025-11-28 13:37:07,617 - app.core.preprocess - INFO - 📊 집계 전 데이터: 489건, 시간 범위: 2025-11-21 00:00:00 ~ 2025-11-27 18:00:00
2025-11-28 13:37:07,617 - app.core.preprocess - INFO - 📊 실제 집계할 컬럼: ['PV_Volt', 'PV_Amp', 'Volt_R', 'Volt_S', 'Volt_T', 'Ampe_R', 'Ampe_S', 'Ampe_T', 'Frequency', 'Today_Generation', 'generate_gap', 'Accum_Generation']
2025-11-28 13:37:07,626 - app.core.preprocess - INFO - 📊 집계 후 데이터: 163건
2025-11-28 13:37:07,630 - app.core.preprocess - INFO - 📊 집계 전 데이터: 489건, 시간 범위: 2025-11-21 00:00:00 ~ 2025-11-27 18:00:00
2025-11-28 13:37:07,630 - app.core.preprocess - INFO - 📊 실제 집계할 컬럼: ['PV_Volt', 'PV_Amp', 'Volt_R', 'Volt_S', 'Volt_T', 'Ampe_R', 'Ampe_S', 'Ampe_T', 'Frequency', 'Today_Generation', 'generate_gap', 'Accum_Generation']
2025-11-28 13:37:07,635 - app.core.preprocess - INFO - 📊 집계 후 데이터: 163건
2025-11-28 13:37:07,636 - app.core.preprocess - INFO - 🏭 Factory_Total 데이터 처리 시작...
2025-11-28 13:37:07,637 - app.core.preprocess - INFO -    📊 Factory_Total 원본 데이터: 2934건
2025-11-28 13:37:07,637 - app.core.preprocess - INFO -    📈 Factory_Total ID 범위: 1 ~ 18
2025-11-28 13:37:07,638 - app.core.preprocess - INFO -    ⏰ Factory_Total 시간 범위: 2025-11-21 00:00:00 ~ 2025-11-27 18:00:00
2025-11-28 13:37:07,640 - app.core.preprocess - INFO -    ✅ generate_gap: min=0.0000, max=52.0000, mean=9.5719, count=2934
2025-11-28 13:37:07,641 - app.core.preprocess - INFO -    ✅ PV_Amp: min=0.0000, max=88.8330, mean=17.1597, count=2934
2025-11-28 13:37:07,649 - app.core.preprocess - INFO - 📊 집계 전 데이터: 2934건, 시간 범위: 2025-11-21 00:00:00 ~ 2025-11-27 18:00:00
2025-11-28 13:37:07,650 - app.core.preprocess - INFO - 📊 실제 집계할 컬럼: ['PV_Volt', 'PV_Amp', 'Volt_R', 'Volt_S', 'Volt_T', 'Ampe_R', 'Ampe_S', 'Ampe_T', 'Frequency', 'Today_Generation', 'generate_gap', 'Accum_Generation']
2025-11-28 13:37:07,655 - app.core.preprocess - INFO - 📊 집계 후 데이터: 163건
2025-11-28 13:37:07,656 - app.core.preprocess - INFO - 공장별 집계 완료
2025-11-28 13:37:07,661 - app.core.preprocess - INFO - 태양광 데이터 품질 체크 완료 - 총 2934건, 결측치 비율: 0.00%
2025-11-28 13:37:07,661 - app.core.preprocess - INFO - A 공장 전처리 완료: 163건
2025-11-28 13:37:07,662 - app.core.preprocess - INFO - B 공장 전처리 완료: 163건
2025-11-28 13:37:07,662 - app.core.preprocess - INFO - C 공장 전처리 완료: 163건
2025-11-28 13:37:07,662 - app.core.preprocess - INFO - 전체체 공장 전처리 완료: 163건
2025-11-28 13:37:07,675 - app.core.preprocess - INFO - 기상 데이터 숫자형 컬럼 타입 변환 완료: ['tmp', 'wsd', 'sky', 'reh', 'apparent_elevation', 'pop']
2025-11-28 13:37:07,681 - app.core.preprocess - INFO - 컬럼명 매핑 완료: ['tmp', 'pop', 'reh', 'wsd', 'sky', 'pty', 'pcp', 'sno', 'tmn', 'tmx', 'uuu', 'vvv', 'wav', 'vec'] → ['1시간기온', '강수확률', '습도', '풍속', '하늘상태', '강수형태', '1시간강수량', '1시간신적설', '일최저기온', '일최고기온', '동서바람성분', '남북바람성분', '파고', '풍향']
2025-11-28 13:37:07,696 - app.core.preprocess - INFO - 📊 전처리된 기상 데이터 샘플 (처음 5개):
2025-11-28 13:37:07,697 - app.core.preprocess - INFO - 기상 데이터 전처리 완료: 47건
2025-11-28 13:37:07,697 - app.core.preprocess - INFO - 기상 데이터 전처리 완료: (47, 49)
2025-11-28 13:37:07,697 - app.core.preprocess - INFO - 전처리 후 컬럼: ['tm', 'pop', 'pty', 'pcp', 'reh', 'sno', 'sky', 'tmp', 'tmn', 'tmx', 'uuu', 'vvv', 'wav', 'vec', 'wsd', 'ics', 'apparent_zenith', 'apparent_elevation', 'azimuth', 'reg_dt', '1시간기온', '강수확률', '습도', '풍속', '하늘상태', '강수형태', '1시간강수량', '1시간신적설', '일최저기온', '일최고기온', '동서바람성분', '남북바람성분', '파고', '풍향', 'hour', 'day_of_week', 'month', 'is_weekend', 'hour_sin', 'hour_cos', 'day_sin', 'day_cos', 'month_sin', 'month_cos', 'is_daylight', 'peak_hours', 'morning_hours', 'evening_hours', 'summer_peak']
2025-11-28 13:37:07,698 - app.core.prediction_pipeline - INFO - 🏭 FactoryA 시퀀스 생성 중...
2025-11-28 13:37:07,701 - app.core.preprocess - INFO - 🔍 개별 시퀀스 생성 시작
2025-11-28 13:37:07,704 - app.core.preprocess - INFO -    Solar 데이터: 163건, features: ['generate_gap', 'PV_Amp']
2025-11-28 13:37:07,705 - app.core.preprocess - INFO -    Solar 범위: 2025-11-21 00:00:00 ~ 2025-11-27 18:00:00
2025-11-28 13:37:07,706 - app.core.preprocess - INFO -    📊 generate_gap: min=0.0000, max=523.0000, mean=114.0736
2025-11-28 13:37:07,706 - app.core.preprocess - INFO -    📊 PV_Amp: min=0.0000, max=81.6458, mean=17.4503
2025-11-28 13:37:07,707 - app.core.preprocess - INFO -    Scaler에서 추출한 Weather features 사용: ['summer_peak', 'hour_cos', 'peak_hours', '1시간기온', '강수확률', '습도', '풍속', '하늘상태', 'apparent_elevation', 'is_daylight', 'morning_hours', 'evening_hours']
2025-11-28 13:37:07,709 - app.core.preprocess - INFO -    Weather DataFrame columns: ['summer_peak', 'hour_cos', 'peak_hours', '1시간기온', '강수확률', '습도', '풍속', '하늘상태', 'apparent_elevation', 'is_daylight', 'morning_hours', 'evening_hours']
2025-11-28 13:37:07,709 - app.core.preprocess - INFO -    Scaler feature names: ['summer_peak', 'hour_cos', 'peak_hours', '1시간기온', '강수확률', '습도', '풍속', '하늘상태', 'apparent_elevation', 'is_daylight', 'morning_hours', 'evening_hours']
2025-11-28 13:37:07,711 - app.core.preprocess - INFO -    Scaler 순서에 맞춰 정렬된 X_weather columns: ['summer_peak', 'hour_cos', 'peak_hours', '1시간기온', '강수확률', '습도', '풍속', '하늘상태', 'apparent_elevation', 'is_daylight', 'morning_hours', 'evening_hours']
2025-11-28 13:37:07,713 - app.core.preprocess - INFO -    Weather 데이터: 47건, features: ['summer_peak', 'hour_cos', 'peak_hours', '1시간기온', '강수확률', '습도', '풍속', '하늘상태', 'apparent_elevation', 'is_daylight', 'morning_hours', 'evening_hours']
2025-11-28 13:37:07,714 - app.core.preprocess - INFO -    Weather 범위: 2025-11-28 00:00:00 ~ 2025-11-29 22:00:00
2025-11-28 13:37:07,715 - app.core.preprocess - INFO -    Solar 최대 시퀀스: -4개
2025-11-28 13:37:07,715 - app.core.preprocess - INFO -    Weather 최대 시퀀스: 24개
2025-11-28 13:37:07,715 - app.core.preprocess - INFO -    생성 가능 시퀀스: -4개
2025-11-28 13:37:07,716 - app.core.preprocess - ERROR -    ❌ 시퀀스 생성 불가!
2025-11-28 13:37:07,716 - app.core.prediction_pipeline - INFO -    ✅ 0개 시퀀스 생성
2025-11-28 13:37:07,717 - app.core.prediction_pipeline - INFO - 🏭 FactoryB 시퀀스 생성 중...
2025-11-28 13:37:07,719 - app.core.preprocess - INFO - 🔍 개별 시퀀스 생성 시작
2025-11-28 13:37:07,722 - app.core.preprocess - INFO -    Solar 데이터: 163건, features: ['generate_gap', 'PV_Amp']
2025-11-28 13:37:07,722 - app.core.preprocess - INFO -    Solar 범위: 2025-11-21 00:00:00 ~ 2025-11-27 18:00:00
2025-11-28 13:37:07,723 - app.core.preprocess - INFO -    📊 generate_gap: min=0.0000, max=129.0000, mean=29.4601
2025-11-28 13:37:07,724 - app.core.preprocess - INFO -    📊 PV_Amp: min=0.0000, max=75.3057, mean=16.4083
2025-11-28 13:37:07,724 - app.core.preprocess - INFO -    Scaler에서 추출한 Weather features 사용: ['summer_peak', 'hour_cos', 'peak_hours', '1시간기온', '강수확률', '습도', '풍속', '하늘상태', 'apparent_elevation', 'is_daylight', 'morning_hours', 'evening_hours']
2025-11-28 13:37:07,725 - app.core.preprocess - INFO -    Weather DataFrame columns: ['summer_peak', 'hour_cos', 'peak_hours', '1시간기온', '강수확률', '습도', '풍속', '하늘상태', 'apparent_elevation', 'is_daylight', 'morning_hours', 'evening_hours']
2025-11-28 13:37:07,725 - app.core.preprocess - INFO -    Scaler feature names: ['summer_peak', 'hour_cos', 'peak_hours', '1시간기온', '강수확률', '습도', '풍속', '하늘상태', 'apparent_elevation', 'is_daylight', 'morning_hours', 'evening_hours']
2025-11-28 13:37:07,726 - app.core.preprocess - INFO -    Scaler 순서에 맞춰 정렬된 X_weather columns: ['summer_peak', 'hour_cos', 'peak_hours', '1시간기온', '강수확률', '습도', '풍속', '하늘상태', 'apparent_elevation', 'is_daylight', 'morning_hours', 'evening_hours']
2025-11-28 13:37:07,728 - app.core.preprocess - INFO -    Weather 데이터: 47건, features: ['summer_peak', 'hour_cos', 'peak_hours', '1시간기온', '강수확률', '습도', '풍속', '하늘상태', 'apparent_elevation', 'is_daylight', 'morning_hours', 'evening_hours']
2025-11-28 13:37:07,729 - app.core.preprocess - INFO -    Weather 범위: 2025-11-28 00:00:00 ~ 2025-11-29 22:00:00
2025-11-28 13:37:07,729 - app.core.preprocess - INFO -    Solar 최대 시퀀스: -4개
2025-11-28 13:37:07,729 - app.core.preprocess - INFO -    Weather 최대 시퀀스: 24개
2025-11-28 13:37:07,730 - app.core.preprocess - INFO -    생성 가능 시퀀스: -4개
2025-11-28 13:37:07,730 - app.core.preprocess - ERROR -    ❌ 시퀀스 생성 불가!
2025-11-28 13:37:07,730 - app.core.prediction_pipeline - INFO -    ✅ 0개 시퀀스 생성
2025-11-28 13:37:07,731 - app.core.prediction_pipeline - INFO - 🏭 FactoryC 시퀀스 생성 중...
2025-11-28 13:37:07,732 - app.core.preprocess - INFO - 🔍 개별 시퀀스 생성 시작
2025-11-28 13:37:07,734 - app.core.preprocess - INFO -    Solar 데이터: 163건, features: ['generate_gap', 'PV_Amp']
2025-11-28 13:37:07,735 - app.core.preprocess - INFO -    Solar 범위: 2025-11-21 00:00:00 ~ 2025-11-27 18:00:00
2025-11-28 13:37:07,736 - app.core.preprocess - INFO -    📊 generate_gap: min=0.0000, max=131.0000, mean=28.7607
2025-11-28 13:37:07,737 - app.core.preprocess - INFO -    📊 PV_Amp: min=0.0000, max=75.5000, mean=16.7486
2025-11-28 13:37:07,737 - app.core.preprocess - INFO -    Scaler에서 추출한 Weather features 사용: ['summer_peak', 'hour_cos', 'peak_hours', '1시간기온', '강수확률', '습도', '풍속', '하늘상태', 'apparent_elevation', 'is_daylight', 'morning_hours', 'evening_hours']
2025-11-28 13:37:07,738 - app.core.preprocess - INFO -    Weather DataFrame columns: ['summer_peak', 'hour_cos', 'peak_hours', '1시간기온', '강수확률', '습도', '풍속', '하늘상태', 'apparent_elevation', 'is_daylight', 'morning_hours', 'evening_hours']
2025-11-28 13:37:07,739 - app.core.preprocess - INFO -    Scaler feature names: ['summer_peak', 'hour_cos', 'peak_hours', '1시간기온', '강수확률', '습도', '풍속', '하늘상태', 'apparent_elevation', 'is_daylight', 'morning_hours', 'evening_hours']
2025-11-28 13:37:07,739 - app.core.preprocess - INFO -    Scaler 순서에 맞춰 정렬된 X_weather columns: ['summer_peak', 'hour_cos', 'peak_hours', '1시간기온', '강수확률', '습도', '풍속', '하늘상태', 'apparent_elevation', 'is_daylight', 'morning_hours', 'evening_hours']
2025-11-28 13:37:07,741 - app.core.preprocess - INFO -    Weather 데이터: 47건, features: ['summer_peak', 'hour_cos', 'peak_hours', '1시간기온', '강수확률', '습도', '풍속', '하늘상태', 'apparent_elevation', 'is_daylight', 'morning_hours', 'evening_hours']
2025-11-28 13:37:07,742 - app.core.preprocess - INFO -    Weather 범위: 2025-11-28 00:00:00 ~ 2025-11-29 22:00:00
2025-11-28 13:37:07,742 - app.core.preprocess - INFO -    Solar 최대 시퀀스: -4개
2025-11-28 13:37:07,743 - app.core.preprocess - INFO -    Weather 최대 시퀀스: 24개
2025-11-28 13:37:07,743 - app.core.preprocess - INFO -    생성 가능 시퀀스: -4개
2025-11-28 13:37:07,743 - app.core.preprocess - ERROR -    ❌ 시퀀스 생성 불가!
2025-11-28 13:37:07,744 - app.core.prediction_pipeline - INFO -    ✅ 0개 시퀀스 생성
2025-11-28 13:37:07,744 - app.core.prediction_pipeline - INFO - 🏭 Factory_Total 시퀀스 생성 중...
2025-11-28 13:37:07,746 - app.core.preprocess - INFO - 🔍 개별 시퀀스 생성 시작
2025-11-28 13:37:07,750 - app.core.preprocess - INFO -    Solar 데이터: 163건, features: ['generate_gap', 'PV_Amp']
2025-11-28 13:37:07,752 - app.core.preprocess - INFO -    Solar 범위: 2025-11-21 00:00:00 ~ 2025-11-27 18:00:00
2025-11-28 13:37:07,753 - app.core.preprocess - INFO -    📊 generate_gap: min=0.0000, max=769.0000, mean=172.2945
2025-11-28 13:37:07,753 - app.core.preprocess - INFO -    📊 PV_Amp: min=0.0000, max=79.3935, mean=17.1597
2025-11-28 13:37:07,753 - app.core.preprocess - INFO -    Scaler에서 추출한 Weather features 사용: ['summer_peak', 'hour_cos', 'peak_hours', '1시간기온', '강수확률', '습도', '풍속', '하늘상태', 'apparent_elevation', 'is_daylight', 'morning_hours', 'evening_hours']
2025-11-28 13:37:07,754 - app.core.preprocess - INFO -    Weather DataFrame columns: ['summer_peak', 'hour_cos', 'peak_hours', '1시간기온', '강수확률', '습도', '풍속', '하늘상태', 'apparent_elevation', 'is_daylight', 'morning_hours', 'evening_hours']
2025-11-28 13:37:07,755 - app.core.preprocess - INFO -    Scaler feature names: ['summer_peak', 'hour_cos', 'peak_hours', '1시간기온', '강수확률', '습도', '풍속', '하늘상태', 'apparent_elevation', 'is_daylight', 'morning_hours', 'evening_hours']
2025-11-28 13:37:07,756 - app.core.preprocess - INFO -    Scaler 순서에 맞춰 정렬된 X_weather columns: ['summer_peak', 'hour_cos', 'peak_hours', '1시간기온', '강수확률', '습도', '풍속', '하늘상태', 'apparent_elevation', 'is_daylight', 'morning_hours', 'evening_hours']
2025-11-28 13:37:07,757 - app.core.preprocess - INFO -    Weather 데이터: 47건, features: ['summer_peak', 'hour_cos', 'peak_hours', '1시간기온', '강수확률', '습도', '풍속', '하늘상태', 'apparent_elevation', 'is_daylight', 'morning_hours', 'evening_hours']
2025-11-28 13:37:07,758 - app.core.preprocess - INFO -    Weather 범위: 2025-11-28 00:00:00 ~ 2025-11-29 22:00:00
2025-11-28 13:37:07,758 - app.core.preprocess - INFO -    Solar 최대 시퀀스: -4개
2025-11-28 13:37:07,759 - app.core.preprocess - INFO -    Weather 최대 시퀀스: 24개
2025-11-28 13:37:07,759 - app.core.preprocess - INFO -    생성 가능 시퀀스: -4개
2025-11-28 13:37:07,759 - app.core.preprocess - ERROR -    ❌ 시퀀스 생성 불가!
2025-11-28 13:37:07,759 - app.core.prediction_pipeline - INFO -    ✅ 0개 시퀀스 생성
2025-11-28 13:37:07,760 - app.models.predictor - INFO - 예측 서비스 초기화 시작...
2025-11-28 13:37:09,930 - app.models.predictor - INFO - B공장 모델 로드 완료: C:\Users\Administrator\Desktop\api\AI_scripts\solar_api\app\weights\model9\B_multimodal_solar_model_e500_b8_p100.keras
2025-11-28 13:37:10,323 - app.models.predictor - INFO - 공장 전체 모델 로드 완료: C:\Users\Administrator\Desktop\api\AI_scripts\solar_api\app\weights\model9\T_multimodal_solar_model_e500_b8_p100.keras
2025-11-28 13:37:10,584 - app.models.predictor - INFO - A공장 모델 로드 완료: C:\Users\Administrator\Desktop\api\AI_scripts\solar_api\app\weights\model9\A_multimodal_solar_model_e500_b8_p100.keras
2025-11-28 13:37:10,624 - app.models.predictor - INFO - C공장 모델 로드 완료: C:\Users\Administrator\Desktop\api\AI_scripts\solar_api\app\weights\model9\C_multimodal_solar_model_e500_b8_p100.keras
2025-11-28 13:37:10,625 - app.models.predictor - INFO - ✅ 모든 공장 모델 로드 완료 (A, B, C, Total)
2025-11-28 13:37:10,626 - app.models.predictor - WARNING - 메타데이터 파일이 없어 기본값으로 설정했습니다. (찾는 경로: C:\Users\Administrator\Desktop\api\AI_scripts\solar_api\app\weights\model9\T_multimodal_solar_model_e500_b8_p100_v6_metadata.json)
2025-11-28 13:37:10,627 - app.models.predictor - INFO - ✅ 예측 서비스 초기화 완료
2025-11-28 13:37:10,628 - app.core.postprocess - INFO - 후처리기 초기화 시작...
2025-11-28 13:37:10,632 - app.core.postprocess - INFO - A동 출력 스케일러 로드 완료: C:\Users\Administrator\Desktop\api\AI_scripts\solar_api\app\weights\model9\A_target_scaler_e500_b8_p100.pkl
2025-11-28 13:37:10,634 - app.core.postprocess - INFO - B동 출력 스케일러 로드 완료: C:\Users\Administrator\Desktop\api\AI_scripts\solar_api\app\weights\model9\B_target_scaler_e500_b8_p100.pkl
2025-11-28 13:37:10,636 - app.core.postprocess - INFO - C동 출력 스케일러 로드 완료: C:\Users\Administrator\Desktop\api\AI_scripts\solar_api\app\weights\model9\C_target_scaler_e500_b8_p100.pkl
2025-11-28 13:37:10,639 - app.core.postprocess - INFO - 공장 전체 출력 스케일러 로드 완료: C:\Users\Administrator\Desktop\api\AI_scripts\solar_api\app\weights\model9\T_target_scaler_e500_b8_p100.pkl
2025-11-28 13:37:10,640 - app.core.postprocess - INFO - ✅ 후처리기 초기화 완료
2025-11-28 13:37:10,641 - app.core.prediction_pipeline - INFO - 🔮 A동: 0개 시퀀스 배치 예측 중...
2025-11-28 13:37:10,642 - app.models.predictor - INFO - 🔮 AI 모델 예측 시작 (FactoryA)...
2025-11-28 13:37:10,758 - app.models.predictor - ERROR - 예측 수행 실패: math domain error
2025-11-28 13:37:10,764 - app.core.prediction_pipeline - ERROR - [Pipeline] 예측 파이프라인 오류: 예측 수행 실패: math domain error
Traceback (most recent call last):
  File "C:\Users\Administrator\Desktop\api\AI_scripts\solar_api\app\models\predictor.py", line 172, in predict
    predictions = await self._predict_async(x_solar_feature, x_weather_feature, model)
                  ^^^^^^^^^^^^^^^^^^^^^^^^^^^^^^^^^^^^^^^^^^^^^^^^^^^^^^^^^^^^^^^^^^^^
  File "C:\Users\Administrator\Desktop\api\AI_scripts\solar_api\app\models\predictor.py", line 198, in _predict_async
    return await loop.run_in_executor(None, _predict)
           ^^^^^^^^^^^^^^^^^^^^^^^^^^^^^^^^^^^^^^^^^^
  File "C:\Users\Administrator\Desktop\api\solar_env\Lib\concurrent\futures\thread.py", line 58, in run
    result = self.fn(*self.args, **self.kwargs)
             ^^^^^^^^^^^^^^^^^^^^^^^^^^^^^^^^^^
  File "C:\Users\Administrator\Desktop\api\AI_scripts\solar_api\app\models\predictor.py", line 193, in _predict
    predictions = model.predict([X_solar, X_weather])
                  ^^^^^^^^^^^^^^^^^^^^^^^^^^^^^^^^^^^
  File "C:\Users\Administrator\Desktop\api\solar_env\Lib\site-packages\keras\src\utils\traceback_utils.py", line 122, in error_handler
    raise e.with_traceback(filtered_tb) from None
  File "C:\Users\Administrator\Desktop\api\solar_env\Lib\site-packages\keras\src\utils\progbar.py", line 122, in update
    numdigits = int(math.log10(self.target)) + 1
                    ^^^^^^^^^^^^^^^^^^^^^^^
ValueError: math domain error

During handling of the above exception, another exception occurred:

Traceback (most recent call last):
  File "C:\Users\Administrator\Desktop\api\AI_scripts\solar_api\app\core\prediction_pipeline.py", line 53, in run_solar_prediction_pipeline
    result = asyncio.run(_run_async_prediction(target_date_str, today, kst))
             ^^^^^^^^^^^^^^^^^^^^^^^^^^^^^^^^^^^^^^^^^^^^^^^^^^^^^^^^^^^^^^^
  File "C:\Users\Administrator\Desktop\api\solar_env\Lib\asyncio\runners.py", line 194, in run
    return runner.run(main)
           ^^^^^^^^^^^^^^^^
  File "C:\Users\Administrator\Desktop\api\solar_env\Lib\asyncio\runners.py", line 118, in run
    return self._loop.run_until_complete(task)
           ^^^^^^^^^^^^^^^^^^^^^^^^^^^^^^^^^^^
  File "C:\Users\Administrator\Desktop\api\solar_env\Lib\asyncio\base_events.py", line 687, in run_until_complete
    return future.result()
           ^^^^^^^^^^^^^^^
  File "C:\Users\Administrator\Desktop\api\AI_scripts\solar_api\app\core\prediction_pipeline.py", line 197, in _run_async_prediction
    pred_result = await predictor.predict(X_solar_batch, X_weather_batch, factory_name=factory_name)
                  ^^^^^^^^^^^^^^^^^^^^^^^^^^^^^^^^^^^^^^^^^^^^^^^^^^^^^^^^^^^^^^^^^^^^^^^^^^^^^^^^^^
  File "C:\Users\Administrator\Desktop\api\AI_scripts\solar_api\app\models\predictor.py", line 187, in predict
    raise PredictionError(f"예측 수행 실패: {str(e)}")
app.core.exceptions.PredictionError: 예측 수행 실패: math domain error
2025-11-28 13:37:10,773 - __main__ - ERROR - ❌ 예상치 못한 오류 발생: 예측 수행 실패: math domain error
Traceback (most recent call last):
  File "C:\Users\Administrator\Desktop\api\AI_scripts\solar_api\app\models\predictor.py", line 172, in predict
    predictions = await self._predict_async(x_solar_feature, x_weather_feature, model)
                  ^^^^^^^^^^^^^^^^^^^^^^^^^^^^^^^^^^^^^^^^^^^^^^^^^^^^^^^^^^^^^^^^^^^^
  File "C:\Users\Administrator\Desktop\api\AI_scripts\solar_api\app\models\predictor.py", line 198, in _predict_async
    return await loop.run_in_executor(None, _predict)
           ^^^^^^^^^^^^^^^^^^^^^^^^^^^^^^^^^^^^^^^^^^
  File "C:\Users\Administrator\Desktop\api\solar_env\Lib\concurrent\futures\thread.py", line 58, in run
    result = self.fn(*self.args, **self.kwargs)
             ^^^^^^^^^^^^^^^^^^^^^^^^^^^^^^^^^^
  File "C:\Users\Administrator\Desktop\api\AI_scripts\solar_api\app\models\predictor.py", line 193, in _predict
    predictions = model.predict([X_solar, X_weather])
                  ^^^^^^^^^^^^^^^^^^^^^^^^^^^^^^^^^^^
  File "C:\Users\Administrator\Desktop\api\solar_env\Lib\site-packages\keras\src\utils\traceback_utils.py", line 122, in error_handler
    raise e.with_traceback(filtered_tb) from None
  File "C:\Users\Administrator\Desktop\api\solar_env\Lib\site-packages\keras\src\utils\progbar.py", line 122, in update
    numdigits = int(math.log10(self.target)) + 1
                    ^^^^^^^^^^^^^^^^^^^^^^^
ValueError: math domain error

During handling of the above exception, another exception occurred:

Traceback (most recent call last):
  File "C:\Users\Administrator\Desktop\api\AI_scripts\solar_api\schedule_solar_AI.py", line 81, in run_prediction
    result = run_solar_prediction_pipeline(target_date_str=target_date)
             ^^^^^^^^^^^^^^^^^^^^^^^^^^^^^^^^^^^^^^^^^^^^^^^^^^^^^^^^^^
  File "C:\Users\Administrator\Desktop\api\AI_scripts\solar_api\app\core\prediction_pipeline.py", line 53, in run_solar_prediction_pipeline
    result = asyncio.run(_run_async_prediction(target_date_str, today, kst))
             ^^^^^^^^^^^^^^^^^^^^^^^^^^^^^^^^^^^^^^^^^^^^^^^^^^^^^^^^^^^^^^^
  File "C:\Users\Administrator\Desktop\api\solar_env\Lib\asyncio\runners.py", line 194, in run
    return runner.run(main)
           ^^^^^^^^^^^^^^^^
  File "C:\Users\Administrator\Desktop\api\solar_env\Lib\asyncio\runners.py", line 118, in run
    return self._loop.run_until_complete(task)
           ^^^^^^^^^^^^^^^^^^^^^^^^^^^^^^^^^^^
  File "C:\Users\Administrator\Desktop\api\solar_env\Lib\asyncio\base_events.py", line 687, in run_until_complete
    return future.result()
           ^^^^^^^^^^^^^^^
  File "C:\Users\Administrator\Desktop\api\AI_scripts\solar_api\app\core\prediction_pipeline.py", line 197, in _run_async_prediction
    pred_result = await predictor.predict(X_solar_batch, X_weather_batch, factory_name=factory_name)
                  ^^^^^^^^^^^^^^^^^^^^^^^^^^^^^^^^^^^^^^^^^^^^^^^^^^^^^^^^^^^^^^^^^^^^^^^^^^^^^^^^^^
  File "C:\Users\Administrator\Desktop\api\AI_scripts\solar_api\app\models\predictor.py", line 187, in predict
    raise PredictionError(f"예측 수행 실패: {str(e)}")
app.core.exceptions.PredictionError: 예측 수행 실패: math domain error
2025-11-28 13:37:10,779 - __main__ - INFO - ================================================================================
2025-11-28 13:37:10,779 - __main__ - ERROR - ================================================================================
2025-11-28 13:37:10,780 - __main__ - ERROR - Solar Prediction Scheduler Failed
2025-11-28 13:37:10,781 - __main__ - ERROR - ================================================================================
